snapshot_utc,source,source_url,source_id,project_name,developer,city,district,rooms,min_area_sqm,min_total_price_uzs,min_total_price_usd,price_per_sqm_uzs,price_per_sqm_usd,price_basis,source_freshness,source_error,cached_snapshot_utc,location_valid,location_issue
2026-08-25T05:00:07+00:00,domtut,https://domtut.uz/uz/nedvizhimost/zhiloj-kompleks-majnuntol,zhiloj-kompleks-majnuntol,Asklepiy-svift,Asklepiy-svift,Toshkent shahri,Bektemir tumani,1,38.1,,,,,listed_min_total,live,,,True,ok
2026-08-25T05:00:07+00:00,domtut,https://domtut.uz/uz/nedvizhimost/zhiloj-kompleks-majnuntol,zhiloj-kompleks-majnuntol,Asklepiy-svift,Asklepiy-svift,Toshkent shahri,Bektemir tumani,2,51.0,,,,,listed_min_total,live,,,True,ok
2026-08-25T05:00:07+00:00,domtut,https://domtut.uz/uz/nedvizhimost/zhiloj-kompleks-majnuntol,zhiloj-kompleks-majnuntol,Asklepiy-svift,Asklepiy-svift,Toshkent shahri,Bektemir tumani,3,101.0,,,,,listed_min_total,live,,,True,ok
2026-08-25T05:00:07+00:00,domtut,https://domtut.uz/uz/nedvizhimost/chinor,chinor,Chinor,Chinor,Toshkent shahri,Bektemir tumani,2,44.4,,,,,listed_min_total,live,,,True,ok
2026-08-25T05:00:07+00:00,domtut,https://domtut.uz/uz/nedvizhimost/chinor,chinor,Chinor,Chinor,Toshkent shahri,Bektemir tumani,3,80.4,,,,,listed_min_total,live,,,True,ok
2026-08-25T05:00:07+00:00,domtut,https://domtut.uz/uz/nedvizhimost/elman-plaza,elman-plaza,Elman-plaza,Elman-plaza,Toshkent shahri,Bektemir tumani,1,44.0,550000000.0,,12500000.0,,listed_min_total,live,,,True,ok
2026-08-25T05:00:07+00:00,domtut,https://domtut.uz/uz/nedvizhimost/elman-plaza,elman-plaza,Elman-plaza,Elman-plaza,Toshkent shahri,Bektemir tumani,2,55.0,688000000.0,,12509091.0,,listed_min_total,live,,,True,ok
2026-08-25T05:00:07+00:00,domtut,https://domtut.uz/uz/nedvizhimost/elman-plaza,elman-plaza,Elman-plaza,Elman-plaza,Toshkent shahri,Bektemir tumani,3,69.0,863000000.0,,12507246.0,,listed_min_total,live,,,True,ok
2026-08-25T05:00:07+00:00,domtut,https://domtut.uz/uz/nedvizhimost/elman-plaza,elman-plaza,Elman-plaza,Elman-plaza,Toshkent shahri,Bektemir tumani,4,87.0,1100000000.0,,12643678.0,,listed_min_total,live,,,True,ok
2026-08-25T05:00:07+00:00,domtut,https://domtut.uz/uz/nedvizhimost/fayzli-hayot,fayzli-hayot,Fdg,Fdg,Toshkent shahri,Bektemir tumani,2,58.7,,,,,listed_min_total,live,,,True,ok
2026-08-25T05:00:07+00:00,domtut,https://domtut.uz/uz/nedvizhimost/fayzli-hayot,fayzli-hayot,Fdg,Fdg,Toshkent shahri,Bektemir tumani,3,60.2,,,,,listed_min_total,live,,,True,ok
2026-08-25T05:00:07+00:00,domtut,https://domtut.uz/uz/nedvizhimost/qoyliq-katta-bozori,qoyliq-katta-bozori,Qoampquotyliq-katta-,Qoampquotyliq-katta-,Toshkent shahri,Bektemir tumani,1,35.1,,,,,listed_min_total,live,,,True,ok
2026-08-25T05:00:07+00:00,domtut,https://domtut.uz/uz/nedvizhimost/qoyliq-katta-bozori,qoyliq-katta-bozori,Qoampquotyliq-katta-,Qoampquotyliq-katta-,Toshkent shahri,Bektemir tumani,2,41.0,,,,,listed_min_total,live,,,True,ok
2026-08-25T05:00:07+00:00,domtut,https://domtut.uz/uz/nedvizhimost/qoyliq-katta-bozori,qoyliq-katta-bozori,Qoampquotyliq-katta-,Qoampquotyliq-katta-,Toshkent shahri,Bektemir tumani,3,79.0,,,,,listed_min_total,live,,,True,ok
2026-08-25T05:00:07+00:00,domtut,https://domtut.uz/uz/nedvizhimost/fayz,fayz,Riche-ville,Riche-ville,Toshkent shahri,Bektemir tumani,1,36.9,351000000.0,,9512195.0,,listed_min_total,live,,,True,ok
2026-08-25T05:00:07+00:00,domtut,https://domtut.uz/uz/nedvizhimost/fayz,fayz,Riche-ville,Riche-ville,Toshkent shahri,Bektemir tumani,2,50.5,480000000.0,,9504950.0,,listed_min_total,live,,,True,ok
2026-08-25T05:00:07+00:00,domtut,https://domtut.uz/uz/nedvizhimost/fayz,fayz,Riche-ville,Riche-ville,Toshkent shahri,Bektemir tumani,3,66.1,628000000.0,,9500756.0,,listed_min_total,live,,,True,ok
2026-08-25T05:00:07+00:00,domtut,https://domtut.uz/uz/nedvizhimost/shirin-hayot,shirin-hayot,Xonsaroy,Xonsaroy,Toshkent shahri,Bektemir tumani,1,21.9,,,,,listed_min_total,live,,,True,ok
2026-08-25T05:00:07+00:00,domtut,https://domtut.uz/uz/nedvizhimost/shirin-hayot,shirin-hayot,Xonsaroy,Xonsaroy,Toshkent shahri,Bektemir tumani,2,42.7,,,,,listed_min_total,live,,,True,ok
2026-08-25T05:00:07+00:00,domtut,https://domtut.uz/uz/nedvizhimost/zamin-great-city,zamin-great-city,Zamin-great-city,Zamin-great-city,Toshkent shahri,Bektemir tumani,2,35.0,315000000.0,,9000000.0,,listed_min_total,live,,,True,ok
2026-08-25T05:00:07+00:00,domtut,https://domtut.uz/uz/nedvizhimost/zhiloj-kompleks-al-xorazmiy,zhiloj-kompleks-al-xorazmiy,Binar-group,Binar-group,Toshkent shahri,Chilonzor tumani,2,84.3,,,,,listed_min_total,live,,,True,ok
2026-08-25T05:00:07+00:00,domtut,https://domtut.uz/uz/nedvizhimost/zhiloj-kompleks-al-xorazmiy,zhiloj-kompleks-al-xorazmiy,Binar-group,Binar-group,Toshkent shahri,Chilonzor tumani,3,112.6,,,,,listed_min_total,live,,,True,ok
2026-08-25T05:00:07+00:00,domtut,https://domtut.uz/uz/nedvizhimost/zhiloj-kompleks-al-xorazmiy,zhiloj-kompleks-al-xorazmiy,Binar-group,Binar-group,Toshkent shahri,Chilonzor tumani,4,127.8,,,,,listed_min_total,live,,,True,ok
2026-08-25T05:00:07+00:00,domtut,https://domtut.uz/uz/nedvizhimost/dombirobod-residence,dombirobod-residence,Bm-group,Bm-group,Toshkent shahri,Chilonzor tumani,1,29.5,236000000.0,,8000000.0,,listed_min_total,live,,,True,ok
2026-08-25T05:00:07+00:00,domtut,https://domtut.uz/uz/nedvizhimost/dombirobod-residence,dombirobod-residence,Bm-group,Bm-group,Toshkent shahri,Chilonzor tumani,2,52.6,420000000.0,,7984791.0,,listed_min_total,live,,,True,ok
2026-08-25T05:00:07+00:00,domtut,https://domtut.uz/uz/nedvizhimost/kompakt-house,kompakt-house,Chinor-group-develop,Chinor-group-develop,Toshkent shahri,Chilonzor tumani,1,48.8,366000000.0,,7500000.0,,listed_min_total,live,,,True,ok
2026-08-25T05:00:07+00:00,domtut,https://domtut.uz/uz/nedvizhimost/kompakt-house,kompakt-house,Chinor-group-develop,Chinor-group-develop,Toshkent shahri,Chilonzor tumani,2,51.6,387000000.0,,7500000.0,,listed_min_total,live,,,True,ok
2026-08-25T05:00:07+00:00,domtut,https://domtut.uz/uz/nedvizhimost/kompakt-house,kompakt-house,Chinor-group-develop,Chinor-group-develop,Toshkent shahri,Chilonzor tumani,3,78.2,587000000.0,,7506394.0,,listed_min_total,live,,,True,ok
2026-08-25T05:00:07+00:00,domtut,https://domtut.uz/uz/nedvizhimost/dombirobod-city,dombirobod-city,Dombirobod-city,Dombirobod-city,Toshkent shahri,Chilonzor tumani,2,55.3,,,,,listed_min_total,live,,,True,ok
2026-08-25T05:00:07+00:00,domtut,https://domtut.uz/uz/nedvizhimost/dombirobod-city,dombirobod-city,Dombirobod-city,Dombirobod-city,Toshkent shahri,Chilonzor tumani,3,69.7,,,,,listed_min_total,live,,,True,ok
2026-08-25T05:00:07+00:00,domtut,https://domtut.uz/uz/nedvizhimost/zhiloj-kompleks-shirin,zhiloj-kompleks-shirin,Golden-castles,Golden-castles,Toshkent shahri,Chilonzor tumani,1,39.5,,,,,listed_min_total,live,,,True,ok
2026-08-25T05:00:07+00:00,domtut,https://domtut.uz/uz/nedvizhimost/zhiloj-kompleks-shirin,zhiloj-kompleks-shirin,Golden-castles,Golden-castles,Toshkent shahri,Chilonzor tumani,2,50.0,,,,,listed_min_total,live,,,True,ok
2026-08-25T05:00:07+00:00,domtut,https://domtut.uz/uz/nedvizhimost/zhiloj-kompleks-shirin,zhiloj-kompleks-shirin,Golden-castles,Golden-castles,Toshkent shahri,Chilonzor tumani,3,94.1,,,,,listed_min_total,live,,,True,ok
2026-08-25T05:00:07+00:00,domtut,https://domtut.uz/uz/nedvizhimost/zhiloj-kompleks-novza,zhiloj-kompleks-novza,Golden-house,Golden-house,Toshkent shahri,Chilonzor tumani,1,29.0,,,,,listed_min_total,live,,,True,ok
2026-08-25T05:00:07+00:00,domtut,https://domtut.uz/uz/nedvizhimost/zhiloj-kompleks-novza,zhiloj-kompleks-novza,Golden-house,Golden-house,Toshkent shahri,Chilonzor tumani,2,42.8,,,,,listed_min_total,live,,,True,ok
2026-08-25T05:00:07+00:00,domtut,https://domtut.uz/uz/nedvizhimost/zhiloj-kompleks-novza,zhiloj-kompleks-novza,Golden-house,Golden-house,Toshkent shahri,Chilonzor tumani,3,67.5,,,,,listed_min_total,live,,,True,ok
2026-08-25T05:00:07+00:00,domtut,https://domtut.uz/uz/nedvizhimost/novza-residence,novza-residence,Great-house,Great-house,Toshkent shahri,Chilonzor tumani,2,60.6,1100000000.0,,18151815.0,,listed_min_total,live,,,True,ok
2026-08-25T05:00:07+00:00,domtut,https://domtut.uz/uz/nedvizhimost/novza-residence,novza-residence,Great-house,Great-house,Toshkent shahri,Chilonzor tumani,3,95.5,1700000000.0,,17801047.0,,listed_min_total,live,,,True,ok
2026-08-25T05:00:07+00:00,domtut,https://domtut.uz/uz/nedvizhimost/zhiloj-kompleks-huvaydo,zhiloj-kompleks-huvaydo,Huvaydo,Huvaydo,Toshkent shahri,Chilonzor tumani,2,66.0,,,,,listed_min_total,live,,,True,ok
2026-08-25T05:00:07+00:00,domtut,https://domtut.uz/uz/nedvizhimost/zhiloj-kompleks-huvaydo,zhiloj-kompleks-huvaydo,Huvaydo,Huvaydo,Toshkent shahri,Chilonzor tumani,3,130.0,,,,,listed_min_total,live,,,True,ok
2026-08-25T05:00:07+00:00,domtut,https://domtut.uz/uz/nedvizhimost/zhiloj-kompleks-huvaydo,zhiloj-kompleks-huvaydo,Huvaydo,Huvaydo,Toshkent shahri,Chilonzor tumani,4,156.0,,,,,listed_min_total,live,,,True,ok
2026-08-25T05:00:07+00:00,domtut,https://domtut.uz/uz/nedvizhimost/barxan-residence,barxan-residence,Inside,Inside,Toshkent shahri,Chilonzor tumani,1,26.7,,,,,listed_min_total,live,,,True,ok
2026-08-25T05:00:07+00:00,domtut,https://domtut.uz/uz/nedvizhimost/barxan-residence,barxan-residence,Inside,Inside,Toshkent shahri,Chilonzor tumani,2,49.8,,,,,listed_min_total,live,,,True,ok
2026-08-25T05:00:07+00:00,domtut,https://domtut.uz/uz/nedvizhimost/barxan-residence,barxan-residence,Inside,Inside,Toshkent shahri,Chilonzor tumani,3,60.7,,,,,listed_min_total,live,,,True,ok
2026-08-25T05:00:07+00:00,domtut,https://domtut.uz/uz/nedvizhimost/alfa-city,alfa-city,Intent-software,Intent-software,Toshkent shahri,Chilonzor tumani,1,55.3,488000000.0,,8824593.0,,listed_min_total,live,,,True,ok
2026-08-25T05:00:07+00:00,domtut,https://domtut.uz/uz/nedvizhimost/alfa-city,alfa-city,Intent-software,Intent-software,Toshkent shahri,Chilonzor tumani,2,53.5,472000000.0,,8822430.0,,listed_min_total,live,,,True,ok
2026-08-25T05:00:07+00:00,domtut,https://domtut.uz/uz/nedvizhimost/alfa-city,alfa-city,Intent-software,Intent-software,Toshkent shahri,Chilonzor tumani,3,67.2,593000000.0,,8824405.0,,listed_min_total,live,,,True,ok
2026-08-25T05:00:07+00:00,domtut,https://domtut.uz/uz/nedvizhimost/white-residence,white-residence,Lit,Lit,Toshkent shahri,Chilonzor tumani,1,28.2,275000000.0,,9751773.0,,listed_min_total,live,,,True,ok
2026-08-25T05:00:07+00:00,domtut,https://domtut.uz/uz/nedvizhimost/white-residence,white-residence,Lit,Lit,Toshkent shahri,Chilonzor tumani,2,54.0,527000000.0,,9759259.0,,listed_min_total,live,,,True,ok
2026-08-25T05:00:07+00:00,domtut,https://domtut.uz/uz/nedvizhimost/white-residence,white-residence,Lit,Lit,Toshkent shahri,Chilonzor tumani,3,84.3,823000000.0,,9762752.0,,listed_min_total,live,,,True,ok
2026-08-25T05:00:07+00:00,domtut,https://domtut.uz/uz/nedvizhimost/mening-uyim-choshtepa,mening-uyim-choshtepa,Mening-uyim-choshtep,Mening-uyim-choshtep,Toshkent shahri,Chilonzor tumani,1,36.4,,,,,listed_min_total,live,,,True,ok
2026-08-25T05:00:07+00:00,domtut,https://domtut.uz/uz/nedvizhimost/mening-uyim-choshtepa,mening-uyim-choshtepa,Mening-uyim-choshtep,Mening-uyim-choshtep,Toshkent shahri,Chilonzor tumani,2,69.7,,,,,listed_min_total,live,,,True,ok
2026-08-25T05:00:07+00:00,domtut,https://domtut.uz/uz/nedvizhimost/mening-uyim-choshtepa,mening-uyim-choshtepa,Mening-uyim-choshtep,Mening-uyim-choshtep,Toshkent shahri,Chilonzor tumani,3,80.4,,,,,listed_min_total,live,,,True,ok
2026-08-25T05:00:07+00:00,domtut,https://domtut.uz/uz/nedvizhimost/minar,minar,Minar,Minar,Toshkent shahri,Chilonzor tumani,1,46.9,586000000.0,,12494670.0,,listed_min_total,live,,,True,ok
2026-08-25T05:00:07+00:00,domtut,https://domtut.uz/uz/nedvizhimost/minar,minar,Minar,Minar,Toshkent shahri,Chilonzor tumani,2,57.0,713000000.0,,12508772.0,,listed_min_total,live,,,True,ok
2026-08-25T05:00:07+00:00,domtut,https://domtut.uz/uz/nedvizhimost/minar,minar,Minar,Minar,Toshkent shahri,Chilonzor tumani,3,85.5,1100000000.0,,12865497.0,,listed_min_total,live,,,True,ok
2026-08-25T05:00:07+00:00,domtut,https://domtut.uz/uz/nedvizhimost/zhiloj-kompleks-nazar-house,zhiloj-kompleks-nazar-house,Nazar-house,Nazar-house,Toshkent shahri,Chilonzor tumani,3,86.7,,,,,listed_min_total,live,,,True,ok
2026-08-25T05:00:07+00:00,domtut,https://domtut.uz/uz/nedvizhimost/vision,vision,Neo-house,Neo-house,Toshkent shahri,Chilonzor tumani,1,49.5,708000000.0,,14303030.0,,listed_min_total,live,,,True,ok
2026-08-25T05:00:07+00:00,domtut,https://domtut.uz/uz/nedvizhimost/vision,vision,Neo-house,Neo-house,Toshkent shahri,Chilonzor tumani,2,89.8,1300000000.0,,14476615.0,,listed_min_total,live,,,True,ok
2026-08-25T05:00:07+00:00,domtut,https://domtut.uz/uz/nedvizhimost/vision,vision,Neo-house,Neo-house,Toshkent shahri,Chilonzor tumani,3,98.8,1400000000.0,,14170040.0,,listed_min_total,live,,,True,ok
2026-08-25T05:00:07+00:00,domtut,https://domtut.uz/uz/nedvizhimost/vision,vision,Neo-house,Neo-house,Toshkent shahri,Chilonzor tumani,5,143.0,2000000000.0,,13986014.0,,listed_min_total,live,,,True,ok
2026-08-25T05:00:07+00:00,domtut,https://domtut.uz/uz/nedvizhimost/green-park,green-park,Nrg-bi,Nrg-bi,Toshkent shahri,Chilonzor tumani,1,45.4,,,,,listed_min_total,live,,,True,ok
2026-08-25T05:00:07+00:00,domtut,https://domtut.uz/uz/nedvizhimost/green-park,green-park,Nrg-bi,Nrg-bi,Toshkent shahri,Chilonzor tumani,2,65.0,,,,,listed_min_total,live,,,True,ok
2026-08-25T05:00:07+00:00,domtut,https://domtut.uz/uz/nedvizhimost/green-park,green-park,Nrg-bi,Nrg-bi,Toshkent shahri,Chilonzor tumani,4,122.3,,,,,listed_min_total,live,,,True,ok
2026-08-25T05:00:07+00:00,domtut,https://domtut.uz/uz/nedvizhimost/aman-residence,aman-residence,Nuramax,Nuramax,Toshkent shahri,Chilonzor tumani,2,46.6,545000000.0,,11695279.0,,listed_min_total,live,,,True,ok
2026-08-25T05:00:07+00:00,domtut,https://domtut.uz/uz/nedvizhimost/aman-residence,aman-residence,Nuramax,Nuramax,Toshkent shahri,Chilonzor tumani,3,70.2,821000000.0,,11695157.0,,listed_min_total,live,,,True,ok
2026-08-25T05:00:07+00:00,domtut,https://domtut.uz/uz/nedvizhimost/orzular-maskani,orzular-maskani,Orzular-maskani,Orzular-maskani,Toshkent shahri,Chilonzor tumani,2,58.7,809000000.0,,13781942.0,,listed_min_total,live,,,True,ok
2026-08-25T05:00:07+00:00,domtut,https://domtut.uz/uz/nedvizhimost/orzular-maskani,orzular-maskani,Orzular-maskani,Orzular-maskani,Toshkent shahri,Chilonzor tumani,3,90.0,1200000000.0,,13333333.0,,listed_min_total,live,,,True,ok
2026-08-25T05:00:07+00:00,domtut,https://domtut.uz/uz/nedvizhimost/zhiloj-kompleks-british-house,zhiloj-kompleks-british-house,Osiyo,Osiyo,Toshkent shahri,Chilonzor tumani,1,44.0,,,,,listed_min_total,live,,,True,ok
2026-08-25T05:00:07+00:00,domtut,https://domtut.uz/uz/nedvizhimost/zhiloj-kompleks-british-house,zhiloj-kompleks-british-house,Osiyo,Osiyo,Toshkent shahri,Chilonzor tumani,2,71.0,,,,,listed_min_total,live,,,True,ok
2026-08-25T05:00:07+00:00,domtut,https://domtut.uz/uz/nedvizhimost/zhiloj-kompleks-british-house,zhiloj-kompleks-british-house,Osiyo,Osiyo,Toshkent shahri,Chilonzor tumani,3,104.0,,,,,listed_min_total,live,,,True,ok
2026-08-25T05:00:07+00:00,domtut,https://domtut.uz/uz/nedvizhimost/zhiloj-kompleks-carat,zhiloj-kompleks-carat,Perfect-universal,Perfect-universal,Toshkent shahri,Chilonzor tumani,1,45.6,,,,,listed_min_total,live,,,True,ok
2026-08-25T05:00:07+00:00,domtut,https://domtut.uz/uz/nedvizhimost/zhiloj-kompleks-carat,zhiloj-kompleks-carat,Perfect-universal,Perfect-universal,Toshkent shahri,Chilonzor tumani,2,61.0,,,,,listed_min_total,live,,,True,ok
2026-08-25T05:00:07+00:00,domtut,https://domtut.uz/uz/nedvizhimost/zhiloj-kompleks-premier-house,zhiloj-kompleks-premier-house,Premier-house,Premier-house,Toshkent shahri,Chilonzor tumani,1,44.4,,,,,listed_min_total,live,,,True,ok
2026-08-25T05:00:07+00:00,domtut,https://domtut.uz/uz/nedvizhimost/zhiloj-kompleks-premier-house,zhiloj-kompleks-premier-house,Premier-house,Premier-house,Toshkent shahri,Chilonzor tumani,2,56.3,,,,,listed_min_total,live,,,True,ok
2026-08-25T05:00:07+00:00,domtut,https://domtut.uz/uz/nedvizhimost/zhiloj-kompleks-premier-house,zhiloj-kompleks-premier-house,Premier-house,Premier-house,Toshkent shahri,Chilonzor tumani,3,96.1,,,,,listed_min_total,live,,,True,ok
2026-08-25T05:00:07+00:00,domtut,https://domtut.uz/uz/nedvizhimost/qozirabod,qozirabod,Qozirabod,Qozirabod,Toshkent shahri,Chilonzor tumani,3,103.0,1500000000.0,,14563107.0,,listed_min_total,live,,,True,ok
2026-08-25T05:00:07+00:00,domtut,https://domtut.uz/uz/nedvizhimost/zhiloj-kompleks-uchtepa-garden,zhiloj-kompleks-uchtepa-garden,Saroy,Saroy,Toshkent shahri,Chilonzor tumani,1,46.0,,,,,listed_min_total,live,,,True,ok
2026-08-25T05:00:07+00:00,domtut,https://domtut.uz/uz/nedvizhimost/zhiloj-kompleks-uchtepa-garden,zhiloj-kompleks-uchtepa-garden,Saroy,Saroy,Toshkent shahri,Chilonzor tumani,2,57.0,,,,,listed_min_total,live,,,True,ok
2026-08-25T05:00:07+00:00,domtut,https://domtut.uz/uz/nedvizhimost/zhiloj-kompleks-uchtepa-garden,zhiloj-kompleks-uchtepa-garden,Saroy,Saroy,Toshkent shahri,Chilonzor tumani,3,80.0,,,,,listed_min_total,live,,,True,ok
2026-08-25T05:00:07+00:00,domtut,https://domtut.uz/uz/nedvizhimost/zhiloj-kompleks-uchtepa-garden,zhiloj-kompleks-uchtepa-garden,Saroy,Saroy,Toshkent shahri,Chilonzor tumani,4,112.5,,,,,listed_min_total,live,,,True,ok
2026-08-25T05:00:07+00:00,domtut,https://domtut.uz/uz/nedvizhimost/silk-road-apartments,silk-road-apartments,Simplex,Simplex,Toshkent shahri,Chilonzor tumani,1,45.8,595000000.0,,12991266.0,,listed_min_total,live,,,True,ok
2026-08-25T05:00:07+00:00,domtut,https://domtut.uz/uz/nedvizhimost/silk-road-apartments,silk-road-apartments,Simplex,Simplex,Toshkent shahri,Chilonzor tumani,2,79.4,1000000000.0,,12594458.0,,listed_min_total,live,,,True,ok
2026-08-25T05:00:07+00:00,domtut,https://domtut.uz/uz/nedvizhimost/silk-road-apartments,silk-road-apartments,Simplex,Simplex,Toshkent shahri,Chilonzor tumani,3,103.3,1300000000.0,,12584705.0,,listed_min_total,live,,,True,ok
2026-08-25T05:00:07+00:00,domtut,https://domtut.uz/uz/nedvizhimost/lutfiy-baraka,lutfiy-baraka,Strong,Strong,Toshkent shahri,Chilonzor tumani,1,38.0,,,,,listed_min_total,live,,,True,ok
2026-08-25T05:00:07+00:00,domtut,https://domtut.uz/uz/nedvizhimost/zhiloj-kompleks-bunyodkor,zhiloj-kompleks-bunyodkor,Strong,Strong,Toshkent shahri,Chilonzor tumani,1,48.7,,,,,listed_min_total,live,,,True,ok
2026-08-25T05:00:07+00:00,domtut,https://domtut.uz/uz/nedvizhimost/lutfiy-baraka,lutfiy-baraka,Strong,Strong,Toshkent shahri,Chilonzor tumani,2,55.6,,,,,listed_min_total,live,,,True,ok
2026-08-25T05:00:07+00:00,domtut,https://domtut.uz/uz/nedvizhimost/zhiloj-kompleks-bunyodkor,zhiloj-kompleks-bunyodkor,Strong,Strong,Toshkent shahri,Chilonzor tumani,2,82.4,,,,,listed_min_total,live,,,True,ok
2026-08-25T05:00:07+00:00,domtut,https://domtut.uz/uz/nedvizhimost/ziynat-capital,ziynat-capital,Ziynat-capital,Ziynat-capital,Toshkent shahri,Chilonzor tumani,1,75.4,867000000.0,,11498674.0,,listed_min_total,live,,,True,ok
2026-08-25T05:00:07+00:00,domtut,https://domtut.uz/uz/nedvizhimost/ziynat-capital,ziynat-capital,Ziynat-capital,Ziynat-capital,Toshkent shahri,Chilonzor tumani,2,63.3,728000000.0,,11500790.0,,listed_min_total,live,,,True,ok
2026-08-25T05:00:07+00:00,domtut,https://domtut.uz/uz/nedvizhimost/ziynat-capital,ziynat-capital,Ziynat-capital,Ziynat-capital,Toshkent shahri,Chilonzor tumani,3,124.8,1400000000.0,,11217949.0,,listed_min_total,live,,,True,ok
2026-08-25T05:00:07+00:00,domtut,https://domtut.uz/uz/nedvizhimost/zhiloj-kompleks-cexova,zhiloj-kompleks-cexova,Arjun,Arjun,Toshkent shahri,Mirobod tumani,2,58.7,,,,,listed_min_total,live,,,True,ok
2026-08-25T05:00:07+00:00,domtut,https://domtut.uz/uz/nedvizhimost/zhiloj-kompleks-cexova,zhiloj-kompleks-cexova,Arjun,Arjun,Toshkent shahri,Mirobod tumani,3,115.6,,,,,listed_min_total,live,,,True,ok
2026-08-25T05:00:07+00:00,domtut,https://domtut.uz/uz/nedvizhimost/zhiloj-kompleks-cexova,zhiloj-kompleks-cexova,Arjun,Arjun,Toshkent shahri,Mirobod tumani,4,131.4,,,,,listed_min_total,live,,,True,ok
2026-08-25T05:00:07+00:00,domtut,https://domtut.uz/uz/nedvizhimost/nasl-dahasi,nasl-dahasi,Binar-group,Binar-group,Toshkent shahri,Mirobod tumani,2,70.0,,,,,listed_min_total,live,,,True,ok
2026-08-25T05:00:07+00:00,domtut,https://domtut.uz/uz/nedvizhimost/nasl-dahasi,nasl-dahasi,Binar-group,Binar-group,Toshkent shahri,Mirobod tumani,3,105.0,,,,,listed_min_total,live,,,True,ok
2026-08-25T05:00:07+00:00,domtut,https://domtut.uz/uz/nedvizhimost/binaun,binaun,Binaun,Binaun,Toshkent shahri,Mirobod tumani,1,52.8,671000000.0,,12708333.0,,listed_min_total,live,,,True,ok
2026-08-25T05:00:07+00:00,domtut,https://domtut.uz/uz/nedvizhimost/binaun,binaun,Binaun,Binaun,Toshkent shahri,Mirobod tumani,2,57.4,729000000.0,,12700348.0,,listed_min_total,live,,,True,ok
2026-08-25T05:00:07+00:00,domtut,https://domtut.uz/uz/nedvizhimost/binaun,binaun,Binaun,Binaun,Toshkent shahri,Mirobod tumani,3,102.5,1300000000.0,,12682927.0,,listed_min_total,live,,,True,ok
2026-08-25T05:00:07+00:00,domtut,https://domtut.uz/uz/nedvizhimost/golden-lake,golden-lake,Centris-development,Centris-development,Toshkent shahri,Mirobod tumani,1,32.7,363000000.0,,11100917.0,,listed_min_total,live,,,True,ok
2026-08-25T05:00:07+00:00,domtut,https://domtut.uz/uz/nedvizhimost/golden-lake,golden-lake,Centris-development,Centris-development,Toshkent shahri,Mirobod tumani,2,47.1,523000000.0,,11104034.0,,listed_min_total,live,,,True,ok
2026-08-25T05:00:07+00:00,domtut,https://domtut.uz/uz/nedvizhimost/golden-lake,golden-lake,Centris-development,Centris-development,Toshkent shahri,Mirobod tumani,3,78.3,870000000.0,,11111111.0,,listed_min_total,live,,,True,ok
2026-08-25T05:00:07+00:00,domtut,https://domtut.uz/uz/nedvizhimost/crown-zamon,crown-zamon,Crown-development,Crown-development,Toshkent shahri,Mirobod tumani,1,28.5,413000000.0,,14491228.0,,listed_min_total,live,,,True,ok
2026-08-25T05:00:07+00:00,domtut,https://domtut.uz/uz/nedvizhimost/crown-zamon,crown-zamon,Crown-development,Crown-development,Toshkent shahri,Mirobod tumani,2,53.2,771000000.0,,14492481.0,,listed_min_total,live,,,True,ok
2026-08-25T05:00:07+00:00,domtut,https://domtut.uz/uz/nedvizhimost/gabus-2,gabus-2,Gabus,Gabus,Toshkent shahri,Mirobod tumani,2,93.2,2500000000.0,,26824034.0,,listed_min_total,live,,,True,ok
2026-08-25T05:00:07+00:00,domtut,https://domtut.uz/uz/nedvizhimost/gabus-2,gabus-2,Gabus,Gabus,Toshkent shahri,Mirobod tumani,3,97.3,2600000000.0,,26721480.0,,listed_min_total,live,,,True,ok
2026-08-25T05:00:07+00:00,domtut,https://domtut.uz/uz/nedvizhimost/gabus-2,gabus-2,Gabus,Gabus,Toshkent shahri,Mirobod tumani,4,152.3,4100000000.0,,26920552.0,,listed_min_total,live,,,True,ok
2026-08-25T05:00:07+00:00,domtut,https://domtut.uz/uz/nedvizhimost/zhiloj-kompleks-sarikul,zhiloj-kompleks-sarikul,Glad-house,Glad-house,Toshkent shahri,Mirobod tumani,1,42.9,,,,,listed_min_total,live,,,True,ok
2026-08-25T05:00:07+00:00,domtut,https://domtut.uz/uz/nedvizhimost/zhiloj-kompleks-sarikul,zhiloj-kompleks-sarikul,Glad-house,Glad-house,Toshkent shahri,Mirobod tumani,2,61.8,,,,,listed_min_total,live,,,True,ok
2026-08-25T05:00:07+00:00,domtut,https://domtut.uz/uz/nedvizhimost/zhiloj-kompleks-sarikul,zhiloj-kompleks-sarikul,Glad-house,Glad-house,Toshkent shahri,Mirobod tumani,3,88.2,,,,,listed_min_total,live,,,True,ok
2026-08-25T05:00:07+00:00,domtut,https://domtut.uz/uz/nedvizhimost/ozmakon,ozmakon,Golden-house,Golden-house,Toshkent shahri,Mirobod tumani,1,32.4,766000000.0,,23641975.0,,listed_min_total,live,,,True,ok
2026-08-25T05:00:07+00:00,domtut,https://domtut.uz/uz/nedvizhimost/oz-makon-2,oz-makon-2,Golden-house,Golden-house,Toshkent shahri,Mirobod tumani,1,32.4,703000000.0,,21697531.0,,listed_min_total,live,,,True,ok
2026-08-25T05:00:07+00:00,domtut,https://domtut.uz/uz/nedvizhimost/ozmakon,ozmakon,Golden-house,Golden-house,Toshkent shahri,Mirobod tumani,2,48.2,1100000000.0,,22821577.0,,listed_min_total,live,,,True,ok
2026-08-25T05:00:07+00:00,domtut,https://domtut.uz/uz/nedvizhimost/oz-makon-2,oz-makon-2,Golden-house,Golden-house,Toshkent shahri,Mirobod tumani,2,48.4,1000000000.0,,20661157.0,,listed_min_total,live,,,True,ok
2026-08-25T05:00:07+00:00,domtut,https://domtut.uz/uz/nedvizhimost/ozmakon,ozmakon,Golden-house,Golden-house,Toshkent shahri,Mirobod tumani,3,68.2,1500000000.0,,21994135.0,,listed_min_total,live,,,True,ok
2026-08-25T05:00:07+00:00,domtut,https://domtut.uz/uz/nedvizhimost/oz-makon-2,oz-makon-2,Golden-house,Golden-house,Toshkent shahri,Mirobod tumani,3,70.1,1500000000.0,,21398003.0,,listed_min_total,live,,,True,ok
2026-08-25T05:00:07+00:00,domtut,https://domtut.uz/uz/nedvizhimost/sun,sun,Human2human,Human2human,Toshkent shahri,Mirobod tumani,1,34.7,692000000.0,,19942363.0,,listed_min_total,live,,,True,ok
2026-08-25T05:00:07+00:00,domtut,https://domtut.uz/uz/nedvizhimost/sun,sun,Human2human,Human2human,Toshkent shahri,Mirobod tumani,2,34.6,690000000.0,,19942197.0,,listed_min_total,live,,,True,ok
2026-08-25T05:00:07+00:00,domtut,https://domtut.uz/uz/nedvizhimost/sun,sun,Human2human,Human2human,Toshkent shahri,Mirobod tumani,3,83.9,1700000000.0,,20262217.0,,listed_min_total,live,,,True,ok
2026-08-25T05:00:07+00:00,domtut,https://domtut.uz/uz/nedvizhimost/daho,daho,Koc-group,Koc-group,Toshkent shahri,Mirobod tumani,1,38.8,,,,,listed_min_total,live,,,True,ok
2026-08-25T05:00:07+00:00,domtut,https://domtut.uz/uz/nedvizhimost/daho,daho,Koc-group,Koc-group,Toshkent shahri,Mirobod tumani,2,50.8,,,,,listed_min_total,live,,,True,ok
2026-08-25T05:00:07+00:00,domtut,https://domtut.uz/uz/nedvizhimost/daho,daho,Koc-group,Koc-group,Toshkent shahri,Mirobod tumani,3,81.5,,,,,listed_min_total,live,,,True,ok
2026-08-25T05:00:07+00:00,domtut,https://domtut.uz/uz/nedvizhimost/zhiloj-kompleks-loft-residence,zhiloj-kompleks-loft-residence,Loft,Loft,Toshkent shahri,Mirobod tumani,1,37.8,828000000.0,,21904762.0,,listed_min_total,live,,,True,ok
2026-08-25T05:00:07+00:00,domtut,https://domtut.uz/uz/nedvizhimost/zhiloj-kompleks-loft-residence,zhiloj-kompleks-loft-residence,Loft,Loft,Toshkent shahri,Mirobod tumani,2,40.7,893000000.0,,21941032.0,,listed_min_total,live,,,True,ok
2026-08-25T05:00:07+00:00,domtut,https://domtut.uz/uz/nedvizhimost/zhiloj-kompleks-loft-residence,zhiloj-kompleks-loft-residence,Loft,Loft,Toshkent shahri,Mirobod tumani,3,77.4,1700000000.0,,21963824.0,,listed_min_total,live,,,True,ok
2026-08-25T05:00:07+00:00,domtut,https://domtut.uz/uz/nedvizhimost/mirabad-riverside,mirabad-riverside,Mirabad-riversaide,Mirabad-riversaide,Toshkent shahri,Mirobod tumani,1,46.0,702000000.0,,15260870.0,,listed_min_total,live,,,True,ok
2026-08-25T05:00:07+00:00,domtut,https://domtut.uz/uz/nedvizhimost/mirabad-riverside,mirabad-riverside,Mirabad-riversaide,Mirabad-riversaide,Toshkent shahri,Mirobod tumani,2,52.0,793000000.0,,15250000.0,,listed_min_total,live,,,True,ok
2026-08-25T05:00:07+00:00,domtut,https://domtut.uz/uz/nedvizhimost/orzu-saroyi,orzu-saroyi,Miran-house,Miran-house,Toshkent shahri,Mirobod tumani,1,47.3,605000000.0,,12790698.0,,listed_min_total,live,,,True,ok
2026-08-25T05:00:07+00:00,domtut,https://domtut.uz/uz/nedvizhimost/orzu-saroyi,orzu-saroyi,Miran-house,Miran-house,Toshkent shahri,Mirobod tumani,3,116.2,2200000000.0,,18932874.0,,listed_min_total,live,,,True,ok
2026-08-25T05:00:07+00:00,domtut,https://domtut.uz/uz/nedvizhimost/venera-residence,venera-residence,Nau-company,Nau-company,Toshkent shahri,Mirobod tumani,2,62.7,1800000000.0,,28708134.0,,listed_min_total,live,,,True,ok
2026-08-25T05:00:07+00:00,domtut,https://domtut.uz/uz/nedvizhimost/venera-residence,venera-residence,Nau-company,Nau-company,Toshkent shahri,Mirobod tumani,3,85.0,2400000000.0,,28235294.0,,listed_min_total,live,,,True,ok
2026-08-25T05:00:07+00:00,domtut,https://domtut.uz/uz/nedvizhimost/venera-residence,venera-residence,Nau-company,Nau-company,Toshkent shahri,Mirobod tumani,7,307.2,8600000000.0,,27994792.0,,listed_min_total,live,,,True,ok
2026-08-25T05:00:07+00:00,domtut,https://domtut.uz/uz/nedvizhimost/furqat-residence,furqat-residence,New-zeland,New-zeland,Toshkent shahri,Mirobod tumani,1,32.0,416000000.0,,13000000.0,,listed_min_total,live,,,True,ok
2026-08-25T05:00:07+00:00,domtut,https://domtut.uz/uz/nedvizhimost/furqat-residence,furqat-residence,New-zeland,New-zeland,Toshkent shahri,Mirobod tumani,2,49.6,645000000.0,,13004032.0,,listed_min_total,live,,,True,ok
2026-08-25T05:00:07+00:00,domtut,https://domtut.uz/uz/nedvizhimost/furqat-residence,furqat-residence,New-zeland,New-zeland,Toshkent shahri,Mirobod tumani,3,59.5,774000000.0,,13008403.0,,listed_min_total,live,,,True,ok
2026-08-25T05:00:07+00:00,domtut,https://domtut.uz/uz/nedvizhimost/zhiloj-kompleks-parkwood,zhiloj-kompleks-parkwood,Nova-stroy,Nova-stroy,Toshkent shahri,Mirobod tumani,2,63.0,1900000000.0,,30158730.0,,listed_min_total,live,,,True,ok
2026-08-25T05:00:07+00:00,domtut,https://domtut.uz/uz/nedvizhimost/zhiloj-kompleks-parkwood,zhiloj-kompleks-parkwood,Nova-stroy,Nova-stroy,Toshkent shahri,Mirobod tumani,3,83.0,2500000000.0,,30120482.0,,listed_min_total,live,,,True,ok
2026-08-25T05:00:07+00:00,domtut,https://domtut.uz/uz/nedvizhimost/zhiloj-kompleks-parkwood,zhiloj-kompleks-parkwood,Nova-stroy,Nova-stroy,Toshkent shahri,Mirobod tumani,4,137.0,4100000000.0,,29927007.0,,listed_min_total,live,,,True,ok
2026-08-25T05:00:07+00:00,domtut,https://domtut.uz/uz/nedvizhimost/zhiloj-kompleks-parkwood,zhiloj-kompleks-parkwood,Nova-stroy,Nova-stroy,Toshkent shahri,Mirobod tumani,5,147.0,4400000000.0,,29931973.0,,listed_min_total,live,,,True,ok
2026-08-25T05:00:07+00:00,domtut,https://domtut.uz/uz/nedvizhimost/zhiloj-kompleks-oybek,zhiloj-kompleks-oybek,Nrg-bi,Nrg-bi,Toshkent shahri,Mirobod tumani,1,48.3,,,,,listed_min_total,live,,,True,ok
2026-08-25T05:00:07+00:00,domtut,https://domtut.uz/uz/nedvizhimost/zhiloj-kompleks-oybek,zhiloj-kompleks-oybek,Nrg-bi,Nrg-bi,Toshkent shahri,Mirobod tumani,2,80.2,,,,,listed_min_total,live,,,True,ok
2026-08-25T05:00:07+00:00,domtut,https://domtut.uz/uz/nedvizhimost/zhiloj-kompleks-oybek,zhiloj-kompleks-oybek,Nrg-bi,Nrg-bi,Toshkent shahri,Mirobod tumani,3,109.5,,,,,listed_min_total,live,,,True,ok
2026-08-25T05:00:07+00:00,domtut,https://domtut.uz/uz/nedvizhimost/zhiloj-kompleks-oybek,zhiloj-kompleks-oybek,Nrg-bi,Nrg-bi,Toshkent shahri,Mirobod tumani,4,133.1,,,,,listed_min_total,live,,,True,ok
2026-08-25T05:00:07+00:00,domtut,https://domtut.uz/uz/nedvizhimost/mirador,mirador,Ofiyat,Ofiyat,Toshkent shahri,Mirobod tumani,1,27.0,511000000.0,,18925926.0,,listed_min_total,live,,,True,ok
2026-08-25T05:00:07+00:00,domtut,https://domtut.uz/uz/nedvizhimost/mirador,mirador,Ofiyat,Ofiyat,Toshkent shahri,Mirobod tumani,2,62.1,985000000.0,,15861514.0,,listed_min_total,live,,,True,ok
2026-08-25T05:00:07+00:00,domtut,https://domtut.uz/uz/nedvizhimost/mirador,mirador,Ofiyat,Ofiyat,Toshkent shahri,Mirobod tumani,3,62.0,983000000.0,,15854839.0,,listed_min_total,live,,,True,ok
2026-08-25T05:00:07+00:00,domtut,https://domtut.uz/uz/nedvizhimost/mirador,mirador,Ofiyat,Ofiyat,Toshkent shahri,Mirobod tumani,4,92.1,1400000000.0,,15200869.0,,listed_min_total,live,,,True,ok
2026-08-25T05:00:07+00:00,domtut,https://domtut.uz/uz/nedvizhimost/zhiloj-kompleks-onix,zhiloj-kompleks-onix,Onix,Onix,Toshkent shahri,Mirobod tumani,1,46.5,,,,,listed_min_total,live,,,True,ok
2026-08-25T05:00:07+00:00,domtut,https://domtut.uz/uz/nedvizhimost/zhiloj-kompleks-onix,zhiloj-kompleks-onix,Onix,Onix,Toshkent shahri,Mirobod tumani,2,51.4,,,,,listed_min_total,live,,,True,ok
2026-08-25T05:00:07+00:00,domtut,https://domtut.uz/uz/nedvizhimost/zhiloj-kompleks-onix,zhiloj-kompleks-onix,Onix,Onix,Toshkent shahri,Mirobod tumani,3,84.0,,,,,listed_min_total,live,,,True,ok
2026-08-25T05:00:07+00:00,domtut,https://domtut.uz/uz/nedvizhimost/zhiloj-kompleks-onix,zhiloj-kompleks-onix,Onix,Onix,Toshkent shahri,Mirobod tumani,4,111.4,,,,,listed_min_total,live,,,True,ok
2026-08-25T05:00:07+00:00,domtut,https://domtut.uz/uz/nedvizhimost/zhiloj-kompleks-sky-line-towers,zhiloj-kompleks-sky-line-towers,Roaf-company,Roaf-company,Toshkent shahri,Mirobod tumani,2,53.9,,,,,listed_min_total,live,,,True,ok
2026-08-25T05:00:07+00:00,domtut,https://domtut.uz/uz/nedvizhimost/zhiloj-kompleks-sky-line-towers,zhiloj-kompleks-sky-line-towers,Roaf-company,Roaf-company,Toshkent shahri,Mirobod tumani,3,61.3,,,,,listed_min_total,live,,,True,ok
2026-08-25T05:00:07+00:00,domtut,https://domtut.uz/uz/nedvizhimost/savr-avenue,savr-avenue,Savr-avenue,Savr-avenue,Toshkent shahri,Mirobod tumani,1,27.8,330000000.0,,11870504.0,,listed_min_total,live,,,True,ok
2026-08-25T05:00:07+00:00,domtut,https://domtut.uz/uz/nedvizhimost/savr-avenue,savr-avenue,Savr-avenue,Savr-avenue,Toshkent shahri,Mirobod tumani,2,48.6,577000000.0,,11872428.0,,listed_min_total,live,,,True,ok
2026-08-25T05:00:07+00:00,domtut,https://domtut.uz/uz/nedvizhimost/trest-house,trest-house,Trest-house,Trest-house,Toshkent shahri,Mirobod tumani,2,80.0,,,,,listed_min_total,live,,,True,ok
2026-08-25T05:00:07+00:00,domtut,https://domtut.uz/uz/nedvizhimost/terminal,terminal,Txt-group,Txt-group,Toshkent shahri,Mirobod tumani,1,39.3,668000000.0,,16997455.0,,listed_min_total,live,,,True,ok
2026-08-25T05:00:07+00:00,domtut,https://domtut.uz/uz/nedvizhimost/terminal,terminal,Txt-group,Txt-group,Toshkent shahri,Mirobod tumani,2,62.6,1100000000.0,,17571885.0,,listed_min_total,live,,,True,ok
2026-08-25T05:00:07+00:00,domtut,https://domtut.uz/uz/nedvizhimost/zhiloj-kompleks-sapphire-terrace,zhiloj-kompleks-sapphire-terrace,Well-home,Well-home,Toshkent shahri,Mirobod tumani,2,55.4,1700000000.0,,30685921.0,,listed_min_total,live,,,True,ok
2026-08-25T05:00:07+00:00,domtut,https://domtut.uz/uz/nedvizhimost/zhiloj-kompleks-sapphire-terrace,zhiloj-kompleks-sapphire-terrace,Well-home,Well-home,Toshkent shahri,Mirobod tumani,3,80.7,2500000000.0,,30978934.0,,listed_min_total,live,,,True,ok
2026-08-25T05:00:07+00:00,domtut,https://domtut.uz/uz/nedvizhimost/zhiloj-kompleks-sapphire-terrace,zhiloj-kompleks-sapphire-terrace,Well-home,Well-home,Toshkent shahri,Mirobod tumani,4,122.6,3700000000.0,,30179445.0,,listed_min_total,live,,,True,ok
2026-08-25T05:00:07+00:00,domtut,https://domtut.uz/uz/nedvizhimost/fazo,fazo,Xonsaroy,Xonsaroy,Toshkent shahri,Mirobod tumani,1,33.2,,,,,listed_min_total,live,,,True,ok
2026-08-25T05:00:07+00:00,domtut,https://domtut.uz/uz/nedvizhimost/zhiloj-kompleks-salom-qo-yliq,zhiloj-kompleks-salom-qo-yliq,Xonsaroy,Xonsaroy,Toshkent shahri,Mirobod tumani,1,34.2,,,,,listed_min_total,live,,,True,ok
2026-08-25T05:00:07+00:00,domtut,https://domtut.uz/uz/nedvizhimost/fazo,fazo,Xonsaroy,Xonsaroy,Toshkent shahri,Mirobod tumani,2,42.8,,,,,listed_min_total,live,,,True,ok
2026-08-25T05:00:07+00:00,domtut,https://domtut.uz/uz/nedvizhimost/zhiloj-kompleks-salom-qo-yliq,zhiloj-kompleks-salom-qo-yliq,Xonsaroy,Xonsaroy,Toshkent shahri,Mirobod tumani,2,47.3,,,,,listed_min_total,live,,,True,ok
2026-08-25T05:00:07+00:00,domtut,https://domtut.uz/uz/nedvizhimost/zhiloj-kompleks-salom-qo-yliq,zhiloj-kompleks-salom-qo-yliq,Xonsaroy,Xonsaroy,Toshkent shahri,Mirobod tumani,3,71.0,,,,,listed_min_total,live,,,True,ok
2026-08-25T05:00:07+00:00,domtut,https://domtut.uz/uz/nedvizhimost/zhiloj-kompleks-salom-qo-yliq,zhiloj-kompleks-salom-qo-yliq,Xonsaroy,Xonsaroy,Toshkent shahri,Mirobod tumani,4,93.0,,,,,listed_min_total,live,,,True,ok
2026-08-25T05:00:07+00:00,domtut,https://domtut.uz/uz/nedvizhimost/darxan-avenue-2,darxan-avenue-2,Aliakbar-stroy,Aliakbar-stroy,Toshkent shahri,Mirzo Ulug'bek tumani,1,50.1,1300000000.0,,25948104.0,,listed_min_total,live,,,True,ok
2026-08-25T05:00:07+00:00,domtut,https://domtut.uz/uz/nedvizhimost/darxan-avenue-2,darxan-avenue-2,Aliakbar-stroy,Aliakbar-stroy,Toshkent shahri,Mirzo Ulug'bek tumani,2,64.6,1700000000.0,,26315789.0,,listed_min_total,live,,,True,ok
2026-08-25T05:00:07+00:00,domtut,https://domtut.uz/uz/nedvizhimost/darxan-avenue-2,darxan-avenue-2,Aliakbar-stroy,Aliakbar-stroy,Toshkent shahri,Mirzo Ulug'bek tumani,3,93.4,2400000000.0,,25695931.0,,listed_min_total,live,,,True,ok
2026-08-25T05:00:07+00:00,domtut,https://domtut.uz/uz/nedvizhimost/darxan-avenue-2,darxan-avenue-2,Aliakbar-stroy,Aliakbar-stroy,Toshkent shahri,Mirzo Ulug'bek tumani,4,110.8,2900000000.0,,26173285.0,,listed_min_total,live,,,True,ok
2026-08-25T05:00:07+00:00,domtut,https://domtut.uz/uz/nedvizhimost/botanika-saroyi,botanika-saroyi,Bigroup,Bigroup,Toshkent shahri,Mirzo Ulug'bek tumani,1,37.3,708000000.0,,18981233.0,,listed_min_total,live,,,True,ok
2026-08-25T05:00:07+00:00,domtut,https://domtut.uz/uz/nedvizhimost/botanika-saroyi,botanika-saroyi,Bigroup,Bigroup,Toshkent shahri,Mirzo Ulug'bek tumani,2,58.3,1100000000.0,,18867925.0,,listed_min_total,live,,,True,ok
2026-08-25T05:00:07+00:00,domtut,https://domtut.uz/uz/nedvizhimost/flagman,flagman,Bigroup,Bigroup,Toshkent shahri,Mirzo Ulug'bek tumani,2,55.1,1200000000.0,,21778584.0,,listed_min_total,live,,,True,ok
2026-08-25T05:00:07+00:00,domtut,https://domtut.uz/uz/nedvizhimost/botanika-saroyi,botanika-saroyi,Bigroup,Bigroup,Toshkent shahri,Mirzo Ulug'bek tumani,3,74.6,1400000000.0,,18766756.0,,listed_min_total,live,,,True,ok
2026-08-25T05:00:07+00:00,domtut,https://domtut.uz/uz/nedvizhimost/flagman,flagman,Bigroup,Bigroup,Toshkent shahri,Mirzo Ulug'bek tumani,3,78.8,1800000000.0,,22842640.0,,listed_min_total,live,,,True,ok
2026-08-25T05:00:07+00:00,domtut,https://domtut.uz/uz/nedvizhimost/flagman,flagman,Bigroup,Bigroup,Toshkent shahri,Mirzo Ulug'bek tumani,4,140.9,3200000000.0,,22711143.0,,listed_min_total,live,,,True,ok
2026-08-25T05:00:07+00:00,domtut,https://domtut.uz/uz/nedvizhimost/flagman,flagman,Bigroup,Bigroup,Toshkent shahri,Mirzo Ulug'bek tumani,5,207.0,4700000000.0,,22705314.0,,listed_min_total,live,,,True,ok
2026-08-25T05:00:07+00:00,domtut,https://domtut.uz/uz/nedvizhimost/chimgan-hils,chimgan-hils,Chimgan-hills,Chimgan-hills,Toshkent shahri,Mirzo Ulug'bek tumani,1,35.8,529000000.0,,14776536.0,,listed_min_total,live,,,True,ok
2026-08-25T05:00:07+00:00,domtut,https://domtut.uz/uz/nedvizhimost/chimgan-hils,chimgan-hils,Chimgan-hills,Chimgan-hills,Toshkent shahri,Mirzo Ulug'bek tumani,2,54.9,812000000.0,,14790528.0,,listed_min_total,live,,,True,ok
2026-08-25T05:00:07+00:00,domtut,https://domtut.uz/uz/nedvizhimost/chimgan-hils,chimgan-hils,Chimgan-hills,Chimgan-hills,Toshkent shahri,Mirzo Ulug'bek tumani,3,79.2,1200000000.0,,15151515.0,,listed_min_total,live,,,True,ok
2026-08-25T05:00:07+00:00,domtut,https://domtut.uz/uz/nedvizhimost/yangi-ozbekiston,yangi-ozbekiston,China-house,China-house,Toshkent shahri,Mirzo Ulug'bek tumani,1,40.0,650000000.0,,16250000.0,,listed_min_total,live,,,True,ok
2026-08-25T05:00:07+00:00,domtut,https://domtut.uz/uz/nedvizhimost/yangi-ozbekiston,yangi-ozbekiston,China-house,China-house,Toshkent shahri,Mirzo Ulug'bek tumani,2,57.0,926000000.0,,16245614.0,,listed_min_total,live,,,True,ok
2026-08-25T05:00:07+00:00,domtut,https://domtut.uz/uz/nedvizhimost/yangi-ozbekiston,yangi-ozbekiston,China-house,China-house,Toshkent shahri,Mirzo Ulug'bek tumani,3,154.0,2500000000.0,,16233766.0,,listed_min_total,live,,,True,ok
2026-08-25T05:00:07+00:00,domtut,https://domtut.uz/uz/nedvizhimost/yangi-ozbekiston,yangi-ozbekiston,China-house,China-house,Toshkent shahri,Mirzo Ulug'bek tumani,4,200.0,3300000000.0,,16500000.0,,listed_min_total,live,,,True,ok
2026-08-25T05:00:07+00:00,domtut,https://domtut.uz/uz/nedvizhimost/darkhan-residence,darkhan-residence,Darkhan-residence,Darkhan-residence,Toshkent shahri,Mirzo Ulug'bek tumani,1,29.0,442000000.0,,15241379.0,,listed_min_total,live,,,True,ok
2026-08-25T05:00:07+00:00,domtut,https://domtut.uz/uz/nedvizhimost/darkhan-residence,darkhan-residence,Darkhan-residence,Darkhan-residence,Toshkent shahri,Mirzo Ulug'bek tumani,2,88.5,1300000000.0,,14689266.0,,listed_min_total,live,,,True,ok
2026-08-25T05:00:07+00:00,domtut,https://domtut.uz/uz/nedvizhimost/moscow,moscow,Diamond-castle,Diamond-castle,Toshkent shahri,Mirzo Ulug'bek tumani,1,52.0,,,,,listed_min_total,live,,,True,ok
2026-08-25T05:00:07+00:00,domtut,https://domtut.uz/uz/nedvizhimost/moscow,moscow,Diamond-castle,Diamond-castle,Toshkent shahri,Mirzo Ulug'bek tumani,2,62.0,,,,,listed_min_total,live,,,True,ok
2026-08-25T05:00:07+00:00,domtut,https://domtut.uz/uz/nedvizhimost/moscow,moscow,Diamond-castle,Diamond-castle,Toshkent shahri,Mirzo Ulug'bek tumani,3,113.0,,,,,listed_min_total,live,,,True,ok
2026-08-25T05:00:07+00:00,domtut,https://domtut.uz/uz/nedvizhimost/dormon-saroyi,dormon-saroyi,Dormon-saroyi,Dormon-saroyi,Toshkent shahri,Mirzo Ulug'bek tumani,1,44.6,379000000.0,,8497758.0,,listed_min_total,live,,,True,ok
2026-08-25T05:00:07+00:00,domtut,https://domtut.uz/uz/nedvizhimost/dormon-saroyi,dormon-saroyi,Dormon-saroyi,Dormon-saroyi,Toshkent shahri,Mirzo Ulug'bek tumani,2,69.7,592000000.0,,8493544.0,,listed_min_total,live,,,True,ok
2026-08-25T05:00:07+00:00,domtut,https://domtut.uz/uz/nedvizhimost/dormon-saroyi,dormon-saroyi,Dormon-saroyi,Dormon-saroyi,Toshkent shahri,Mirzo Ulug'bek tumani,3,97.5,829000000.0,,8502564.0,,listed_min_total,live,,,True,ok
2026-08-25T05:00:07+00:00,domtut,https://domtut.uz/uz/nedvizhimost/status,status,Eurostroy,Eurostroy,Toshkent shahri,Mirzo Ulug'bek tumani,2,53.5,587000000.0,,10971963.0,,listed_min_total,live,,,True,ok
2026-08-25T05:00:07+00:00,domtut,https://domtut.uz/uz/nedvizhimost/status,status,Eurostroy,Eurostroy,Toshkent shahri,Mirzo Ulug'bek tumani,3,80.5,884000000.0,,10981366.0,,listed_min_total,live,,,True,ok
2026-08-25T05:00:07+00:00,domtut,https://domtut.uz/uz/nedvizhimost/gabus,gabus,Gabus,Gabus,Toshkent shahri,Mirzo Ulug'bek tumani,3,70.8,,,,,listed_min_total,live,,,True,ok
2026-08-25T05:00:07+00:00,domtut,https://domtut.uz/uz/nedvizhimost/gabus,gabus,Gabus,Gabus,Toshkent shahri,Mirzo Ulug'bek tumani,4,92.3,,,,,listed_min_total,live,,,True,ok
2026-08-25T05:00:07+00:00,domtut,https://domtut.uz/uz/nedvizhimost/golden-hills,golden-hills,Golden-hills,Golden-hills,Toshkent shahri,Mirzo Ulug'bek tumani,1,42.8,,,,,listed_min_total,live,,,True,ok
2026-08-25T05:00:07+00:00,domtut,https://domtut.uz/uz/nedvizhimost/golden-hills,golden-hills,Golden-hills,Golden-hills,Toshkent shahri,Mirzo Ulug'bek tumani,2,42.4,,,,,listed_min_total,live,,,True,ok
2026-08-25T05:00:07+00:00,domtut,https://domtut.uz/uz/nedvizhimost/golden-hills,golden-hills,Golden-hills,Golden-hills,Toshkent shahri,Mirzo Ulug'bek tumani,3,67.9,,,,,listed_min_total,live,,,True,ok
2026-08-25T05:00:07+00:00,domtut,https://domtut.uz/uz/nedvizhimost/ozmahal,ozmahal,Golden-house,Golden-house,Toshkent shahri,Mirzo Ulug'bek tumani,1,44.9,954000000.0,,21247216.0,,listed_min_total,live,,,True,ok
2026-08-25T05:00:07+00:00,domtut,https://domtut.uz/uz/nedvizhimost/ozmahal,ozmahal,Golden-house,Golden-house,Toshkent shahri,Mirzo Ulug'bek tumani,2,61.7,1200000000.0,,19448947.0,,listed_min_total,live,,,True,ok
2026-08-25T05:00:07+00:00,domtut,https://domtut.uz/uz/nedvizhimost/ozmahal,ozmahal,Golden-house,Golden-house,Toshkent shahri,Mirzo Ulug'bek tumani,3,74.6,1500000000.0,,20107239.0,,listed_min_total,live,,,True,ok
2026-08-25T05:00:07+00:00,domtut,https://domtut.uz/uz/nedvizhimost/mustaqillik-avenue,mustaqillik-avenue,Grand-capital,Grand-capital,Toshkent shahri,Mirzo Ulug'bek tumani,2,47.0,1300000000.0,,27659574.0,,listed_min_total,live,,,True,ok
2026-08-25T05:00:07+00:00,domtut,https://domtut.uz/uz/nedvizhimost/mustaqillik-avenue,mustaqillik-avenue,Grand-capital,Grand-capital,Toshkent shahri,Mirzo Ulug'bek tumani,3,65.0,1800000000.0,,27692308.0,,listed_min_total,live,,,True,ok
2026-08-25T05:00:07+00:00,domtut,https://domtut.uz/uz/nedvizhimost/sayram-plaza,sayram-plaza,Ist-batterfly,Ist-batterfly,Toshkent shahri,Mirzo Ulug'bek tumani,1,43.2,518000000.0,,11990741.0,,listed_min_total,live,,,True,ok
2026-08-25T05:00:07+00:00,domtut,https://domtut.uz/uz/nedvizhimost/sayram-plaza,sayram-plaza,Ist-batterfly,Ist-batterfly,Toshkent shahri,Mirzo Ulug'bek tumani,2,58.3,700000000.0,,12006861.0,,listed_min_total,live,,,True,ok
2026-08-25T05:00:07+00:00,domtut,https://domtut.uz/uz/nedvizhimost/sayram-plaza,sayram-plaza,Ist-batterfly,Ist-batterfly,Toshkent shahri,Mirzo Ulug'bek tumani,3,70.3,844000000.0,,12005690.0,,listed_min_total,live,,,True,ok
2026-08-25T05:00:07+00:00,domtut,https://domtut.uz/uz/nedvizhimost/sayram-plaza,sayram-plaza,Ist-batterfly,Ist-batterfly,Toshkent shahri,Mirzo Ulug'bek tumani,4,76.8,922000000.0,,12005208.0,,listed_min_total,live,,,True,ok
2026-08-25T05:00:07+00:00,domtut,https://domtut.uz/uz/nedvizhimost/gulbadandegim,gulbadandegim,Kmm-development,Kmm-development,Toshkent shahri,Mirzo Ulug'bek tumani,1,47.6,928000000.0,,19495798.0,,listed_min_total,live,,,True,ok
2026-08-25T05:00:07+00:00,domtut,https://domtut.uz/uz/nedvizhimost/gulbadandegim,gulbadandegim,Kmm-development,Kmm-development,Toshkent shahri,Mirzo Ulug'bek tumani,2,61.2,1200000000.0,,19607843.0,,listed_min_total,live,,,True,ok
2026-08-25T05:00:07+00:00,domtut,https://domtut.uz/uz/nedvizhimost/zhiloj-kompleks-ipak-yoli,zhiloj-kompleks-ipak-yoli,Limonaria,Limonaria,Toshkent shahri,Mirzo Ulug'bek tumani,1,60.9,1100000000.0,,18062397.0,,listed_min_total,live,,,True,ok
2026-08-25T05:00:07+00:00,domtut,https://domtut.uz/uz/nedvizhimost/zhiloj-kompleks-ipak-yoli,zhiloj-kompleks-ipak-yoli,Limonaria,Limonaria,Toshkent shahri,Mirzo Ulug'bek tumani,2,64.3,1200000000.0,,18662519.0,,listed_min_total,live,,,True,ok
2026-08-25T05:00:07+00:00,domtut,https://domtut.uz/uz/nedvizhimost/brooklyn,brooklyn,Marokand-sky,Marokand-sky,Toshkent shahri,Mirzo Ulug'bek tumani,1,53.1,743000000.0,,13992467.0,,listed_min_total,live,,,True,ok
2026-08-25T05:00:07+00:00,domtut,https://domtut.uz/uz/nedvizhimost/brooklyn,brooklyn,Marokand-sky,Marokand-sky,Toshkent shahri,Mirzo Ulug'bek tumani,2,76.2,1100000000.0,,14435696.0,,listed_min_total,live,,,True,ok
2026-08-25T05:00:07+00:00,domtut,https://domtut.uz/uz/nedvizhimost/brooklyn,brooklyn,Marokand-sky,Marokand-sky,Toshkent shahri,Mirzo Ulug'bek tumani,3,75.9,1100000000.0,,14492754.0,,listed_min_total,live,,,True,ok
2026-08-25T05:00:07+00:00,domtut,https://domtut.uz/uz/nedvizhimost/regnum-plaza,regnum-plaza,Murad-buildings,Murad-buildings,Toshkent shahri,Mirzo Ulug'bek tumani,1,44.3,,,,,listed_min_total,live,,,True,ok
2026-08-25T05:00:07+00:00,domtut,https://domtut.uz/uz/nedvizhimost/saadiyat,saadiyat,Murad-buildings,Murad-buildings,Toshkent shahri,Mirzo Ulug'bek tumani,1,35.8,,,,,listed_min_total,live,,,True,ok
2026-08-25T05:00:07+00:00,domtut,https://domtut.uz/uz/nedvizhimost/regnum-plaza,regnum-plaza,Murad-buildings,Murad-buildings,Toshkent shahri,Mirzo Ulug'bek tumani,2,50.4,,,,,listed_min_total,live,,,True,ok
2026-08-25T05:00:07+00:00,domtut,https://domtut.uz/uz/nedvizhimost/saadiyat,saadiyat,Murad-buildings,Murad-buildings,Toshkent shahri,Mirzo Ulug'bek tumani,2,46.5,,,,,listed_min_total,live,,,True,ok
2026-08-25T05:00:07+00:00,domtut,https://domtut.uz/uz/nedvizhimost/regnum-plaza,regnum-plaza,Murad-buildings,Murad-buildings,Toshkent shahri,Mirzo Ulug'bek tumani,3,76.2,,,,,listed_min_total,live,,,True,ok
2026-08-25T05:00:07+00:00,domtut,https://domtut.uz/uz/nedvizhimost/saadiyat,saadiyat,Murad-buildings,Murad-buildings,Toshkent shahri,Mirzo Ulug'bek tumani,3,73.4,,,,,listed_min_total,live,,,True,ok
2026-08-25T05:00:07+00:00,domtut,https://domtut.uz/uz/nedvizhimost/regnum-plaza,regnum-plaza,Murad-buildings,Murad-buildings,Toshkent shahri,Mirzo Ulug'bek tumani,4,125.2,,,,,listed_min_total,live,,,True,ok
2026-08-25T05:00:07+00:00,domtut,https://domtut.uz/uz/nedvizhimost/saadiyat,saadiyat,Murad-buildings,Murad-buildings,Toshkent shahri,Mirzo Ulug'bek tumani,4,90.8,,,,,listed_min_total,live,,,True,ok
2026-08-25T05:00:07+00:00,domtut,https://domtut.uz/uz/nedvizhimost/zhiloj-kompleks-nur,zhiloj-kompleks-nur,Namuna-development,Namuna-development,Toshkent shahri,Mirzo Ulug'bek tumani,1,35.7,,,,,listed_min_total,live,,,True,ok
2026-08-25T05:00:07+00:00,domtut,https://domtut.uz/uz/nedvizhimost/zhiloj-kompleks-nur,zhiloj-kompleks-nur,Namuna-development,Namuna-development,Toshkent shahri,Mirzo Ulug'bek tumani,2,71.3,,,,,listed_min_total,live,,,True,ok
2026-08-25T05:00:07+00:00,domtut,https://domtut.uz/uz/nedvizhimost/zhiloj-kompleks-nur,zhiloj-kompleks-nur,Namuna-development,Namuna-development,Toshkent shahri,Mirzo Ulug'bek tumani,3,66.3,,,,,listed_min_total,live,,,True,ok
2026-08-25T05:00:07+00:00,domtut,https://domtut.uz/uz/nedvizhimost/zhiloj-kompleks-nur,zhiloj-kompleks-nur,Namuna-development,Namuna-development,Toshkent shahri,Mirzo Ulug'bek tumani,4,104.6,,,,,listed_min_total,live,,,True,ok
2026-08-25T05:00:07+00:00,domtut,https://domtut.uz/uz/nedvizhimost/milly-house,milly-house,Ness-development,Ness-development,Toshkent shahri,Mirzo Ulug'bek tumani,2,53.8,610000000.0,,11338290.0,,listed_min_total,live,,,True,ok
2026-08-25T05:00:07+00:00,domtut,https://domtut.uz/uz/nedvizhimost/milly-house,milly-house,Ness-development,Ness-development,Toshkent shahri,Mirzo Ulug'bek tumani,3,65.0,738000000.0,,11353846.0,,listed_min_total,live,,,True,ok
2026-08-25T05:00:07+00:00,domtut,https://domtut.uz/uz/nedvizhimost/milly-house,milly-house,Ness-development,Ness-development,Toshkent shahri,Mirzo Ulug'bek tumani,4,89.4,1000000000.0,,11185682.0,,listed_min_total,live,,,True,ok
2026-08-25T05:00:07+00:00,domtut,https://domtut.uz/uz/nedvizhimost/milly-house,milly-house,Ness-development,Ness-development,Toshkent shahri,Mirzo Ulug'bek tumani,6,137.4,915000000.0,,6659389.0,,listed_min_total,live,,,True,ok
2026-08-25T05:00:07+00:00,domtut,https://domtut.uz/uz/nedvizhimost/new-mahall,new-mahall,New-mahall,New-mahall,Toshkent shahri,Mirzo Ulug'bek tumani,1,36.8,622000000.0,,16902174.0,,listed_min_total,live,,,True,ok
2026-08-25T05:00:07+00:00,domtut,https://domtut.uz/uz/nedvizhimost/new-mahall,new-mahall,New-mahall,New-mahall,Toshkent shahri,Mirzo Ulug'bek tumani,2,51.4,869000000.0,,16906615.0,,listed_min_total,live,,,True,ok
2026-08-25T05:00:07+00:00,domtut,https://domtut.uz/uz/nedvizhimost/qorasuv,qorasuv,Nrg-bi,Nrg-bi,Toshkent shahri,Mirzo Ulug'bek tumani,1,40.2,510000000.0,,12686567.0,,listed_min_total,live,,,True,ok
2026-08-25T05:00:07+00:00,domtut,https://domtut.uz/uz/nedvizhimost/qorasuv,qorasuv,Nrg-bi,Nrg-bi,Toshkent shahri,Mirzo Ulug'bek tumani,2,63.2,803000000.0,,12705696.0,,listed_min_total,live,,,True,ok
2026-08-25T05:00:07+00:00,domtut,https://domtut.uz/uz/nedvizhimost/qorasuv,qorasuv,Nrg-bi,Nrg-bi,Toshkent shahri,Mirzo Ulug'bek tumani,3,93.4,1200000000.0,,12847966.0,,listed_min_total,live,,,True,ok
2026-08-25T05:00:07+00:00,domtut,https://domtut.uz/uz/nedvizhimost/qorasuv,qorasuv,Nrg-bi,Nrg-bi,Toshkent shahri,Mirzo Ulug'bek tumani,4,121.7,1500000000.0,,12325390.0,,listed_min_total,live,,,True,ok
2026-08-25T05:00:07+00:00,domtut,https://domtut.uz/uz/nedvizhimost/botanika,botanika,Renaissance,Renaissance,Toshkent shahri,Mirzo Ulug'bek tumani,1,42.0,588000000.0,,14000000.0,,listed_min_total,live,,,True,ok
2026-08-25T05:00:07+00:00,domtut,https://domtut.uz/uz/nedvizhimost/botanika,botanika,Renaissance,Renaissance,Toshkent shahri,Mirzo Ulug'bek tumani,2,60.0,840000000.0,,14000000.0,,listed_min_total,live,,,True,ok
2026-08-25T05:00:07+00:00,domtut,https://domtut.uz/uz/nedvizhimost/botanika,botanika,Renaissance,Renaissance,Toshkent shahri,Mirzo Ulug'bek tumani,3,76.0,1100000000.0,,14473684.0,,listed_min_total,live,,,True,ok
2026-08-25T05:00:07+00:00,domtut,https://domtut.uz/uz/nedvizhimost/shaxriobod,shaxriobod,Shaxriobod,Shaxriobod,Toshkent shahri,Mirzo Ulug'bek tumani,1,55.5,813000000.0,,14648649.0,,listed_min_total,live,,,True,ok
2026-08-25T05:00:07+00:00,domtut,https://domtut.uz/uz/nedvizhimost/shaxriobod,shaxriobod,Shaxriobod,Shaxriobod,Toshkent shahri,Mirzo Ulug'bek tumani,2,54.0,791000000.0,,14648148.0,,listed_min_total,live,,,True,ok
2026-08-25T05:00:07+00:00,domtut,https://domtut.uz/uz/nedvizhimost/shaxriobod,shaxriobod,Shaxriobod,Shaxriobod,Toshkent shahri,Mirzo Ulug'bek tumani,3,109.5,1600000000.0,,14611872.0,,listed_min_total,live,,,True,ok
2026-08-25T05:00:07+00:00,domtut,https://domtut.uz/uz/nedvizhimost/shaxriobod,shaxriobod,Shaxriobod,Shaxriobod,Toshkent shahri,Mirzo Ulug'bek tumani,4,150.0,2200000000.0,,14666667.0,,listed_min_total,live,,,True,ok
2026-08-25T05:00:07+00:00,domtut,https://domtut.uz/uz/nedvizhimost/zhiloj-kompleks-parkent-avenue,zhiloj-kompleks-parkent-avenue,Vek,Vek,Toshkent shahri,Mirzo Ulug'bek tumani,1,37.7,690000000.0,,18302387.0,,listed_min_total,live,,,True,ok
2026-08-25T05:00:07+00:00,domtut,https://domtut.uz/uz/nedvizhimost/zhiloj-kompleks-parkent-avenue,zhiloj-kompleks-parkent-avenue,Vek,Vek,Toshkent shahri,Mirzo Ulug'bek tumani,2,70.0,1300000000.0,,18571429.0,,listed_min_total,live,,,True,ok
2026-08-25T05:00:07+00:00,domtut,https://domtut.uz/uz/nedvizhimost/qorasuv-plaza,qorasuv-plaza,Vek,Vek,Toshkent shahri,Mirzo Ulug'bek tumani,2,53.4,,,,,listed_min_total,live,,,True,ok
2026-08-25T05:00:07+00:00,domtut,https://domtut.uz/uz/nedvizhimost/zhiloj-kompleks-parkent-avenue,zhiloj-kompleks-parkent-avenue,Vek,Vek,Toshkent shahri,Mirzo Ulug'bek tumani,3,100.8,1800000000.0,,17857143.0,,listed_min_total,live,,,True,ok
2026-08-25T05:00:07+00:00,domtut,https://domtut.uz/uz/nedvizhimost/qorasuv-plaza,qorasuv-plaza,Vek,Vek,Toshkent shahri,Mirzo Ulug'bek tumani,3,89.0,,,,,listed_min_total,live,,,True,ok
2026-08-25T05:00:07+00:00,domtut,https://domtut.uz/uz/nedvizhimost/zhiloj-kompleks-parkent-avenue,zhiloj-kompleks-parkent-avenue,Vek,Vek,Toshkent shahri,Mirzo Ulug'bek tumani,4,131.9,2400000000.0,,18195603.0,,listed_min_total,live,,,True,ok
2026-08-25T05:00:07+00:00,domtut,https://domtut.uz/uz/nedvizhimost/qorasuv-plaza,qorasuv-plaza,Vek,Vek,Toshkent shahri,Mirzo Ulug'bek tumani,4,108.0,,,,,listed_min_total,live,,,True,ok
2026-08-25T05:00:07+00:00,domtut,https://domtut.uz/uz/nedvizhimost/zhiloj-kompleks-edison,zhiloj-kompleks-edison,Volume-service,Volume-service,Toshkent shahri,Mirzo Ulug'bek tumani,2,55.4,1100000000.0,,19855596.0,,listed_min_total,live,,,True,ok
2026-08-25T05:00:07+00:00,domtut,https://domtut.uz/uz/nedvizhimost/zhiloj-kompleks-edison,zhiloj-kompleks-edison,Volume-service,Volume-service,Toshkent shahri,Mirzo Ulug'bek tumani,3,82.3,1700000000.0,,20656136.0,,listed_min_total,live,,,True,ok
2026-08-25T05:00:07+00:00,domtut,https://domtut.uz/uz/nedvizhimost/zhiloj-kompleks-edison,zhiloj-kompleks-edison,Volume-service,Volume-service,Toshkent shahri,Mirzo Ulug'bek tumani,4,81.0,1700000000.0,,20987654.0,,listed_min_total,live,,,True,ok
2026-08-25T05:00:07+00:00,domtut,https://domtut.uz/uz/nedvizhimost/vatan,vatan,Xonsaroy,Xonsaroy,Toshkent shahri,Mirzo Ulug'bek tumani,1,36.8,655000000.0,,17798913.0,,listed_min_total,live,,,True,ok
2026-08-25T05:00:07+00:00,domtut,https://domtut.uz/uz/nedvizhimost/vatan,vatan,Xonsaroy,Xonsaroy,Toshkent shahri,Mirzo Ulug'bek tumani,2,42.7,760000000.0,,17798595.0,,listed_min_total,live,,,True,ok
2026-08-25T05:00:07+00:00,domtut,https://domtut.uz/uz/nedvizhimost/vatan,vatan,Xonsaroy,Xonsaroy,Toshkent shahri,Mirzo Ulug'bek tumani,3,68.4,1200000000.0,,17543860.0,,listed_min_total,live,,,True,ok
2026-08-25T05:00:07+00:00,domtut,https://domtut.uz/uz/nedvizhimost/vatan,vatan,Xonsaroy,Xonsaroy,Toshkent shahri,Mirzo Ulug'bek tumani,5,125.7,2200000000.0,,17501989.0,,listed_min_total,live,,,True,ok
2026-08-25T05:00:07+00:00,domtut,https://domtut.uz/uz/nedvizhimost/zhiloj-kompleks-river-park,zhiloj-kompleks-river-park,Skyline,Skyline,Toshkent shahri,Olmazor tumani,1,77.5,581000000.0,,7496774.0,,listed_min_total,live,,,True,ok
2026-08-25T05:00:07+00:00,domtut,https://domtut.uz/uz/nedvizhimost/zhiloj-kompleks-river-park,zhiloj-kompleks-river-park,Skyline,Skyline,Toshkent shahri,Olmazor tumani,2,73.4,565000000.0,,7697548.0,,listed_min_total,live,,,True,ok
2026-08-25T05:00:07+00:00,domtut,https://domtut.uz/uz/nedvizhimost/park-avenue,park-avenue,Arkan-development,Arkan-development,Toshkent shahri,Sergeli tumani,1,48.0,530000000.0,,11041667.0,,listed_min_total,live,,,True,ok
2026-08-25T05:00:07+00:00,domtut,https://domtut.uz/uz/nedvizhimost/park-avenue,park-avenue,Arkan-development,Arkan-development,Toshkent shahri,Sergeli tumani,2,63.4,701000000.0,,11056782.0,,listed_min_total,live,,,True,ok
2026-08-25T05:00:07+00:00,domtut,https://domtut.uz/uz/nedvizhimost/park-avenue,park-avenue,Arkan-development,Arkan-development,Toshkent shahri,Sergeli tumani,3,114.0,1300000000.0,,11403509.0,,listed_min_total,live,,,True,ok
2026-08-25T05:00:07+00:00,domtut,https://domtut.uz/uz/nedvizhimost/favorit-residence,favorit-residence,Centro-group,Centro-group,Toshkent shahri,Sergeli tumani,1,39.0,414000000.0,,10615385.0,,listed_min_total,live,,,True,ok
2026-08-25T05:00:07+00:00,domtut,https://domtut.uz/uz/nedvizhimost/favorit-residence,favorit-residence,Centro-group,Centro-group,Toshkent shahri,Sergeli tumani,2,70.3,746000000.0,,10611664.0,,listed_min_total,live,,,True,ok
2026-08-25T05:00:07+00:00,domtut,https://domtut.uz/uz/nedvizhimost/navroz-residence,navroz-residence,China-house,China-house,Toshkent shahri,Sergeli tumani,1,39.6,463000000.0,,11691919.0,,listed_min_total,live,,,True,ok
2026-08-25T05:00:07+00:00,domtut,https://domtut.uz/uz/nedvizhimost/zhiloj-kompleks-shoxsaroy-residence,zhiloj-kompleks-shoxsaroy-residence,China-house,China-house,Toshkent shahri,Sergeli tumani,1,38.8,,,,,listed_min_total,live,,,True,ok
2026-08-25T05:00:07+00:00,domtut,https://domtut.uz/uz/nedvizhimost/navroz-residence,navroz-residence,China-house,China-house,Toshkent shahri,Sergeli tumani,2,40.1,469000000.0,,11695761.0,,listed_min_total,live,,,True,ok
2026-08-25T05:00:07+00:00,domtut,https://domtut.uz/uz/nedvizhimost/zhiloj-kompleks-shoxsaroy-residence,zhiloj-kompleks-shoxsaroy-residence,China-house,China-house,Toshkent shahri,Sergeli tumani,2,57.4,,,,,listed_min_total,live,,,True,ok
2026-08-25T05:00:07+00:00,domtut,https://domtut.uz/uz/nedvizhimost/navroz-residence,navroz-residence,China-house,China-house,Toshkent shahri,Sergeli tumani,3,75.3,881000000.0,,11699867.0,,listed_min_total,live,,,True,ok
2026-08-25T05:00:07+00:00,domtut,https://domtut.uz/uz/nedvizhimost/choshtepa-house,choshtepa-house,Choshtepa-palace,Choshtepa-palace,Toshkent shahri,Sergeli tumani,1,46.0,379000000.0,,8239130.0,,listed_min_total,live,,,True,ok
2026-08-25T05:00:07+00:00,domtut,https://domtut.uz/uz/nedvizhimost/diamont,diamont,Diamont,Diamont,Toshkent shahri,Sergeli tumani,2,52.0,,,,,listed_min_total,live,,,True,ok
2026-08-25T05:00:07+00:00,domtut,https://domtut.uz/uz/nedvizhimost/diamont,diamont,Diamont,Diamont,Toshkent shahri,Sergeli tumani,3,83.0,,,,,listed_min_total,live,,,True,ok
2026-08-25T05:00:07+00:00,domtut,https://domtut.uz/uz/nedvizhimost/yangi-qumariq,yangi-qumariq,Dream-house,Dream-house,Toshkent shahri,Sergeli tumani,1,31.0,,,,,listed_min_total,live,,,True,ok
2026-08-25T05:00:07+00:00,domtut,https://domtut.uz/uz/nedvizhimost/yangi-qumariq,yangi-qumariq,Dream-house,Dream-house,Toshkent shahri,Sergeli tumani,2,54.7,,,,,listed_min_total,live,,,True,ok
2026-08-25T05:00:07+00:00,domtut,https://domtut.uz/uz/nedvizhimost/yangi-qumariq,yangi-qumariq,Dream-house,Dream-house,Toshkent shahri,Sergeli tumani,3,65.2,,,,,listed_min_total,live,,,True,ok
2026-08-25T05:00:07+00:00,domtut,https://domtut.uz/uz/nedvizhimost/zhiloj-kompleks-eco-sergeli,zhiloj-kompleks-eco-sergeli,Eco-sergeli,Eco-sergeli,Toshkent shahri,Sergeli tumani,1,40.3,,,,,listed_min_total,live,,,True,ok
2026-08-25T05:00:07+00:00,domtut,https://domtut.uz/uz/nedvizhimost/zhiloj-kompleks-eco-sergeli,zhiloj-kompleks-eco-sergeli,Eco-sergeli,Eco-sergeli,Toshkent shahri,Sergeli tumani,2,60.0,,,,,listed_min_total,live,,,True,ok
2026-08-25T05:00:07+00:00,domtut,https://domtut.uz/uz/nedvizhimost/zhiloj-kompleks-eco-sergeli,zhiloj-kompleks-eco-sergeli,Eco-sergeli,Eco-sergeli,Toshkent shahri,Sergeli tumani,3,105.3,,,,,listed_min_total,live,,,True,ok
2026-08-25T05:00:07+00:00,domtut,https://domtut.uz/uz/nedvizhimost/zhiloj-kompleks-eco-sergeli,zhiloj-kompleks-eco-sergeli,Eco-sergeli,Eco-sergeli,Toshkent shahri,Sergeli tumani,4,106.0,,,,,listed_min_total,live,,,True,ok
2026-08-25T05:00:07+00:00,domtut,https://domtut.uz/uz/nedvizhimost/oson-fayzli-hayot,oson-fayzli-hayot,Fdg,Fdg,Toshkent shahri,Sergeli tumani,1,31.8,,,,,listed_min_total,live,,,True,ok
2026-08-25T05:00:07+00:00,domtut,https://domtut.uz/uz/nedvizhimost/oson-fayzli-hayot,oson-fayzli-hayot,Fdg,Fdg,Toshkent shahri,Sergeli tumani,3,73.2,,,,,listed_min_total,live,,,True,ok
2026-08-25T05:00:07+00:00,domtut,https://domtut.uz/uz/nedvizhimost/fidokor,fidokor,Fidokor,Fidokor,Toshkent shahri,Sergeli tumani,2,48.5,,,,,listed_min_total,live,,,True,ok
2026-08-25T05:00:07+00:00,domtut,https://domtut.uz/uz/nedvizhimost/fidokor,fidokor,Fidokor,Fidokor,Toshkent shahri,Sergeli tumani,3,80.3,,,,,listed_min_total,live,,,True,ok
2026-08-25T05:00:07+00:00,domtut,https://domtut.uz/uz/nedvizhimost/zhiloj-kompleks-sergeli-elite,zhiloj-kompleks-sergeli-elite,Full-stroy,Full-stroy,Toshkent shahri,Sergeli tumani,2,47.0,,,,,listed_min_total,live,,,True,ok
2026-08-25T05:00:07+00:00,domtut,https://domtut.uz/uz/nedvizhimost/zhiloj-kompleks-sergeli-elite,zhiloj-kompleks-sergeli-elite,Full-stroy,Full-stroy,Toshkent shahri,Sergeli tumani,3,66.6,,,,,listed_min_total,live,,,True,ok
2026-08-25T05:00:07+00:00,domtut,https://domtut.uz/uz/nedvizhimost/new-national-way,new-national-way,Imarat-estate,Imarat-estate,Toshkent shahri,Sergeli tumani,1,39.0,309000000.0,,7923077.0,,listed_min_total,live,,,True,ok
2026-08-25T05:00:07+00:00,domtut,https://domtut.uz/uz/nedvizhimost/new-national-way,new-national-way,Imarat-estate,Imarat-estate,Toshkent shahri,Sergeli tumani,2,49.0,389000000.0,,7938776.0,,listed_min_total,live,,,True,ok
2026-08-25T05:00:07+00:00,domtut,https://domtut.uz/uz/nedvizhimost/new-national-way,new-national-way,Imarat-estate,Imarat-estate,Toshkent shahri,Sergeli tumani,3,59.5,472000000.0,,7932773.0,,listed_min_total,live,,,True,ok
2026-08-25T05:00:07+00:00,domtut,https://domtut.uz/uz/nedvizhimost/mavrid,mavrid,Iskander-buildings,Iskander-buildings,Toshkent shahri,Sergeli tumani,2,58.4,656000000.0,,11232877.0,,listed_min_total,live,,,True,ok
2026-08-25T05:00:07+00:00,domtut,https://domtut.uz/uz/nedvizhimost/mavrid,mavrid,Iskander-buildings,Iskander-buildings,Toshkent shahri,Sergeli tumani,3,66.2,744000000.0,,11238671.0,,listed_min_total,live,,,True,ok
2026-08-25T05:00:07+00:00,domtut,https://domtut.uz/uz/nedvizhimost/aero-town,aero-town,Kala-group,Kala-group,Toshkent shahri,Sergeli tumani,2,72.8,,,,,listed_min_total,live,,,True,ok
2026-08-25T05:00:07+00:00,domtut,https://domtut.uz/uz/nedvizhimost/aero-town,aero-town,Kala-group,Kala-group,Toshkent shahri,Sergeli tumani,3,71.9,,,,,listed_min_total,live,,,True,ok
2026-08-25T05:00:07+00:00,domtut,https://domtut.uz/uz/nedvizhimost/yangi-hayot-residence,yangi-hayot-residence,Kamol-construction,Kamol-construction,Toshkent shahri,Sergeli tumani,1,33.0,380000000.0,,11515152.0,,listed_min_total,live,,,True,ok
2026-08-25T05:00:07+00:00,domtut,https://domtut.uz/uz/nedvizhimost/yangi-hayot-residence,yangi-hayot-residence,Kamol-construction,Kamol-construction,Toshkent shahri,Sergeli tumani,2,41.0,472000000.0,,11512195.0,,listed_min_total,live,,,True,ok
2026-08-25T05:00:07+00:00,domtut,https://domtut.uz/uz/nedvizhimost/yangi-hayot-residence,yangi-hayot-residence,Kamol-construction,Kamol-construction,Toshkent shahri,Sergeli tumani,3,70.8,814000000.0,,11497175.0,,listed_min_total,live,,,True,ok
2026-08-25T05:00:07+00:00,domtut,https://domtut.uz/uz/nedvizhimost/zhiloj-kompleks-modern-sergeli,zhiloj-kompleks-modern-sergeli,Moder-sergeli,Moder-sergeli,Toshkent shahri,Sergeli tumani,1,35.0,342000000.0,,9771429.0,,listed_min_total,live,,,True,ok
2026-08-25T05:00:07+00:00,domtut,https://domtut.uz/uz/nedvizhimost/zhiloj-kompleks-modern-sergeli,zhiloj-kompleks-modern-sergeli,Moder-sergeli,Moder-sergeli,Toshkent shahri,Sergeli tumani,2,58.0,566000000.0,,9758621.0,,listed_min_total,live,,,True,ok
2026-08-25T05:00:07+00:00,domtut,https://domtut.uz/uz/nedvizhimost/zhiloj-kompleks-modern-sergeli,zhiloj-kompleks-modern-sergeli,Moder-sergeli,Moder-sergeli,Toshkent shahri,Sergeli tumani,3,87.0,849000000.0,,9758621.0,,listed_min_total,live,,,True,ok
2026-08-25T05:00:07+00:00,domtut,https://domtut.uz/uz/nedvizhimost/zhiloj-kompleks-modern-sergeli,zhiloj-kompleks-modern-sergeli,Moder-sergeli,Moder-sergeli,Toshkent shahri,Sergeli tumani,4,117.0,1100000000.0,,9401709.0,,listed_min_total,live,,,True,ok
2026-08-25T05:00:07+00:00,domtut,https://domtut.uz/uz/nedvizhimost/twins,twins,New-build,New-build,Toshkent shahri,Sergeli tumani,1,40.2,482000000.0,,11990050.0,,listed_min_total,live,,,True,ok
2026-08-25T05:00:07+00:00,domtut,https://domtut.uz/uz/nedvizhimost/twins,twins,New-build,New-build,Toshkent shahri,Sergeli tumani,2,67.6,811000000.0,,11997041.0,,listed_min_total,live,,,True,ok
2026-08-25T05:00:07+00:00,domtut,https://domtut.uz/uz/nedvizhimost/zhiloj-kompleks-ness-city,zhiloj-kompleks-ness-city,New-tower-city,New-tower-city,Toshkent shahri,Sergeli tumani,1,43.4,434000000.0,,10000000.0,,listed_min_total,live,,,True,ok
2026-08-25T05:00:07+00:00,domtut,https://domtut.uz/uz/nedvizhimost/zhiloj-kompleks-ness-city,zhiloj-kompleks-ness-city,New-tower-city,New-tower-city,Toshkent shahri,Sergeli tumani,3,78.9,789000000.0,,10000000.0,,listed_min_total,live,,,True,ok
2026-08-25T05:00:07+00:00,domtut,https://domtut.uz/uz/nedvizhimost/zhiloj-kompleks-ness-city,zhiloj-kompleks-ness-city,New-tower-city,New-tower-city,Toshkent shahri,Sergeli tumani,4,102.8,1000000000.0,,9727626.0,,listed_min_total,live,,,True,ok
2026-08-25T05:00:07+00:00,domtut,https://domtut.uz/uz/nedvizhimost/zhiloj-kompleks-ness-city,zhiloj-kompleks-ness-city,New-tower-city,New-tower-city,Toshkent shahri,Sergeli tumani,5,121.0,1200000000.0,,9917355.0,,listed_min_total,live,,,True,ok
2026-08-25T05:00:07+00:00,domtut,https://domtut.uz/uz/nedvizhimost/oila-residence,oila-residence,Oila-residence,Oila-residence,Toshkent shahri,Sergeli tumani,1,42.0,378000000.0,,9000000.0,,listed_min_total,live,,,True,ok
2026-08-25T05:00:07+00:00,domtut,https://domtut.uz/uz/nedvizhimost/oila-residence,oila-residence,Oila-residence,Oila-residence,Toshkent shahri,Sergeli tumani,2,42.5,383000000.0,,9011765.0,,listed_min_total,live,,,True,ok
2026-08-25T05:00:07+00:00,domtut,https://domtut.uz/uz/nedvizhimost/oila-residence,oila-residence,Oila-residence,Oila-residence,Toshkent shahri,Sergeli tumani,3,77.5,698000000.0,,9006452.0,,listed_min_total,live,,,True,ok
2026-08-25T05:00:07+00:00,domtut,https://domtut.uz/uz/nedvizhimost/zhiloj-kompleks-elite-complex,zhiloj-kompleks-elite-complex,Psk-2,Psk-2,Toshkent shahri,Sergeli tumani,1,46.7,,,,,listed_min_total,live,,,True,ok
2026-08-25T05:00:07+00:00,domtut,https://domtut.uz/uz/nedvizhimost/zhiloj-kompleks-elite-complex,zhiloj-kompleks-elite-complex,Psk-2,Psk-2,Toshkent shahri,Sergeli tumani,2,74.3,,,,,listed_min_total,live,,,True,ok
2026-08-25T05:00:07+00:00,domtut,https://domtut.uz/uz/nedvizhimost/zhiloj-kompleks-elite-complex,zhiloj-kompleks-elite-complex,Psk-2,Psk-2,Toshkent shahri,Sergeli tumani,3,92.3,,,,,listed_min_total,live,,,True,ok
2026-08-25T05:00:07+00:00,domtut,https://domtut.uz/uz/nedvizhimost/yangi-ozbekiston-massivi,yangi-ozbekiston-massivi,Pushkin-east,Pushkin-east,Toshkent shahri,Sergeli tumani,1,31.0,403000000.0,,13000000.0,,listed_min_total,live,,,True,ok
2026-08-25T05:00:07+00:00,domtut,https://domtut.uz/uz/nedvizhimost/yangi-ozbekiston-massivi,yangi-ozbekiston-massivi,Pushkin-east,Pushkin-east,Toshkent shahri,Sergeli tumani,2,68.0,884000000.0,,13000000.0,,listed_min_total,live,,,True,ok
2026-08-25T05:00:07+00:00,domtut,https://domtut.uz/uz/nedvizhimost/yangi-ozbekiston-massivi,yangi-ozbekiston-massivi,Pushkin-east,Pushkin-east,Toshkent shahri,Sergeli tumani,3,76.0,988000000.0,,13000000.0,,listed_min_total,live,,,True,ok
2026-08-25T05:00:07+00:00,domtut,https://domtut.uz/uz/nedvizhimost/westrn-housing,westrn-housing,Renaissance,Renaissance,Toshkent shahri,Sergeli tumani,1,50.0,,,,,listed_min_total,live,,,True,ok
2026-08-25T05:00:07+00:00,domtut,https://domtut.uz/uz/nedvizhimost/westrn-housing,westrn-housing,Renaissance,Renaissance,Toshkent shahri,Sergeli tumani,2,72.0,,,,,listed_min_total,live,,,True,ok
2026-08-25T05:00:07+00:00,domtut,https://domtut.uz/uz/nedvizhimost/westrn-housing,westrn-housing,Renaissance,Renaissance,Toshkent shahri,Sergeli tumani,3,92.0,,,,,listed_min_total,live,,,True,ok
2026-08-25T05:00:07+00:00,domtut,https://domtut.uz/uz/nedvizhimost/sergeli-residence,sergeli-residence,Sergeli-residence,Sergeli-residence,Toshkent shahri,Sergeli tumani,1,46.0,,,,,listed_min_total,live,,,True,ok
2026-08-25T05:00:07+00:00,domtut,https://domtut.uz/uz/nedvizhimost/sergeli-residence,sergeli-residence,Sergeli-residence,Sergeli-residence,Toshkent shahri,Sergeli tumani,2,46.0,,,,,listed_min_total,live,,,True,ok
2026-08-25T05:00:07+00:00,domtut,https://domtut.uz/uz/nedvizhimost/sergeli-residence,sergeli-residence,Sergeli-residence,Sergeli-residence,Toshkent shahri,Sergeli tumani,3,82.0,,,,,listed_min_total,live,,,True,ok
2026-08-25T05:00:07+00:00,domtut,https://domtut.uz/uz/nedvizhimost/sergeli-residence,sergeli-residence,Sergeli-residence,Sergeli-residence,Toshkent shahri,Sergeli tumani,4,123.5,,,,,listed_min_total,live,,,True,ok
2026-08-25T05:00:07+00:00,domtut,https://domtut.uz/uz/nedvizhimost/sky-avenue,sky-avenue,Sky-avenue,Sky-avenue,Toshkent shahri,Sergeli tumani,1,57.7,594000000.0,,10294627.0,,listed_min_total,live,,,True,ok
2026-08-25T05:00:07+00:00,domtut,https://domtut.uz/uz/nedvizhimost/sky-avenue,sky-avenue,Sky-avenue,Sky-avenue,Toshkent shahri,Sergeli tumani,2,74.4,766000000.0,,10295699.0,,listed_min_total,live,,,True,ok
2026-08-25T05:00:07+00:00,domtut,https://domtut.uz/uz/nedvizhimost/smart-town,smart-town,Smar-ttown,Smar-ttown,Toshkent shahri,Sergeli tumani,1,33.0,302000000.0,,9151515.0,,listed_min_total,live,,,True,ok
2026-08-25T05:00:07+00:00,domtut,https://domtut.uz/uz/nedvizhimost/smart-town,smart-town,Smar-ttown,Smar-ttown,Toshkent shahri,Sergeli tumani,2,58.0,530000000.0,,9137931.0,,listed_min_total,live,,,True,ok
2026-08-25T05:00:07+00:00,domtut,https://domtut.uz/uz/nedvizhimost/smart-town,smart-town,Smar-ttown,Smar-ttown,Toshkent shahri,Sergeli tumani,3,76.9,703000000.0,,9141743.0,,listed_min_total,live,,,True,ok
2026-08-25T05:00:07+00:00,domtut,https://domtut.uz/uz/nedvizhimost/zhiloj-kompleks-sputnik,zhiloj-kompleks-sputnik,Sputnik,Sputnik,Toshkent shahri,Sergeli tumani,1,36.6,,,,,listed_min_total,live,,,True,ok
2026-08-25T05:00:07+00:00,domtut,https://domtut.uz/uz/nedvizhimost/zhiloj-kompleks-sputnik,zhiloj-kompleks-sputnik,Sputnik,Sputnik,Toshkent shahri,Sergeli tumani,2,51.4,,,,,listed_min_total,live,,,True,ok
2026-08-25T05:00:07+00:00,domtut,https://domtut.uz/uz/nedvizhimost/star-house-residence,star-house-residence,Star-house,Star-house,Toshkent shahri,Sergeli tumani,1,39.4,394000000.0,,10000000.0,,listed_min_total,live,,,True,ok
2026-08-25T05:00:07+00:00,domtut,https://domtut.uz/uz/nedvizhimost/star-house-residence,star-house-residence,Star-house,Star-house,Toshkent shahri,Sergeli tumani,2,62.4,623000000.0,,9983974.0,,listed_min_total,live,,,True,ok
2026-08-25T05:00:07+00:00,domtut,https://domtut.uz/uz/nedvizhimost/star-house-residence,star-house-residence,Star-house,Star-house,Toshkent shahri,Sergeli tumani,3,85.7,856000000.0,,9988331.0,,listed_min_total,live,,,True,ok
2026-08-25T05:00:07+00:00,domtut,https://domtut.uz/uz/nedvizhimost/xonobod-avenue,xonobod-avenue,Xonobod-avenue,Xonobod-avenue,Toshkent shahri,Sergeli tumani,1,39.8,478000000.0,,12010050.0,,listed_min_total,live,,,True,ok
2026-08-25T05:00:07+00:00,domtut,https://domtut.uz/uz/nedvizhimost/ibn-sino,ibn-sino,Alinatov-zafar-zakir,Alinatov-zafar-zakir,Toshkent shahri,Shayxontohur tumani,1,30.0,341000000.0,,11366667.0,,listed_min_total,live,,,True,ok
2026-08-25T05:00:07+00:00,domtut,https://domtut.uz/uz/nedvizhimost/ibn-sino,ibn-sino,Alinatov-zafar-zakir,Alinatov-zafar-zakir,Toshkent shahri,Shayxontohur tumani,2,42.0,478000000.0,,11380952.0,,listed_min_total,live,,,True,ok
2026-08-25T05:00:07+00:00,domtut,https://domtut.uz/uz/nedvizhimost/ibn-sino,ibn-sino,Alinatov-zafar-zakir,Alinatov-zafar-zakir,Toshkent shahri,Shayxontohur tumani,3,73.0,831000000.0,,11383562.0,,listed_min_total,live,,,True,ok
2026-08-25T05:00:07+00:00,domtut,https://domtut.uz/uz/nedvizhimost/ibn-sino,ibn-sino,Alinatov-zafar-zakir,Alinatov-zafar-zakir,Toshkent shahri,Shayxontohur tumani,4,84.0,956000000.0,,11380952.0,,listed_min_total,live,,,True,ok
2026-08-25T05:00:07+00:00,domtut,https://domtut.uz/uz/nedvizhimost/aviccena,aviccena,Avicenna,Avicenna,Toshkent shahri,Shayxontohur tumani,1,39.5,400000000.0,,10126582.0,,listed_min_total,live,,,True,ok
2026-08-25T05:00:07+00:00,domtut,https://domtut.uz/uz/nedvizhimost/aviccena,aviccena,Avicenna,Avicenna,Toshkent shahri,Shayxontohur tumani,2,65.2,660000000.0,,10122699.0,,listed_min_total,live,,,True,ok
2026-08-25T05:00:07+00:00,domtut,https://domtut.uz/uz/nedvizhimost/aviccena,aviccena,Avicenna,Avicenna,Toshkent shahri,Shayxontohur tumani,3,62.7,635000000.0,,10127592.0,,listed_min_total,live,,,True,ok
2026-08-25T05:00:07+00:00,domtut,https://domtut.uz/uz/nedvizhimost/aviccena,aviccena,Avicenna,Avicenna,Toshkent shahri,Shayxontohur tumani,4,79.0,800000000.0,,10126582.0,,listed_min_total,live,,,True,ok
2026-08-25T05:00:07+00:00,domtut,https://domtut.uz/uz/nedvizhimost/koh-ota,koh-ota,Bazis-t,Bazis-t,Toshkent shahri,Shayxontohur tumani,1,45.2,,,,,listed_min_total,live,,,True,ok
2026-08-25T05:00:07+00:00,domtut,https://domtut.uz/uz/nedvizhimost/koh-ota,koh-ota,Bazis-t,Bazis-t,Toshkent shahri,Shayxontohur tumani,2,64.6,,,,,listed_min_total,live,,,True,ok
2026-08-25T05:00:07+00:00,domtut,https://domtut.uz/uz/nedvizhimost/koh-ota,koh-ota,Bazis-t,Bazis-t,Toshkent shahri,Shayxontohur tumani,3,92.8,,,,,listed_min_total,live,,,True,ok
2026-08-25T05:00:07+00:00,domtut,https://domtut.uz/uz/nedvizhimost/koh-ota,koh-ota,Bazis-t,Bazis-t,Toshkent shahri,Shayxontohur tumani,4,115.2,,,,,listed_min_total,live,,,True,ok
2026-08-25T05:00:07+00:00,domtut,https://domtut.uz/uz/nedvizhimost/minor-towers,minor-towers,Binar-group,Binar-group,Toshkent shahri,Shayxontohur tumani,1,38.9,,,,,listed_min_total,live,,,True,ok
2026-08-25T05:00:07+00:00,domtut,https://domtut.uz/uz/nedvizhimost/minor-towers,minor-towers,Binar-group,Binar-group,Toshkent shahri,Shayxontohur tumani,2,61.3,,,,,listed_min_total,live,,,True,ok
2026-08-25T05:00:07+00:00,domtut,https://domtut.uz/uz/nedvizhimost/minor-towers,minor-towers,Binar-group,Binar-group,Toshkent shahri,Shayxontohur tumani,3,72.9,,,,,listed_min_total,live,,,True,ok
2026-08-25T05:00:07+00:00,domtut,https://domtut.uz/uz/nedvizhimost/charx-novza,charx-novza,Bm-group,Bm-group,Toshkent shahri,Shayxontohur tumani,1,31.2,484000000.0,,15512821.0,,listed_min_total,live,,,True,ok
2026-08-25T05:00:07+00:00,domtut,https://domtut.uz/uz/nedvizhimost/charx-novza,charx-novza,Bm-group,Bm-group,Toshkent shahri,Shayxontohur tumani,2,47.6,738000000.0,,15504202.0,,listed_min_total,live,,,True,ok
2026-08-25T05:00:07+00:00,domtut,https://domtut.uz/uz/nedvizhimost/charx-novza,charx-novza,Bm-group,Bm-group,Toshkent shahri,Shayxontohur tumani,3,69.6,1100000000.0,,15804598.0,,listed_min_total,live,,,True,ok
2026-08-25T05:00:07+00:00,domtut,https://domtut.uz/uz/nedvizhimost/charx-novza,charx-novza,Bm-group,Bm-group,Toshkent shahri,Shayxontohur tumani,4,121.1,1900000000.0,,15689513.0,,listed_min_total,live,,,True,ok
2026-08-25T05:00:07+00:00,domtut,https://domtut.uz/uz/nedvizhimost/zhiloj-kompleks-gardens-residence,zhiloj-kompleks-gardens-residence,Dream-city,Dream-city,Toshkent shahri,Shayxontohur tumani,2,67.0,,,,,listed_min_total,live,,,True,ok
2026-08-25T05:00:07+00:00,domtut,https://domtut.uz/uz/nedvizhimost/zhiloj-kompleks-boulevard,zhiloj-kompleks-boulevard,Dream-city,Dream-city,Toshkent shahri,Shayxontohur tumani,3,85.0,,,,,listed_min_total,live,,,True,ok
2026-08-25T05:00:07+00:00,domtut,https://domtut.uz/uz/nedvizhimost/zhiloj-kompleks-gardens-residence,zhiloj-kompleks-gardens-residence,Dream-city,Dream-city,Toshkent shahri,Shayxontohur tumani,3,91.0,,,,,listed_min_total,live,,,True,ok
2026-08-25T05:00:07+00:00,domtut,https://domtut.uz/uz/nedvizhimost/zhiloj-kompleks-boulevard,zhiloj-kompleks-boulevard,Dream-city,Dream-city,Toshkent shahri,Shayxontohur tumani,4,116.0,,,,,listed_min_total,live,,,True,ok
2026-08-25T05:00:07+00:00,domtut,https://domtut.uz/uz/nedvizhimost/farabi,farabi,Farabi,Farabi,Toshkent shahri,Shayxontohur tumani,2,48.2,723000000.0,,15000000.0,,listed_min_total,live,,,True,ok
2026-08-25T05:00:07+00:00,domtut,https://domtut.uz/uz/nedvizhimost/farabi,farabi,Farabi,Farabi,Toshkent shahri,Shayxontohur tumani,3,86.2,1300000000.0,,15081206.0,,listed_min_total,live,,,True,ok
2026-08-25T05:00:07+00:00,domtut,https://domtut.uz/uz/nedvizhimost/zhiloj-kompleks-jangokh,zhiloj-kompleks-jangokh,Genesys,Genesys,Toshkent shahri,Shayxontohur tumani,1,56.0,,,,,listed_min_total,live,,,True,ok
2026-08-25T05:00:07+00:00,domtut,https://domtut.uz/uz/nedvizhimost/zhiloj-kompleks-jangokh,zhiloj-kompleks-jangokh,Genesys,Genesys,Toshkent shahri,Shayxontohur tumani,2,65.1,,,,,listed_min_total,live,,,True,ok
2026-08-25T05:00:07+00:00,domtut,https://domtut.uz/uz/nedvizhimost/zhiloj-kompleks-jangokh,zhiloj-kompleks-jangokh,Genesys,Genesys,Toshkent shahri,Shayxontohur tumani,3,93.5,,,,,listed_min_total,live,,,True,ok
2026-08-25T05:00:07+00:00,domtut,https://domtut.uz/uz/nedvizhimost/ibn-sino-resedence,ibn-sino-resedence,Glorious-bulding,Glorious-bulding,Toshkent shahri,Shayxontohur tumani,2,44.0,456000000.0,,10363636.0,,listed_min_total,live,,,True,ok
2026-08-25T05:00:07+00:00,domtut,https://domtut.uz/uz/nedvizhimost/ibn-sino-resedence,ibn-sino-resedence,Glorious-bulding,Glorious-bulding,Toshkent shahri,Shayxontohur tumani,3,70.0,726000000.0,,10371429.0,,listed_min_total,live,,,True,ok
2026-08-25T05:00:07+00:00,domtut,https://domtut.uz/uz/nedvizhimost/zhiloj-kompleks-korsquokcha-darvoza,zhiloj-kompleks-korsquokcha-darvoza,Jas-development,Jas-development,Toshkent shahri,Shayxontohur tumani,1,45.4,,,,,listed_min_total,live,,,True,ok
2026-08-25T05:00:07+00:00,domtut,https://domtut.uz/uz/nedvizhimost/zhiloj-kompleks-korsquokcha-darvoza,zhiloj-kompleks-korsquokcha-darvoza,Jas-development,Jas-development,Toshkent shahri,Shayxontohur tumani,2,72.7,,,,,listed_min_total,live,,,True,ok
2026-08-25T05:00:07+00:00,domtut,https://domtut.uz/uz/nedvizhimost/zhiloj-kompleks-korsquokcha-darvoza,zhiloj-kompleks-korsquokcha-darvoza,Jas-development,Jas-development,Toshkent shahri,Shayxontohur tumani,3,100.0,,,,,listed_min_total,live,,,True,ok
2026-08-25T05:00:07+00:00,domtut,https://domtut.uz/uz/nedvizhimost/yangi-beltepa,yangi-beltepa,Lucky-boater,Lucky-boater,Toshkent shahri,Shayxontohur tumani,1,42.0,512000000.0,,12190476.0,,listed_min_total,live,,,True,ok
2026-08-25T05:00:07+00:00,domtut,https://domtut.uz/uz/nedvizhimost/yangi-beltepa,yangi-beltepa,Lucky-boater,Lucky-boater,Toshkent shahri,Shayxontohur tumani,2,51.6,630000000.0,,12209302.0,,listed_min_total,live,,,True,ok
2026-08-25T05:00:07+00:00,domtut,https://domtut.uz/uz/nedvizhimost/yangi-beltepa,yangi-beltepa,Lucky-boater,Lucky-boater,Toshkent shahri,Shayxontohur tumani,3,69.0,842000000.0,,12202899.0,,listed_min_total,live,,,True,ok
2026-08-25T05:00:07+00:00,domtut,https://domtut.uz/uz/nedvizhimost/mailka,mailka,Malika,Malika,Toshkent shahri,Shayxontohur tumani,1,45.2,461000000.0,,10199115.0,,listed_min_total,live,,,True,ok
2026-08-25T05:00:07+00:00,domtut,https://domtut.uz/uz/nedvizhimost/mailka,mailka,Malika,Malika,Toshkent shahri,Shayxontohur tumani,2,48.6,496000000.0,,10205761.0,,listed_min_total,live,,,True,ok
2026-08-25T05:00:07+00:00,domtut,https://domtut.uz/uz/nedvizhimost/mailka,mailka,Malika,Malika,Toshkent shahri,Shayxontohur tumani,3,96.0,979000000.0,,10197917.0,,listed_min_total,live,,,True,ok
2026-08-25T05:00:07+00:00,domtut,https://domtut.uz/uz/nedvizhimost/zhiloj-kompleks-nest-one,zhiloj-kompleks-nest-one,Murad-buildings,Murad-buildings,Toshkent shahri,Shayxontohur tumani,1,36.7,,,,,listed_min_total,live,,,True,ok
2026-08-25T05:00:07+00:00,domtut,https://domtut.uz/uz/nedvizhimost/zhiloj-kompleks-nest-one,zhiloj-kompleks-nest-one,Murad-buildings,Murad-buildings,Toshkent shahri,Shayxontohur tumani,2,40.4,,,,,listed_min_total,live,,,True,ok
2026-08-25T05:00:07+00:00,domtut,https://domtut.uz/uz/nedvizhimost/zhiloj-kompleks-nest-one,zhiloj-kompleks-nest-one,Murad-buildings,Murad-buildings,Toshkent shahri,Shayxontohur tumani,3,67.0,,,,,listed_min_total,live,,,True,ok
2026-08-25T05:00:07+00:00,domtut,https://domtut.uz/uz/nedvizhimost/zhiloj-kompleks-nest-one,zhiloj-kompleks-nest-one,Murad-buildings,Murad-buildings,Toshkent shahri,Shayxontohur tumani,4,89.4,,,,,listed_min_total,live,,,True,ok
2026-08-25T05:00:07+00:00,domtut,https://domtut.uz/uz/nedvizhimost/zhiloj-kompleks-minor,zhiloj-kompleks-minor,New-city-stroy,New-city-stroy,Toshkent shahri,Shayxontohur tumani,3,135.0,,,,,listed_min_total,live,,,True,ok
2026-08-25T05:00:07+00:00,domtut,https://domtut.uz/uz/nedvizhimost/zhiloj-kompleks-minor,zhiloj-kompleks-minor,New-city-stroy,New-city-stroy,Toshkent shahri,Shayxontohur tumani,4,129.0,,,,,listed_min_total,live,,,True,ok
2026-08-25T05:00:07+00:00,domtut,https://domtut.uz/uz/nedvizhimost/zhiloj-kompleks-minor,zhiloj-kompleks-minor,New-city-stroy,New-city-stroy,Toshkent shahri,Shayxontohur tumani,6,180.0,,,,,listed_min_total,live,,,True,ok
2026-08-25T05:00:07+00:00,domtut,https://domtut.uz/uz/nedvizhimost/zhiloj-kompleks-minor,zhiloj-kompleks-minor,New-city-stroy,New-city-stroy,Toshkent shahri,Shayxontohur tumani,7,248.0,,,,,listed_min_total,live,,,True,ok
2026-08-25T05:00:07+00:00,domtut,https://domtut.uz/uz/nedvizhimost/zhiloj-kompleks-u-tower,zhiloj-kompleks-u-tower,Nrg-bi,Nrg-bi,Toshkent shahri,Shayxontohur tumani,2,43.9,,,,,listed_min_total,live,,,True,ok
2026-08-25T05:00:07+00:00,domtut,https://domtut.uz/uz/nedvizhimost/zhiloj-kompleks-u-tower,zhiloj-kompleks-u-tower,Nrg-bi,Nrg-bi,Toshkent shahri,Shayxontohur tumani,3,87.4,,,,,listed_min_total,live,,,True,ok
2026-08-25T05:00:07+00:00,domtut,https://domtut.uz/uz/nedvizhimost/zhiloj-kompleks-u-tower,zhiloj-kompleks-u-tower,Nrg-bi,Nrg-bi,Toshkent shahri,Shayxontohur tumani,6,479.2,,,,,listed_min_total,live,,,True,ok
2026-08-25T05:00:07+00:00,domtut,https://domtut.uz/uz/nedvizhimost/nurafshon-avenue,nurafshon-avenue,Nurafshon-avenue,Nurafshon-avenue,Toshkent shahri,Shayxontohur tumani,2,60.2,1000000000.0,,16611296.0,,listed_min_total,live,,,True,ok
2026-08-25T05:00:07+00:00,domtut,https://domtut.uz/uz/nedvizhimost/nurafshon-avenue,nurafshon-avenue,Nurafshon-avenue,Nurafshon-avenue,Toshkent shahri,Shayxontohur tumani,4,96.3,1600000000.0,,16614746.0,,listed_min_total,live,,,True,ok
2026-08-25T05:00:07+00:00,domtut,https://domtut.uz/uz/nedvizhimost/zhiloj-kompleks-obinazir,zhiloj-kompleks-obinazir,Obinazir,Obinazir,Toshkent shahri,Shayxontohur tumani,3,84.4,,,,,listed_min_total,live,,,True,ok
2026-08-25T05:00:07+00:00,domtut,https://domtut.uz/uz/nedvizhimost/zhiloj-kompleks-g-uncha-uylari,zhiloj-kompleks-g-uncha-uylari,Sofiya-residence,Sofiya-residence,Toshkent shahri,Shayxontohur tumani,2,55.0,,,,,listed_min_total,live,,,True,ok
2026-08-25T05:00:07+00:00,domtut,https://domtut.uz/uz/nedvizhimost/zhiloj-kompleks-g-uncha-uylari,zhiloj-kompleks-g-uncha-uylari,Sofiya-residence,Sofiya-residence,Toshkent shahri,Shayxontohur tumani,3,93.5,,,,,listed_min_total,live,,,True,ok
2026-08-25T05:00:07+00:00,domtut,https://domtut.uz/uz/nedvizhimost/zhiloj-kompleks-star-house,zhiloj-kompleks-star-house,Starhouse,Starhouse,Toshkent shahri,Shayxontohur tumani,1,45.3,,,,,listed_min_total,live,,,True,ok
2026-08-25T05:00:07+00:00,domtut,https://domtut.uz/uz/nedvizhimost/zhiloj-kompleks-star-house,zhiloj-kompleks-star-house,Starhouse,Starhouse,Toshkent shahri,Shayxontohur tumani,2,82.4,,,,,listed_min_total,live,,,True,ok
2026-08-25T05:00:07+00:00,domtut,https://domtut.uz/uz/nedvizhimost/zhiloj-kompleks-star-house,zhiloj-kompleks-star-house,Starhouse,Starhouse,Toshkent shahri,Shayxontohur tumani,3,101.1,,,,,listed_min_total,live,,,True,ok
2026-08-25T05:00:07+00:00,domtut,https://domtut.uz/uz/nedvizhimost/zhiloj-kompleks-star-house,zhiloj-kompleks-star-house,Starhouse,Starhouse,Toshkent shahri,Shayxontohur tumani,4,145.5,,,,,listed_min_total,live,,,True,ok
2026-08-25T05:00:07+00:00,domtut,https://domtut.uz/uz/nedvizhimost/chaqar,chaqar,Uzbegim,Uzbegim,Toshkent shahri,Shayxontohur tumani,2,69.1,1300000000.0,,18813314.0,,listed_min_total,live,,,True,ok
2026-08-25T05:00:07+00:00,domtut,https://domtut.uz/uz/nedvizhimost/chaqar,chaqar,Uzbegim,Uzbegim,Toshkent shahri,Shayxontohur tumani,4,99.8,1800000000.0,,18036072.0,,listed_min_total,live,,,True,ok
2026-08-25T05:00:07+00:00,domtut,https://domtut.uz/uz/nedvizhimost/obod-maskan,obod-maskan,Art-house,Art-house,Toshkent shahri,Uchtepa tumani,2,40.8,490000000.0,,12009804.0,,listed_min_total,live,,,True,ok
2026-08-25T05:00:07+00:00,domtut,https://domtut.uz/uz/nedvizhimost/obod-maskan,obod-maskan,Art-house,Art-house,Toshkent shahri,Uchtepa tumani,3,86.0,1000000000.0,,11627907.0,,listed_min_total,live,,,True,ok
2026-08-25T05:00:07+00:00,domtut,https://domtut.uz/uz/nedvizhimost/baytul-nur-shams,baytul-nur-shams,Baytul-nur-shams,Baytul-nur-shams,Toshkent shahri,Uchtepa tumani,1,35.5,408000000.0,,11492958.0,,listed_min_total,live,,,True,ok
2026-08-25T05:00:07+00:00,domtut,https://domtut.uz/uz/nedvizhimost/baytul-nur-shams,baytul-nur-shams,Baytul-nur-shams,Baytul-nur-shams,Toshkent shahri,Uchtepa tumani,2,46.1,530000000.0,,11496746.0,,listed_min_total,live,,,True,ok
2026-08-25T05:00:07+00:00,domtut,https://domtut.uz/uz/nedvizhimost/depo-residence,depo-residence,Depo-residence,Depo-residence,Toshkent shahri,Uchtepa tumani,1,40.4,485000000.0,,12004950.0,,listed_min_total,live,,,True,ok
2026-08-25T05:00:07+00:00,domtut,https://domtut.uz/uz/nedvizhimost/depo-residence,depo-residence,Depo-residence,Depo-residence,Toshkent shahri,Uchtepa tumani,2,55.3,664000000.0,,12007233.0,,listed_min_total,live,,,True,ok
2026-08-25T05:00:07+00:00,domtut,https://domtut.uz/uz/nedvizhimost/depo-residence,depo-residence,Depo-residence,Depo-residence,Toshkent shahri,Uchtepa tumani,3,76.8,922000000.0,,12005208.0,,listed_min_total,live,,,True,ok
2026-08-25T05:00:07+00:00,domtut,https://domtut.uz/uz/nedvizhimost/depo-residence,depo-residence,Depo-residence,Depo-residence,Toshkent shahri,Uchtepa tumani,4,129.0,1500000000.0,,11627907.0,,listed_min_total,live,,,True,ok
2026-08-25T05:00:07+00:00,domtut,https://domtut.uz/uz/nedvizhimost/capital,capital,Eco-capital-stroy,Eco-capital-stroy,Toshkent shahri,Uchtepa tumani,1,42.0,,,,,listed_min_total,live,,,True,ok
2026-08-25T05:00:07+00:00,domtut,https://domtut.uz/uz/nedvizhimost/capital,capital,Eco-capital-stroy,Eco-capital-stroy,Toshkent shahri,Uchtepa tumani,2,73.0,,,,,listed_min_total,live,,,True,ok
2026-08-25T05:00:07+00:00,domtut,https://domtut.uz/uz/nedvizhimost/yangi-eshonguzar,yangi-eshonguzar,Genus-development,Genus-development,Toshkent shahri,Uchtepa tumani,1,47.5,,,,,listed_min_total,live,,,True,ok
2026-08-25T05:00:07+00:00,domtut,https://domtut.uz/uz/nedvizhimost/yangi-eshonguzar,yangi-eshonguzar,Genus-development,Genus-development,Toshkent shahri,Uchtepa tumani,2,59.5,,,,,listed_min_total,live,,,True,ok
2026-08-25T05:00:07+00:00,domtut,https://domtut.uz/uz/nedvizhimost/yangi-eshonguzar,yangi-eshonguzar,Genus-development,Genus-development,Toshkent shahri,Uchtepa tumani,3,89.5,,,,,listed_min_total,live,,,True,ok
2026-08-25T05:00:07+00:00,domtut,https://domtut.uz/uz/nedvizhimost/uchtepa-city,uchtepa-city,Great-vertex,Great-vertex,Toshkent shahri,Uchtepa tumani,1,44.0,422000000.0,,9590909.0,,listed_min_total,live,,,True,ok
2026-08-25T05:00:07+00:00,domtut,https://domtut.uz/uz/nedvizhimost/uchtepa-city,uchtepa-city,Great-vertex,Great-vertex,Toshkent shahri,Uchtepa tumani,2,47.0,451000000.0,,9595745.0,,listed_min_total,live,,,True,ok
2026-08-25T05:00:07+00:00,domtut,https://domtut.uz/uz/nedvizhimost/uchtepa-city,uchtepa-city,Great-vertex,Great-vertex,Toshkent shahri,Uchtepa tumani,3,56.0,538000000.0,,9607143.0,,listed_min_total,live,,,True,ok
2026-08-25T05:00:07+00:00,domtut,https://domtut.uz/uz/nedvizhimost/zhiloj-kompleks-kushon,zhiloj-kompleks-kushon,Kushon,Kushon,Toshkent shahri,Uchtepa tumani,1,63.8,,,,,listed_min_total,live,,,True,ok
2026-08-25T05:00:07+00:00,domtut,https://domtut.uz/uz/nedvizhimost/zhiloj-kompleks-kushon,zhiloj-kompleks-kushon,Kushon,Kushon,Toshkent shahri,Uchtepa tumani,2,47.2,,,,,listed_min_total,live,,,True,ok
2026-08-25T05:00:07+00:00,domtut,https://domtut.uz/uz/nedvizhimost/zhiloj-kompleks-kushon,zhiloj-kompleks-kushon,Kushon,Kushon,Toshkent shahri,Uchtepa tumani,3,89.1,,,,,listed_min_total,live,,,True,ok
2026-08-25T05:00:07+00:00,domtut,https://domtut.uz/uz/nedvizhimost/lutfiy-garden,lutfiy-garden,Lutfiy-garden,Lutfiy-garden,Toshkent shahri,Uchtepa tumani,1,45.2,520000000.0,,11504425.0,,listed_min_total,live,,,True,ok
2026-08-25T05:00:07+00:00,domtut,https://domtut.uz/uz/nedvizhimost/lutfiy-garden,lutfiy-garden,Lutfiy-garden,Lutfiy-garden,Toshkent shahri,Uchtepa tumani,2,74.3,854000000.0,,11493943.0,,listed_min_total,live,,,True,ok
2026-08-25T05:00:07+00:00,domtut,https://domtut.uz/uz/nedvizhimost/lutfiy-garden,lutfiy-garden,Lutfiy-garden,Lutfiy-garden,Toshkent shahri,Uchtepa tumani,3,107.2,1200000000.0,,11194030.0,,listed_min_total,live,,,True,ok
2026-08-25T05:00:07+00:00,domtut,https://domtut.uz/uz/nedvizhimost/zhiloj-kompleks-luxury-house,zhiloj-kompleks-luxury-house,Luxury-house,Luxury-house,Toshkent shahri,Uchtepa tumani,2,59.6,,,,,listed_min_total,live,,,True,ok
2026-08-25T05:00:07+00:00,domtut,https://domtut.uz/uz/nedvizhimost/zhiloj-kompleks-luxury-house,zhiloj-kompleks-luxury-house,Luxury-house,Luxury-house,Toshkent shahri,Uchtepa tumani,3,56.5,,,,,listed_min_total,live,,,True,ok
2026-08-25T05:00:07+00:00,domtut,https://domtut.uz/uz/nedvizhimost/zhiloj-kompleks-luxury-house,zhiloj-kompleks-luxury-house,Luxury-house,Luxury-house,Toshkent shahri,Uchtepa tumani,4,109.7,,,,,listed_min_total,live,,,True,ok
2026-08-25T05:00:07+00:00,domtut,https://domtut.uz/uz/nedvizhimost/zhiloj-kompleks-luxury-house,zhiloj-kompleks-luxury-house,Luxury-house,Luxury-house,Toshkent shahri,Uchtepa tumani,5,172.1,,,,,listed_min_total,live,,,True,ok
2026-08-25T05:00:07+00:00,domtut,https://domtut.uz/uz/nedvizhimost/soy-boyi,soy-boyi,Murad-buildings,Murad-buildings,Toshkent shahri,Uchtepa tumani,1,40.6,,,,,listed_min_total,live,,,True,ok
2026-08-25T05:00:07+00:00,domtut,https://domtut.uz/uz/nedvizhimost/soy-boyi,soy-boyi,Murad-buildings,Murad-buildings,Toshkent shahri,Uchtepa tumani,2,46.6,,,,,listed_min_total,live,,,True,ok
2026-08-25T05:00:07+00:00,domtut,https://domtut.uz/uz/nedvizhimost/soy-boyi,soy-boyi,Murad-buildings,Murad-buildings,Toshkent shahri,Uchtepa tumani,3,69.1,,,,,listed_min_total,live,,,True,ok
2026-08-25T05:00:07+00:00,domtut,https://domtut.uz/uz/nedvizhimost/soy-boyi,soy-boyi,Murad-buildings,Murad-buildings,Toshkent shahri,Uchtepa tumani,4,11.6,,,,,listed_min_total,live,,,True,ok
2026-08-25T05:00:07+00:00,domtut,https://domtut.uz/uz/nedvizhimost/prime-towers,prime-towers,Prime-residence,Prime-residence,Toshkent shahri,Uchtepa tumani,1,30.6,612000000.0,,20000000.0,,listed_min_total,live,,,True,ok
2026-08-25T05:00:07+00:00,domtut,https://domtut.uz/uz/nedvizhimost/prime-towers,prime-towers,Prime-residence,Prime-residence,Toshkent shahri,Uchtepa tumani,2,62.5,1300000000.0,,20800000.0,,listed_min_total,live,,,True,ok
2026-08-25T05:00:07+00:00,domtut,https://domtut.uz/uz/nedvizhimost/prime-towers,prime-towers,Prime-residence,Prime-residence,Toshkent shahri,Uchtepa tumani,3,73.7,1500000000.0,,20352782.0,,listed_min_total,live,,,True,ok
2026-08-25T05:00:07+00:00,domtut,https://domtut.uz/uz/nedvizhimost/prime-towers,prime-towers,Prime-residence,Prime-residence,Toshkent shahri,Uchtepa tumani,4,143.9,2900000000.0,,20152884.0,,listed_min_total,live,,,True,ok
2026-08-25T05:00:07+00:00,domtut,https://domtut.uz/uz/nedvizhimost/zhiloj-kompleks-navbahor,zhiloj-kompleks-navbahor,Real-house,Real-house,Toshkent shahri,Uchtepa tumani,2,78.0,,,,,listed_min_total,live,,,True,ok
2026-08-25T05:00:07+00:00,domtut,https://domtut.uz/uz/nedvizhimost/zhiloj-kompleks-navbahor,zhiloj-kompleks-navbahor,Real-house,Real-house,Toshkent shahri,Uchtepa tumani,3,109.0,,,,,listed_min_total,live,,,True,ok
2026-08-25T05:00:07+00:00,domtut,https://domtut.uz/uz/nedvizhimost/zhiloj-kompleks-fortaleza,zhiloj-kompleks-fortaleza,Simplex,Simplex,Toshkent shahri,Uchtepa tumani,1,57.3,,,,,listed_min_total,live,,,True,ok
2026-08-25T05:00:07+00:00,domtut,https://domtut.uz/uz/nedvizhimost/zhiloj-kompleks-fortaleza,zhiloj-kompleks-fortaleza,Simplex,Simplex,Toshkent shahri,Uchtepa tumani,2,75.1,,,,,listed_min_total,live,,,True,ok
2026-08-25T05:00:07+00:00,domtut,https://domtut.uz/uz/nedvizhimost/zhiloj-kompleks-fortaleza,zhiloj-kompleks-fortaleza,Simplex,Simplex,Toshkent shahri,Uchtepa tumani,3,81.1,,,,,listed_min_total,live,,,True,ok
2026-08-25T05:00:07+00:00,domtut,https://domtut.uz/uz/nedvizhimost/zhiloj-kompleks-fortaleza,zhiloj-kompleks-fortaleza,Simplex,Simplex,Toshkent shahri,Uchtepa tumani,4,125.2,,,,,listed_min_total,live,,,True,ok
2026-08-25T05:00:07+00:00,domtut,https://domtut.uz/uz/nedvizhimost/uch-tepa,uch-tepa,Uchtepa,Uchtepa,Toshkent shahri,Uchtepa tumani,1,51.4,673000000.0,,13093385.0,,listed_min_total,live,,,True,ok
2026-08-25T05:00:07+00:00,domtut,https://domtut.uz/uz/nedvizhimost/uch-tepa,uch-tepa,Uchtepa,Uchtepa,Toshkent shahri,Uchtepa tumani,2,76.0,996000000.0,,13105263.0,,listed_min_total,live,,,True,ok
2026-08-25T05:00:07+00:00,domtut,https://domtut.uz/uz/nedvizhimost/uch-tepa,uch-tepa,Uchtepa,Uchtepa,Toshkent shahri,Uchtepa tumani,3,89.0,1200000000.0,,13483146.0,,listed_min_total,live,,,True,ok
2026-08-25T05:00:07+00:00,domtut,https://domtut.uz/uz/nedvizhimost/uchtepa-avenue,uchtepa-avenue,Uchtepa-avenue,Uchtepa-avenue,Toshkent shahri,Uchtepa tumani,2,50.0,,,,,listed_min_total,live,,,True,ok
2026-08-25T05:00:07+00:00,domtut,https://domtut.uz/uz/nedvizhimost/farxad,farxad,Zamin-qurilish,Zamin-qurilish,Toshkent shahri,Uchtepa tumani,1,48.4,,,,,listed_min_total,live,,,True,ok
2026-08-25T05:00:07+00:00,domtut,https://domtut.uz/uz/nedvizhimost/farxad,farxad,Zamin-qurilish,Zamin-qurilish,Toshkent shahri,Uchtepa tumani,2,50.1,,,,,listed_min_total,live,,,True,ok
2026-08-25T05:00:07+00:00,domtut,https://domtut.uz/uz/nedvizhimost/farxad,farxad,Zamin-qurilish,Zamin-qurilish,Toshkent shahri,Uchtepa tumani,3,84.2,,,,,listed_min_total,live,,,True,ok
2026-08-25T05:00:07+00:00,domtut,https://domtut.uz/uz/nedvizhimost/anor,anor,Anor-development,Anor-development,Toshkent shahri,Yakkasaroy tumani,2,84.7,1000000000.0,,11806375.0,,listed_min_total,live,,,True,ok
2026-08-25T05:00:07+00:00,domtut,https://domtut.uz/uz/nedvizhimost/anor,anor,Anor-development,Anor-development,Toshkent shahri,Yakkasaroy tumani,3,72.9,889000000.0,,12194787.0,,listed_min_total,live,,,True,ok
2026-08-25T05:00:07+00:00,domtut,https://domtut.uz/uz/nedvizhimost/anor,anor,Anor-development,Anor-development,Toshkent shahri,Yakkasaroy tumani,4,123.7,1500000000.0,,12126112.0,,listed_min_total,live,,,True,ok
2026-08-25T05:00:07+00:00,domtut,https://domtut.uz/uz/nedvizhimost/zhiloj-kompleks-city-lyfe,zhiloj-kompleks-city-lyfe,City-life,City-life,Toshkent shahri,Yakkasaroy tumani,3,107.0,2400000000.0,,22429907.0,,listed_min_total,live,,,True,ok
2026-08-25T05:00:07+00:00,domtut,https://domtut.uz/uz/nedvizhimost/airport,airport,Dream-land-developme,Dream-land-developme,Toshkent shahri,Yakkasaroy tumani,2,55.0,770000000.0,,14000000.0,,listed_min_total,live,,,True,ok
2026-08-25T05:00:07+00:00,domtut,https://domtut.uz/uz/nedvizhimost/airport,airport,Dream-land-developme,Dream-land-developme,Toshkent shahri,Yakkasaroy tumani,3,75.7,1100000000.0,,14531044.0,,listed_min_total,live,,,True,ok
2026-08-25T05:00:07+00:00,domtut,https://domtut.uz/uz/nedvizhimost/zhk-tukimachi,zhk-tukimachi,Eco-house,Eco-house,Toshkent shahri,Yakkasaroy tumani,1,61.1,,,,,listed_min_total,live,,,True,ok
2026-08-25T05:00:07+00:00,domtut,https://domtut.uz/uz/nedvizhimost/zhiloj-kompleks-glinka-premium,zhiloj-kompleks-glinka-premium,Eco-house,Eco-house,Toshkent shahri,Yakkasaroy tumani,2,108.5,,,,,listed_min_total,live,,,True,ok
2026-08-25T05:00:07+00:00,domtut,https://domtut.uz/uz/nedvizhimost/zhk-tukimachi,zhk-tukimachi,Eco-house,Eco-house,Toshkent shahri,Yakkasaroy tumani,2,72.5,,,,,listed_min_total,live,,,True,ok
2026-08-25T05:00:07+00:00,domtut,https://domtut.uz/uz/nedvizhimost/zhiloj-kompleks-glinka-premium,zhiloj-kompleks-glinka-premium,Eco-house,Eco-house,Toshkent shahri,Yakkasaroy tumani,3,136.7,,,,,listed_min_total,live,,,True,ok
2026-08-25T05:00:07+00:00,domtut,https://domtut.uz/uz/nedvizhimost/zhk-tukimachi,zhk-tukimachi,Eco-house,Eco-house,Toshkent shahri,Yakkasaroy tumani,3,101.3,,,,,listed_min_total,live,,,True,ok
2026-08-25T05:00:07+00:00,domtut,https://domtut.uz/uz/nedvizhimost/zhiloj-kompleks-yakkasaroy-city-mall,zhiloj-kompleks-yakkasaroy-city-mall,Etalon-building,Etalon-building,Toshkent shahri,Yakkasaroy tumani,2,44.0,637000000.0,,14477273.0,,listed_min_total,live,,,True,ok
2026-08-25T05:00:07+00:00,domtut,https://domtut.uz/uz/nedvizhimost/zhiloj-kompleks-yakkasaroy-city-mall,zhiloj-kompleks-yakkasaroy-city-mall,Etalon-building,Etalon-building,Toshkent shahri,Yakkasaroy tumani,3,82.4,1200000000.0,,14563107.0,,listed_min_total,live,,,True,ok
2026-08-25T05:00:07+00:00,domtut,https://domtut.uz/uz/nedvizhimost/muhabbat-qasri,muhabbat-qasri,Fayus-development,Fayus-development,Toshkent shahri,Yakkasaroy tumani,1,52.0,793000000.0,,15250000.0,,listed_min_total,live,,,True,ok
2026-08-25T05:00:07+00:00,domtut,https://domtut.uz/uz/nedvizhimost/fayus,fayus,Fayus-development,Fayus-development,Toshkent shahri,Yakkasaroy tumani,1,51.0,871000000.0,,17078431.0,,listed_min_total,live,,,True,ok
2026-08-25T05:00:07+00:00,domtut,https://domtut.uz/uz/nedvizhimost/muhabbat-qasri,muhabbat-qasri,Fayus-development,Fayus-development,Toshkent shahri,Yakkasaroy tumani,2,73.0,1100000000.0,,15068493.0,,listed_min_total,live,,,True,ok
2026-08-25T05:00:07+00:00,domtut,https://domtut.uz/uz/nedvizhimost/fayus,fayus,Fayus-development,Fayus-development,Toshkent shahri,Yakkasaroy tumani,2,67.0,1100000000.0,,16417910.0,,listed_min_total,live,,,True,ok
2026-08-25T05:00:07+00:00,domtut,https://domtut.uz/uz/nedvizhimost/muhabbat-qasri,muhabbat-qasri,Fayus-development,Fayus-development,Toshkent shahri,Yakkasaroy tumani,3,100.0,1500000000.0,,15000000.0,,listed_min_total,live,,,True,ok
2026-08-25T05:00:07+00:00,domtut,https://domtut.uz/uz/nedvizhimost/fayus,fayus,Fayus-development,Fayus-development,Toshkent shahri,Yakkasaroy tumani,3,100.0,1700000000.0,,17000000.0,,listed_min_total,live,,,True,ok
2026-08-25T05:00:07+00:00,domtut,https://domtut.uz/uz/nedvizhimost/bobur-residence,bobur-residence,Greenpark,Greenpark,Toshkent shahri,Yakkasaroy tumani,2,42.2,802000000.0,,19004739.0,,listed_min_total,live,,,True,ok
2026-08-25T05:00:07+00:00,domtut,https://domtut.uz/uz/nedvizhimost/bobur-residence,bobur-residence,Greenpark,Greenpark,Toshkent shahri,Yakkasaroy tumani,3,92.1,1700000000.0,,18458198.0,,listed_min_total,live,,,True,ok
2026-08-25T05:00:07+00:00,domtut,https://domtut.uz/uz/nedvizhimost/bobur-residence,bobur-residence,Greenpark,Greenpark,Toshkent shahri,Yakkasaroy tumani,4,163.0,3100000000.0,,19018405.0,,listed_min_total,live,,,True,ok
2026-08-25T05:00:07+00:00,domtut,https://domtut.uz/uz/nedvizhimost/hilmar-development,hilmar-development,Hilmar,Hilmar,Toshkent shahri,Yakkasaroy tumani,1,52.6,705000000.0,,13403042.0,,listed_min_total,live,,,True,ok
2026-08-25T05:00:07+00:00,domtut,https://domtut.uz/uz/nedvizhimost/hilmar-development,hilmar-development,Hilmar,Hilmar,Toshkent shahri,Yakkasaroy tumani,2,69.7,935000000.0,,13414634.0,,listed_min_total,live,,,True,ok
2026-08-25T05:00:07+00:00,domtut,https://domtut.uz/uz/nedvizhimost/hilmar-development,hilmar-development,Hilmar,Hilmar,Toshkent shahri,Yakkasaroy tumani,3,118.4,1600000000.0,,13513514.0,,listed_min_total,live,,,True,ok
2026-08-25T05:00:07+00:00,domtut,https://domtut.uz/uz/nedvizhimost/hilmar-development,hilmar-development,Hilmar,Hilmar,Toshkent shahri,Yakkasaroy tumani,4,129.0,1700000000.0,,13178295.0,,listed_min_total,live,,,True,ok
2026-08-25T05:00:07+00:00,domtut,https://domtut.uz/uz/nedvizhimost/sohil-boyi,sohil-boyi,Imarat-estate,Imarat-estate,Toshkent shahri,Yakkasaroy tumani,2,61.5,825000000.0,,13414634.0,,listed_min_total,live,,,True,ok
2026-08-25T05:00:07+00:00,domtut,https://domtut.uz/uz/nedvizhimost/sohil-boyi,sohil-boyi,Imarat-estate,Imarat-estate,Toshkent shahri,Yakkasaroy tumani,3,84.4,1100000000.0,,13033175.0,,listed_min_total,live,,,True,ok
2026-08-25T05:00:07+00:00,domtut,https://domtut.uz/uz/nedvizhimost/binkat,binkat,Inside,Inside,Toshkent shahri,Yakkasaroy tumani,2,57.6,668000000.0,,11597222.0,,listed_min_total,live,,,True,ok
2026-08-25T05:00:07+00:00,domtut,https://domtut.uz/uz/nedvizhimost/binkat,binkat,Inside,Inside,Toshkent shahri,Yakkasaroy tumani,3,70.5,817000000.0,,11588652.0,,listed_min_total,live,,,True,ok
2026-08-25T05:00:07+00:00,domtut,https://domtut.uz/uz/nedvizhimost/zhiloj-kompleks-istanbul-city,zhiloj-kompleks-istanbul-city,Istanbul-city,Istanbul-city,Toshkent shahri,Yakkasaroy tumani,1,33.8,811000000.0,,23994083.0,,listed_min_total,live,,,True,ok
2026-08-25T05:00:07+00:00,domtut,https://domtut.uz/uz/nedvizhimost/zhiloj-kompleks-istanbul-city,zhiloj-kompleks-istanbul-city,Istanbul-city,Istanbul-city,Toshkent shahri,Yakkasaroy tumani,2,64.2,1500000000.0,,23364486.0,,listed_min_total,live,,,True,ok
2026-08-25T05:00:07+00:00,domtut,https://domtut.uz/uz/nedvizhimost/zhiloj-kompleks-istanbul-city,zhiloj-kompleks-istanbul-city,Istanbul-city,Istanbul-city,Toshkent shahri,Yakkasaroy tumani,3,81.7,2000000000.0,,24479804.0,,listed_min_total,live,,,True,ok
2026-08-25T05:00:07+00:00,domtut,https://domtut.uz/uz/nedvizhimost/zhiloj-kompleks-istanbul-city,zhiloj-kompleks-istanbul-city,Istanbul-city,Istanbul-city,Toshkent shahri,Yakkasaroy tumani,5,254.5,6100000000.0,,23968566.0,,listed_min_total,live,,,True,ok
2026-08-25T05:00:07+00:00,domtut,https://domtut.uz/uz/nedvizhimost/tashwelll,tashwelll,Koc-group,Koc-group,Toshkent shahri,Yakkasaroy tumani,2,51.9,,,,,listed_min_total,live,,,True,ok
2026-08-25T05:00:07+00:00,domtut,https://domtut.uz/uz/nedvizhimost/tashwelll,tashwelll,Koc-group,Koc-group,Toshkent shahri,Yakkasaroy tumani,3,79.1,,,,,listed_min_total,live,,,True,ok
2026-08-25T05:00:07+00:00,domtut,https://domtut.uz/uz/nedvizhimost/tashwelll,tashwelll,Koc-group,Koc-group,Toshkent shahri,Yakkasaroy tumani,4,106.2,,,,,listed_min_total,live,,,True,ok
2026-08-25T05:00:07+00:00,domtut,https://domtut.uz/uz/nedvizhimost/yakkasaroy-palace,yakkasaroy-palace,Lit,Lit,Toshkent shahri,Yakkasaroy tumani,1,35.2,537000000.0,,15255682.0,,listed_min_total,live,,,True,ok
2026-08-25T05:00:07+00:00,domtut,https://domtut.uz/uz/nedvizhimost/yakkasaroy-palace,yakkasaroy-palace,Lit,Lit,Toshkent shahri,Yakkasaroy tumani,2,42.8,652000000.0,,15233645.0,,listed_min_total,live,,,True,ok
2026-08-25T05:00:07+00:00,domtut,https://domtut.uz/uz/nedvizhimost/yakkasaroy-palace,yakkasaroy-palace,Lit,Lit,Toshkent shahri,Yakkasaroy tumani,3,70.1,1100000000.0,,15691869.0,,listed_min_total,live,,,True,ok
2026-08-25T05:00:07+00:00,domtut,https://domtut.uz/uz/nedvizhimost/yakkasaroy-palace,yakkasaroy-palace,Lit,Lit,Toshkent shahri,Yakkasaroy tumani,4,101.0,1500000000.0,,14851485.0,,listed_min_total,live,,,True,ok
2026-08-25T05:00:07+00:00,domtut,https://domtut.uz/uz/nedvizhimost/celebrity,celebrity,Luxe-construction-gr,Luxe-construction-gr,Toshkent shahri,Yakkasaroy tumani,1,33.0,,,,,listed_min_total,live,,,True,ok
2026-08-25T05:00:07+00:00,domtut,https://domtut.uz/uz/nedvizhimost/celebrity,celebrity,Luxe-construction-gr,Luxe-construction-gr,Toshkent shahri,Yakkasaroy tumani,2,50.8,,,,,listed_min_total,live,,,True,ok
2026-08-25T05:00:07+00:00,domtut,https://domtut.uz/uz/nedvizhimost/celebrity,celebrity,Luxe-construction-gr,Luxe-construction-gr,Toshkent shahri,Yakkasaroy tumani,3,105.4,,,,,listed_min_total,live,,,True,ok
2026-08-25T05:00:07+00:00,domtut,https://domtut.uz/uz/nedvizhimost/mavera-town,mavera-town,Mavera,Mavera,Toshkent shahri,Yakkasaroy tumani,2,55.1,1300000000.0,,23593466.0,,listed_min_total,live,,,True,ok
2026-08-25T05:00:07+00:00,domtut,https://domtut.uz/uz/nedvizhimost/mavera-town,mavera-town,Mavera,Mavera,Toshkent shahri,Yakkasaroy tumani,3,99.1,2300000000.0,,23208880.0,,listed_min_total,live,,,True,ok
2026-08-25T05:00:07+00:00,domtut,https://domtut.uz/uz/nedvizhimost/mavera-town,mavera-town,Mavera,Mavera,Toshkent shahri,Yakkasaroy tumani,4,89.6,2100000000.0,,23437500.0,,listed_min_total,live,,,True,ok
2026-08-25T05:00:07+00:00,domtut,https://domtut.uz/uz/nedvizhimost/zhiloj-kompleks-modera-towers,zhiloj-kompleks-modera-towers,Modera-towers,Modera-towers,Toshkent shahri,Yakkasaroy tumani,1,25.9,,,,,listed_min_total,live,,,True,ok
2026-08-25T05:00:07+00:00,domtut,https://domtut.uz/uz/nedvizhimost/zhiloj-kompleks-modera-towers,zhiloj-kompleks-modera-towers,Modera-towers,Modera-towers,Toshkent shahri,Yakkasaroy tumani,2,48.7,,,,,listed_min_total,live,,,True,ok
2026-08-25T05:00:07+00:00,domtut,https://domtut.uz/uz/nedvizhimost/zhiloj-kompleks-modera-towers,zhiloj-kompleks-modera-towers,Modera-towers,Modera-towers,Toshkent shahri,Yakkasaroy tumani,3,77.6,,,,,listed_min_total,live,,,True,ok
2026-08-25T05:00:07+00:00,domtut,https://domtut.uz/uz/nedvizhimost/muhtasham-apart-hotel,muhtasham-apart-hotel,Muhtasham,Muhtasham,Toshkent shahri,Yakkasaroy tumani,2,47.0,760000000.0,,16170213.0,,listed_min_total,live,,,True,ok
2026-08-25T05:00:07+00:00,domtut,https://domtut.uz/uz/nedvizhimost/zhiloj-kompleks-yakkasaroy-stroy,zhiloj-kompleks-yakkasaroy-stroy,Prestige-stroy,Prestige-stroy,Toshkent shahri,Yakkasaroy tumani,2,57.2,372000000.0,,6503497.0,,listed_min_total,live,,,True,ok
2026-08-25T05:00:07+00:00,domtut,https://domtut.uz/uz/nedvizhimost/zhiloj-kompleks-yakkasaroy-stroy,zhiloj-kompleks-yakkasaroy-stroy,Prestige-stroy,Prestige-stroy,Toshkent shahri,Yakkasaroy tumani,3,65.3,424000000.0,,6493109.0,,listed_min_total,live,,,True,ok
2026-08-25T05:00:07+00:00,domtut,https://domtut.uz/uz/nedvizhimost/zhiloj-kompleks-white-house,zhiloj-kompleks-white-house,Saroy,Saroy,Toshkent shahri,Yakkasaroy tumani,1,36.0,,,,,listed_min_total,live,,,True,ok
2026-08-25T05:00:07+00:00,domtut,https://domtut.uz/uz/nedvizhimost/zhiloj-kompleks-white-house,zhiloj-kompleks-white-house,Saroy,Saroy,Toshkent shahri,Yakkasaroy tumani,2,67.0,,,,,listed_min_total,live,,,True,ok
2026-08-25T05:00:07+00:00,domtut,https://domtut.uz/uz/nedvizhimost/zhiloj-kompleks-white-house,zhiloj-kompleks-white-house,Saroy,Saroy,Toshkent shahri,Yakkasaroy tumani,3,93.0,,,,,listed_min_total,live,,,True,ok
2026-08-25T05:00:07+00:00,domtut,https://domtut.uz/uz/nedvizhimost/zhiloj-kompleks-white-house,zhiloj-kompleks-white-house,Saroy,Saroy,Toshkent shahri,Yakkasaroy tumani,4,112.0,,,,,listed_min_total,live,,,True,ok
2026-08-25T05:00:07+00:00,domtut,https://domtut.uz/uz/nedvizhimost/somang-residence,somang-residence,Somang,Somang,Toshkent shahri,Yakkasaroy tumani,3,136.0,2800000000.0,,20588235.0,,listed_min_total,live,,,True,ok
2026-08-25T05:00:07+00:00,domtut,https://domtut.uz/uz/nedvizhimost/zhiloj-kompleks-the-home-residence,zhiloj-kompleks-the-home-residence,The-home-residence,The-home-residence,Toshkent shahri,Yakkasaroy tumani,4,121.0,,,,,listed_min_total,live,,,True,ok
2026-08-25T05:00:07+00:00,domtut,https://domtut.uz/uz/nedvizhimost/shoshkent,shoshkent,Uzbegim,Uzbegim,Toshkent shahri,Yakkasaroy tumani,2,54.1,924000000.0,,17079482.0,,listed_min_total,live,,,True,ok
2026-08-25T05:00:07+00:00,domtut,https://domtut.uz/uz/nedvizhimost/shoshkent,shoshkent,Uzbegim,Uzbegim,Toshkent shahri,Yakkasaroy tumani,3,92.1,1600000000.0,,17372421.0,,listed_min_total,live,,,True,ok
2026-08-25T05:00:07+00:00,domtut,https://domtut.uz/uz/nedvizhimost/zhiloj-kompleks-o-zbegim,zhiloj-kompleks-o-zbegim,Uzbegim,Uzbegim,Toshkent shahri,Yakkasaroy tumani,4,114.0,1900000000.0,,16666667.0,,listed_min_total,live,,,True,ok
2026-08-25T05:00:07+00:00,domtut,https://domtut.uz/uz/nedvizhimost/shoshkent,shoshkent,Uzbegim,Uzbegim,Toshkent shahri,Yakkasaroy tumani,4,113.2,1900000000.0,,16784452.0,,listed_min_total,live,,,True,ok
2026-08-25T05:00:07+00:00,domtut,https://domtut.uz/uz/nedvizhimost/via-port,via-port,Via-port,Via-port,Toshkent shahri,Yakkasaroy tumani,3,67.0,1100000000.0,,16417910.0,,listed_min_total,live,,,True,ok
2026-08-25T05:00:07+00:00,domtut,https://domtut.uz/uz/nedvizhimost/yakkasaroy-plaza,yakkasaroy-plaza,Yakkasaroy-plaza,Yakkasaroy-plaza,Toshkent shahri,Yakkasaroy tumani,1,46.2,1000000000.0,,21645022.0,,listed_min_total,live,,,True,ok
2026-08-25T05:00:07+00:00,domtut,https://domtut.uz/uz/nedvizhimost/yakkasaroy-plaza,yakkasaroy-plaza,Yakkasaroy-plaza,Yakkasaroy-plaza,Toshkent shahri,Yakkasaroy tumani,2,74.6,1600000000.0,,21447721.0,,listed_min_total,live,,,True,ok
2026-08-25T05:00:07+00:00,domtut,https://domtut.uz/uz/nedvizhimost/yakkasaroy-plaza,yakkasaroy-plaza,Yakkasaroy-plaza,Yakkasaroy-plaza,Toshkent shahri,Yakkasaroy tumani,3,101.6,2200000000.0,,21653543.0,,listed_min_total,live,,,True,ok
2026-08-25T05:00:07+00:00,domtut,https://domtut.uz/uz/nedvizhimost/choshtepa-garden,choshtepa-garden,Adm-invest,Adm-invest,Toshkent shahri,Yangihayot tumani,2,49.2,512000000.0,,10406504.0,,listed_min_total,live,,,True,ok
2026-08-25T05:00:07+00:00,domtut,https://domtut.uz/uz/nedvizhimost/choshtepa-garden,choshtepa-garden,Adm-invest,Adm-invest,Toshkent shahri,Yangihayot tumani,3,69.6,724000000.0,,10402299.0,,listed_min_total,live,,,True,ok
2026-08-25T05:00:07+00:00,domtut,https://domtut.uz/uz/nedvizhimost/zhiloj-kompleks-gorsquozal-saroy,zhiloj-kompleks-gorsquozal-saroy,Asser-stroy,Asser-stroy,Toshkent shahri,Yangihayot tumani,2,75.5,,,,,listed_min_total,live,,,True,ok
2026-08-25T05:00:07+00:00,domtut,https://domtut.uz/uz/nedvizhimost/zhiloj-kompleks-gorsquozal-saroy,zhiloj-kompleks-gorsquozal-saroy,Asser-stroy,Asser-stroy,Toshkent shahri,Yangihayot tumani,3,105.0,,,,,listed_min_total,live,,,True,ok
2026-08-25T05:00:07+00:00,domtut,https://domtut.uz/uz/nedvizhimost/yangi-darxon,yangi-darxon,B building,B building,Toshkent shahri,Yangihayot tumani,3,71.3,777000000.0,,10897616.0,,listed_min_total,live,,,True,ok
2026-08-25T05:00:07+00:00,domtut,https://domtut.uz/uz/nedvizhimost/zhiloj-kompleks-choshtepa,zhiloj-kompleks-choshtepa,Bizning-uylar,Bizning-uylar,Toshkent shahri,Yangihayot tumani,1,35.0,,,,,listed_min_total,live,,,True,ok
2026-08-25T05:00:07+00:00,domtut,https://domtut.uz/uz/nedvizhimost/zhiloj-kompleks-choshtepa,zhiloj-kompleks-choshtepa,Bizning-uylar,Bizning-uylar,Toshkent shahri,Yangihayot tumani,2,52.0,,,,,listed_min_total,live,,,True,ok
2026-08-25T05:00:07+00:00,domtut,https://domtut.uz/uz/nedvizhimost/zhiloj-kompleks-choshtepa,zhiloj-kompleks-choshtepa,Bizning-uylar,Bizning-uylar,Toshkent shahri,Yangihayot tumani,3,72.0,,,,,listed_min_total,live,,,True,ok
2026-08-25T05:00:07+00:00,domtut,https://domtut.uz/uz/nedvizhimost/zhiloj-kompleks-choshtepa,zhiloj-kompleks-choshtepa,Bizning-uylar,Bizning-uylar,Toshkent shahri,Yangihayot tumani,4,97.0,,,,,listed_min_total,live,,,True,ok
2026-08-25T05:00:07+00:00,domtut,https://domtut.uz/uz/nedvizhimost/strong-houses,strong-houses,Evin,Evin,Toshkent shahri,Yangihayot tumani,2,48.0,528000000.0,,11000000.0,,listed_min_total,live,,,True,ok
2026-08-25T05:00:07+00:00,domtut,https://domtut.uz/uz/nedvizhimost/strong-houses,strong-houses,Evin,Evin,Toshkent shahri,Yangihayot tumani,3,64.9,714000000.0,,11001541.0,,listed_min_total,live,,,True,ok
2026-08-25T05:00:07+00:00,domtut,https://domtut.uz/uz/nedvizhimost/gc-residence,gc-residence,Grand-capital,Grand-capital,Toshkent shahri,Yangihayot tumani,1,55.0,,,,,listed_min_total,live,,,True,ok
2026-08-25T05:00:07+00:00,domtut,https://domtut.uz/uz/nedvizhimost/gc-residence,gc-residence,Grand-capital,Grand-capital,Toshkent shahri,Yangihayot tumani,3,90.0,,,,,listed_min_total,live,,,True,ok
2026-08-25T05:00:07+00:00,domtut,https://domtut.uz/uz/nedvizhimost/new-life-darkhan,new-life-darkhan,Imorat-house,Imorat-house,Toshkent shahri,Yangihayot tumani,1,42.9,314000000.0,,7319347.0,,listed_min_total,live,,,True,ok
2026-08-25T05:00:07+00:00,domtut,https://domtut.uz/uz/nedvizhimost/new-life-darkhan,new-life-darkhan,Imorat-house,Imorat-house,Toshkent shahri,Yangihayot tumani,2,59.3,433000000.0,,7301855.0,,listed_min_total,live,,,True,ok
2026-08-25T05:00:07+00:00,domtut,https://domtut.uz/uz/nedvizhimost/goldstone,goldstone,Life-group,Life-group,Toshkent shahri,Yangihayot tumani,1,37.0,451000000.0,,12189189.0,,listed_min_total,live,,,True,ok
2026-08-25T05:00:07+00:00,domtut,https://domtut.uz/uz/nedvizhimost/choshtepa-avenue,choshtepa-avenue,Life-group,Life-group,Toshkent shahri,Yangihayot tumani,1,37.0,316000000.0,,8540541.0,,listed_min_total,live,,,True,ok
2026-08-25T05:00:07+00:00,domtut,https://domtut.uz/uz/nedvizhimost/goldstone,goldstone,Life-group,Life-group,Toshkent shahri,Yangihayot tumani,2,51.0,622000000.0,,12196078.0,,listed_min_total,live,,,True,ok
2026-08-25T05:00:07+00:00,domtut,https://domtut.uz/uz/nedvizhimost/choshtepa-avenue,choshtepa-avenue,Life-group,Life-group,Toshkent shahri,Yangihayot tumani,3,76.0,649000000.0,,8539474.0,,listed_min_total,live,,,True,ok
2026-08-25T05:00:07+00:00,domtut,https://domtut.uz/uz/nedvizhimost/zhiloj-kompleks-minerva-city,zhiloj-kompleks-minerva-city,Mj-developers,Mj-developers,Toshkent shahri,Yangihayot tumani,2,55.0,,,,,listed_min_total,live,,,True,ok
2026-08-25T05:00:07+00:00,domtut,https://domtut.uz/uz/nedvizhimost/zhiloj-kompleks-minerva-city,zhiloj-kompleks-minerva-city,Mj-developers,Mj-developers,Toshkent shahri,Yangihayot tumani,3,87.0,,,,,listed_min_total,live,,,True,ok
2026-08-25T05:00:07+00:00,domtut,https://domtut.uz/uz/nedvizhimost/nur-hayot,nur-hayot,Nur-hayot,Nur-hayot,Toshkent shahri,Yangihayot tumani,1,37.9,436000000.0,,11503958.0,,listed_min_total,live,,,True,ok
2026-08-25T05:00:07+00:00,domtut,https://domtut.uz/uz/nedvizhimost/nur-hayot,nur-hayot,Nur-hayot,Nur-hayot,Toshkent shahri,Yangihayot tumani,2,56.2,646000000.0,,11494662.0,,listed_min_total,live,,,True,ok
2026-08-25T05:00:07+00:00,domtut,https://domtut.uz/uz/nedvizhimost/nur-hayot,nur-hayot,Nur-hayot,Nur-hayot,Toshkent shahri,Yangihayot tumani,3,119.3,1400000000.0,,11735122.0,,listed_min_total,live,,,True,ok
2026-08-25T05:00:07+00:00,domtut,https://domtut.uz/uz/nedvizhimost/sado,sado,Bigroup,Bigroup,Toshkent shahri,Yashnobod tumani,1,37.1,551000000.0,,14851752.0,,listed_min_total,live,,,True,ok
2026-08-25T05:00:07+00:00,domtut,https://domtut.uz/uz/nedvizhimost/sado,sado,Bigroup,Bigroup,Toshkent shahri,Yashnobod tumani,2,59.0,877000000.0,,14864407.0,,listed_min_total,live,,,True,ok
2026-08-25T05:00:07+00:00,domtut,https://domtut.uz/uz/nedvizhimost/sado,sado,Bigroup,Bigroup,Toshkent shahri,Yashnobod tumani,3,86.7,1300000000.0,,14994233.0,,listed_min_total,live,,,True,ok
2026-08-25T05:00:07+00:00,domtut,https://domtut.uz/uz/nedvizhimost/sado,sado,Bigroup,Bigroup,Toshkent shahri,Yashnobod tumani,4,118.1,1800000000.0,,15241321.0,,listed_min_total,live,,,True,ok
2026-08-25T05:00:07+00:00,domtut,https://domtut.uz/uz/nedvizhimost/qadriyat,qadriyat,Binar-group,Binar-group,Toshkent shahri,Yashnobod tumani,2,70.0,1100000000.0,,15714286.0,,listed_min_total,live,,,True,ok
2026-08-25T05:00:07+00:00,domtut,https://domtut.uz/uz/nedvizhimost/qadriyat,qadriyat,Binar-group,Binar-group,Toshkent shahri,Yashnobod tumani,3,78.8,1300000000.0,,16497462.0,,listed_min_total,live,,,True,ok
2026-08-25T05:00:07+00:00,domtut,https://domtut.uz/uz/nedvizhimost/aviator,aviator,Binaun,Binaun,Toshkent shahri,Yashnobod tumani,1,56.2,731000000.0,,13007117.0,,listed_min_total,live,,,True,ok
2026-08-25T05:00:07+00:00,domtut,https://domtut.uz/uz/nedvizhimost/taskin,taskin,Binaun,Binaun,Toshkent shahri,Yashnobod tumani,1,42.3,491000000.0,,11607565.0,,listed_min_total,live,,,True,ok
2026-08-25T05:00:07+00:00,domtut,https://domtut.uz/uz/nedvizhimost/aviator,aviator,Binaun,Binaun,Toshkent shahri,Yashnobod tumani,2,67.6,879000000.0,,13002959.0,,listed_min_total,live,,,True,ok
2026-08-25T05:00:07+00:00,domtut,https://domtut.uz/uz/nedvizhimost/taskin,taskin,Binaun,Binaun,Toshkent shahri,Yashnobod tumani,2,52.6,610000000.0,,11596958.0,,listed_min_total,live,,,True,ok
2026-08-25T05:00:07+00:00,domtut,https://domtut.uz/uz/nedvizhimost/aviator,aviator,Binaun,Binaun,Toshkent shahri,Yashnobod tumani,3,149.3,1900000000.0,,12726055.0,,listed_min_total,live,,,True,ok
2026-08-25T05:00:07+00:00,domtut,https://domtut.uz/uz/nedvizhimost/taskin,taskin,Binaun,Binaun,Toshkent shahri,Yashnobod tumani,3,89.4,1000000000.0,,11185682.0,,listed_min_total,live,,,True,ok
2026-08-25T05:00:07+00:00,domtut,https://domtut.uz/uz/nedvizhimost/blue-bay-house,blue-bay-house,Blue-bay,Blue-bay,Toshkent shahri,Yashnobod tumani,1,50.9,499000000.0,,9803536.0,,listed_min_total,live,,,True,ok
2026-08-25T05:00:07+00:00,domtut,https://domtut.uz/uz/nedvizhimost/blue-bay-house,blue-bay-house,Blue-bay,Blue-bay,Toshkent shahri,Yashnobod tumani,2,58.0,568000000.0,,9793103.0,,listed_min_total,live,,,True,ok
2026-08-25T05:00:07+00:00,domtut,https://domtut.uz/uz/nedvizhimost/blue-bay-house,blue-bay-house,Blue-bay,Blue-bay,Toshkent shahri,Yashnobod tumani,4,98.2,962000000.0,,9796334.0,,listed_min_total,live,,,True,ok
2026-08-25T05:00:07+00:00,domtut,https://domtut.uz/uz/nedvizhimost/dream-parkent,dream-parkent,Dream-land-developme,Dream-land-developme,Toshkent shahri,Yashnobod tumani,1,46.5,688000000.0,,14795699.0,,listed_min_total,live,,,True,ok
2026-08-25T05:00:07+00:00,domtut,https://domtut.uz/uz/nedvizhimost/dream-parkent,dream-parkent,Dream-land-developme,Dream-land-developme,Toshkent shahri,Yashnobod tumani,2,53.0,784000000.0,,14792453.0,,listed_min_total,live,,,True,ok
2026-08-25T05:00:07+00:00,domtut,https://domtut.uz/uz/nedvizhimost/dream-parkent,dream-parkent,Dream-land-developme,Dream-land-developme,Toshkent shahri,Yashnobod tumani,3,72.0,1100000000.0,,15277778.0,,listed_min_total,live,,,True,ok
2026-08-25T05:00:07+00:00,domtut,https://domtut.uz/uz/nedvizhimost/dream-parkent,dream-parkent,Dream-land-developme,Dream-land-developme,Toshkent shahri,Yashnobod tumani,4,134.6,2000000000.0,,14858841.0,,listed_min_total,live,,,True,ok
2026-08-25T05:00:07+00:00,domtut,https://domtut.uz/uz/nedvizhimost/yangi-tashkent,yangi-tashkent,Etalon-building,Etalon-building,Toshkent shahri,Yashnobod tumani,1,24.7,247000000.0,,10000000.0,,listed_min_total,live,,,True,ok
2026-08-25T05:00:07+00:00,domtut,https://domtut.uz/uz/nedvizhimost/yangi-tashkent,yangi-tashkent,Etalon-building,Etalon-building,Toshkent shahri,Yashnobod tumani,2,50.0,500000000.0,,10000000.0,,listed_min_total,live,,,True,ok
2026-08-25T05:00:07+00:00,domtut,https://domtut.uz/uz/nedvizhimost/yangi-tashkent,yangi-tashkent,Etalon-building,Etalon-building,Toshkent shahri,Yashnobod tumani,3,76.0,760000000.0,,10000000.0,,listed_min_total,live,,,True,ok
2026-08-25T05:00:07+00:00,domtut,https://domtut.uz/uz/nedvizhimost/harizma,harizma,Golden-house,Golden-house,Toshkent shahri,Yashnobod tumani,1,34.8,816000000.0,,23448276.0,,listed_min_total,live,,,True,ok
2026-08-25T05:00:07+00:00,domtut,https://domtut.uz/uz/nedvizhimost/assalom-dostlik,assalom-dostlik,Golden-house,Golden-house,Toshkent shahri,Yashnobod tumani,1,26.4,653000000.0,,24734848.0,,listed_min_total,live,,,True,ok
2026-08-25T05:00:07+00:00,domtut,https://domtut.uz/uz/nedvizhimost/zhiloj-kompleks-assalom-sohil,zhiloj-kompleks-assalom-sohil,Golden-house,Golden-house,Toshkent shahri,Yashnobod tumani,2,48.9,894000000.0,,18282209.0,,listed_min_total,live,,,True,ok
2026-08-25T05:00:07+00:00,domtut,https://domtut.uz/uz/nedvizhimost/harizma,harizma,Golden-house,Golden-house,Toshkent shahri,Yashnobod tumani,2,52.4,1100000000.0,,20992366.0,,listed_min_total,live,,,True,ok
2026-08-25T05:00:07+00:00,domtut,https://domtut.uz/uz/nedvizhimost/zhiloj-kompleks-assalom-sohil,zhiloj-kompleks-assalom-sohil,Golden-house,Golden-house,Toshkent shahri,Yashnobod tumani,3,67.0,1300000000.0,,19402985.0,,listed_min_total,live,,,True,ok
2026-08-25T05:00:07+00:00,domtut,https://domtut.uz/uz/nedvizhimost/harizma,harizma,Golden-house,Golden-house,Toshkent shahri,Yashnobod tumani,3,83.9,1600000000.0,,19070322.0,,listed_min_total,live,,,True,ok
2026-08-25T05:00:07+00:00,domtut,https://domtut.uz/uz/nedvizhimost/zhiloj-kompleks-horizon-house,zhiloj-kompleks-horizon-house,Halal-golden-meat,Halal-golden-meat,Toshkent shahri,Yashnobod tumani,1,39.3,373000000.0,,9491094.0,,listed_min_total,live,,,True,ok
2026-08-25T05:00:07+00:00,domtut,https://domtut.uz/uz/nedvizhimost/zhiloj-kompleks-horizon-house,zhiloj-kompleks-horizon-house,Halal-golden-meat,Halal-golden-meat,Toshkent shahri,Yashnobod tumani,2,44.2,420000000.0,,9502262.0,,listed_min_total,live,,,True,ok
2026-08-25T05:00:07+00:00,domtut,https://domtut.uz/uz/nedvizhimost/zhiloj-kompleks-horizon-house,zhiloj-kompleks-horizon-house,Halal-golden-meat,Halal-golden-meat,Toshkent shahri,Yashnobod tumani,3,59.6,566000000.0,,9496644.0,,listed_min_total,live,,,True,ok
2026-08-25T05:00:07+00:00,domtut,https://domtut.uz/uz/nedvizhimost/izmir,izmir,Izmir,Izmir,Toshkent shahri,Yashnobod tumani,1,40.4,368000000.0,,9108911.0,,listed_min_total,live,,,True,ok
2026-08-25T05:00:07+00:00,domtut,https://domtut.uz/uz/nedvizhimost/izmir,izmir,Izmir,Izmir,Toshkent shahri,Yashnobod tumani,2,57.3,521000000.0,,9092496.0,,listed_min_total,live,,,True,ok
2026-08-25T05:00:07+00:00,domtut,https://domtut.uz/uz/nedvizhimost/izmir,izmir,Izmir,Izmir,Toshkent shahri,Yashnobod tumani,3,70.5,642000000.0,,9106383.0,,listed_min_total,live,,,True,ok
2026-08-25T05:00:07+00:00,domtut,https://domtut.uz/uz/nedvizhimost/mashxadi-residence,mashxadi-residence,Mashxadi-residence,Mashxadi-residence,Toshkent shahri,Yashnobod tumani,2,84.0,1200000000.0,,14285714.0,,listed_min_total,live,,,True,ok
2026-08-25T05:00:07+00:00,domtut,https://domtut.uz/uz/nedvizhimost/yangiobod-residence,yangiobod-residence,Millenniumhouse,Millenniumhouse,Toshkent shahri,Yashnobod tumani,2,60.3,513000000.0,,8507463.0,,listed_min_total,live,,,True,ok
2026-08-25T05:00:07+00:00,domtut,https://domtut.uz/uz/nedvizhimost/yangiobod-residence,yangiobod-residence,Millenniumhouse,Millenniumhouse,Toshkent shahri,Yashnobod tumani,3,62.0,527000000.0,,8500000.0,,listed_min_total,live,,,True,ok
2026-08-25T05:00:07+00:00,domtut,https://domtut.uz/uz/nedvizhimost/gorod,gorod,Mirador-group,Mirador-group,Toshkent shahri,Yashnobod tumani,2,57.1,885000000.0,,15499124.0,,listed_min_total,live,,,True,ok
2026-08-25T05:00:07+00:00,domtut,https://domtut.uz/uz/nedvizhimost/gorod,gorod,Mirador-group,Mirador-group,Toshkent shahri,Yashnobod tumani,3,97.6,1500000000.0,,15368852.0,,listed_min_total,live,,,True,ok
2026-08-25T05:00:07+00:00,domtut,https://domtut.uz/uz/nedvizhimost/bundkor,bundkor,Modern-hause,Modern-hause,Toshkent shahri,Yashnobod tumani,1,37.0,400000000.0,,10810811.0,,listed_min_total,live,,,True,ok
2026-08-25T05:00:07+00:00,domtut,https://domtut.uz/uz/nedvizhimost/bundkor,bundkor,Modern-hause,Modern-hause,Toshkent shahri,Yashnobod tumani,2,49.0,530000000.0,,10816327.0,,listed_min_total,live,,,True,ok
2026-08-25T05:00:07+00:00,domtut,https://domtut.uz/uz/nedvizhimost/bundkor,bundkor,Modern-hause,Modern-hause,Toshkent shahri,Yashnobod tumani,3,68.0,736000000.0,,10823529.0,,listed_min_total,live,,,True,ok
2026-08-25T05:00:07+00:00,domtut,https://domtut.uz/uz/nedvizhimost/zamon,zamon,Nrg-bi,Nrg-bi,Toshkent shahri,Yashnobod tumani,1,42.5,,,,,listed_min_total,live,,,True,ok
2026-08-25T05:00:07+00:00,domtut,https://domtut.uz/uz/nedvizhimost/maftun-makon,maftun-makon,Nrg-bi,Nrg-bi,Toshkent shahri,Yashnobod tumani,1,45.1,,,,,listed_min_total,live,,,True,ok
2026-08-25T05:00:07+00:00,domtut,https://domtut.uz/uz/nedvizhimost/zamon,zamon,Nrg-bi,Nrg-bi,Toshkent shahri,Yashnobod tumani,2,64.0,,,,,listed_min_total,live,,,True,ok
2026-08-25T05:00:07+00:00,domtut,https://domtut.uz/uz/nedvizhimost/maftun-makon,maftun-makon,Nrg-bi,Nrg-bi,Toshkent shahri,Yashnobod tumani,2,63.2,,,,,listed_min_total,live,,,True,ok
2026-08-25T05:00:07+00:00,domtut,https://domtut.uz/uz/nedvizhimost/zamon,zamon,Nrg-bi,Nrg-bi,Toshkent shahri,Yashnobod tumani,3,94.1,,,,,listed_min_total,live,,,True,ok
2026-08-25T05:00:07+00:00,domtut,https://domtut.uz/uz/nedvizhimost/maftun-makon,maftun-makon,Nrg-bi,Nrg-bi,Toshkent shahri,Yashnobod tumani,3,94.9,,,,,listed_min_total,live,,,True,ok
2026-08-25T05:00:07+00:00,domtut,https://domtut.uz/uz/nedvizhimost/zamon,zamon,Nrg-bi,Nrg-bi,Toshkent shahri,Yashnobod tumani,4,123.2,,,,,listed_min_total,live,,,True,ok
2026-08-25T05:00:07+00:00,domtut,https://domtut.uz/uz/nedvizhimost/ofiyat,ofiyat,Ofiyat,Ofiyat,Toshkent shahri,Yashnobod tumani,1,45.7,,,,,listed_min_total,live,,,True,ok
2026-08-25T05:00:07+00:00,domtut,https://domtut.uz/uz/nedvizhimost/ofiyat,ofiyat,Ofiyat,Ofiyat,Toshkent shahri,Yashnobod tumani,2,54.1,1100000000.0,,20332717.0,,listed_min_total,live,,,True,ok
2026-08-25T05:00:07+00:00,domtut,https://domtut.uz/uz/nedvizhimost/ofiyat,ofiyat,Ofiyat,Ofiyat,Toshkent shahri,Yashnobod tumani,3,91.1,1700000000.0,,18660812.0,,listed_min_total,live,,,True,ok
2026-08-25T05:00:07+00:00,domtut,https://domtut.uz/uz/nedvizhimost/ofiyat,ofiyat,Ofiyat,Ofiyat,Toshkent shahri,Yashnobod tumani,4,78.1,1500000000.0,,19206146.0,,listed_min_total,live,,,True,ok
2026-08-25T05:00:07+00:00,domtut,https://domtut.uz/uz/nedvizhimost/zhiloj-kompleks-olmos-residence,zhiloj-kompleks-olmos-residence,Olmos-residence,Olmos-residence,Toshkent shahri,Yashnobod tumani,2,48.2,371000000.0,,7697095.0,,listed_min_total,live,,,True,ok
2026-08-25T05:00:07+00:00,domtut,https://domtut.uz/uz/nedvizhimost/zhiloj-kompleks-olmos-residence,zhiloj-kompleks-olmos-residence,Olmos-residence,Olmos-residence,Toshkent shahri,Yashnobod tumani,3,72.6,559000000.0,,7699725.0,,listed_min_total,live,,,True,ok
2026-08-25T05:00:07+00:00,domtut,https://domtut.uz/uz/nedvizhimost/parkent-gardens,parkent-gardens,Parkentgardens,Parkentgardens,Toshkent shahri,Yashnobod tumani,1,34.0,510000000.0,,15000000.0,,listed_min_total,live,,,True,ok
2026-08-25T05:00:07+00:00,domtut,https://domtut.uz/uz/nedvizhimost/parkent-gardens,parkent-gardens,Parkentgardens,Parkentgardens,Toshkent shahri,Yashnobod tumani,2,50.0,750000000.0,,15000000.0,,listed_min_total,live,,,True,ok
2026-08-25T05:00:07+00:00,domtut,https://domtut.uz/uz/nedvizhimost/parkent-gardens,parkent-gardens,Parkentgardens,Parkentgardens,Toshkent shahri,Yashnobod tumani,3,95.0,1400000000.0,,14736842.0,,listed_min_total,live,,,True,ok
2026-08-25T05:00:07+00:00,domtut,https://domtut.uz/uz/nedvizhimost/phenix-home,phenix-home,Phenix,Phenix,Toshkent shahri,Yashnobod tumani,1,35.0,357000000.0,,10200000.0,,listed_min_total,live,,,True,ok
2026-08-25T05:00:07+00:00,domtut,https://domtut.uz/uz/nedvizhimost/phenix-home,phenix-home,Phenix,Phenix,Toshkent shahri,Yashnobod tumani,2,57.0,581000000.0,,10192982.0,,listed_min_total,live,,,True,ok
2026-08-25T05:00:07+00:00,domtut,https://domtut.uz/uz/nedvizhimost/alandalus,alandalus,Renaissance,Renaissance,Toshkent shahri,Yashnobod tumani,1,37.0,333000000.0,,9000000.0,,listed_min_total,live,,,True,ok
2026-08-25T05:00:07+00:00,domtut,https://domtut.uz/uz/nedvizhimost/alandalus,alandalus,Renaissance,Renaissance,Toshkent shahri,Yashnobod tumani,2,53.0,477000000.0,,9000000.0,,listed_min_total,live,,,True,ok
2026-08-25T05:00:07+00:00,domtut,https://domtut.uz/uz/nedvizhimost/alandalus,alandalus,Renaissance,Renaissance,Toshkent shahri,Yashnobod tumani,3,70.0,630000000.0,,9000000.0,,listed_min_total,live,,,True,ok
2026-08-25T05:00:07+00:00,domtut,https://domtut.uz/uz/nedvizhimost/alandalus,alandalus,Renaissance,Renaissance,Toshkent shahri,Yashnobod tumani,4,90.0,810000000.0,,9000000.0,,listed_min_total,live,,,True,ok
2026-08-25T05:00:07+00:00,domtut,https://domtut.uz/uz/nedvizhimost/resim,resim,Resim,Resim,Toshkent shahri,Yashnobod tumani,1,45.0,900000000.0,,20000000.0,,listed_min_total,live,,,True,ok
2026-08-25T05:00:07+00:00,domtut,https://domtut.uz/uz/nedvizhimost/resim,resim,Resim,Resim,Toshkent shahri,Yashnobod tumani,3,93.0,1900000000.0,,20430108.0,,listed_min_total,live,,,True,ok
2026-08-25T05:00:07+00:00,domtut,https://domtut.uz/uz/nedvizhimost/resim,resim,Resim,Resim,Toshkent shahri,Yashnobod tumani,5,162.0,3200000000.0,,19753086.0,,listed_min_total,live,,,True,ok
2026-08-25T05:00:07+00:00,domtut,https://domtut.uz/uz/nedvizhimost/zhiloj-kompleks-yashnobod-plaza,zhiloj-kompleks-yashnobod-plaza,San-city,San-city,Toshkent shahri,Yashnobod tumani,2,69.1,656000000.0,,9493488.0,,listed_min_total,live,,,True,ok
2026-08-25T05:00:07+00:00,domtut,https://domtut.uz/uz/nedvizhimost/zhiloj-kompleks-yashnobod-plaza,zhiloj-kompleks-yashnobod-plaza,San-city,San-city,Toshkent shahri,Yashnobod tumani,3,100.3,953000000.0,,9501496.0,,listed_min_total,live,,,True,ok
2026-08-25T05:00:07+00:00,domtut,https://domtut.uz/uz/nedvizhimost/vodiy,vodiy,Xonsaroy,Xonsaroy,Toshkent shahri,Yashnobod tumani,1,35.3,,,,,listed_min_total,live,,,True,ok
2026-08-25T05:00:07+00:00,domtut,https://domtut.uz/uz/nedvizhimost/vodiy,vodiy,Xonsaroy,Xonsaroy,Toshkent shahri,Yashnobod tumani,2,50.8,,,,,listed_min_total,live,,,True,ok
2026-08-25T05:00:07+00:00,domtut,https://domtut.uz/uz/nedvizhimost/vodiy,vodiy,Xonsaroy,Xonsaroy,Toshkent shahri,Yashnobod tumani,3,66.3,,,,,listed_min_total,live,,,True,ok
2026-08-25T05:00:07+00:00,domtut,https://domtut.uz/uz/nedvizhimost/zilan-residence,zilan-residence,Zilan,Zilan,Toshkent shahri,Yashnobod tumani,1,63.2,727000000.0,,11503165.0,,listed_min_total,live,,,True,ok
2026-08-25T05:00:07+00:00,domtut,https://domtut.uz/uz/nedvizhimost/zilan-residence,zilan-residence,Zilan,Zilan,Toshkent shahri,Yashnobod tumani,2,64.8,745000000.0,,11496914.0,,listed_min_total,live,,,True,ok
2026-08-25T05:00:07+00:00,domtut,https://domtut.uz/uz/nedvizhimost/zilan-residence,zilan-residence,Zilan,Zilan,Toshkent shahri,Yashnobod tumani,3,92.1,1100000000.0,,11943540.0,,listed_min_total,live,,,True,ok
2026-08-25T05:00:07+00:00,domtut,https://domtut.uz/uz/nedvizhimost/afsona-residense,afsona-residense,Afsona-residense,Afsona-residense,Toshkent shahri,Yunusobod tumani,1,33.4,574000000.0,,17185629.0,,listed_min_total,live,,,True,ok
2026-08-25T05:00:07+00:00,domtut,https://domtut.uz/uz/nedvizhimost/afsona-residense,afsona-residense,Afsona-residense,Afsona-residense,Toshkent shahri,Yunusobod tumani,2,53.5,920000000.0,,17196262.0,,listed_min_total,live,,,True,ok
2026-08-25T05:00:07+00:00,domtut,https://domtut.uz/uz/nedvizhimost/afsona-residense,afsona-residense,Afsona-residense,Afsona-residense,Toshkent shahri,Yunusobod tumani,3,76.8,1300000000.0,,16927083.0,,listed_min_total,live,,,True,ok
2026-08-25T05:00:07+00:00,domtut,https://domtut.uz/uz/nedvizhimost/musaffo,musaffo,Art-house,Art-house,Toshkent shahri,Yunusobod tumani,1,45.6,679000000.0,,14890351.0,,listed_min_total,live,,,True,ok
2026-08-25T05:00:07+00:00,domtut,https://domtut.uz/uz/nedvizhimost/musaffo,musaffo,Art-house,Art-house,Toshkent shahri,Yunusobod tumani,2,66.6,992000000.0,,14894895.0,,listed_min_total,live,,,True,ok
2026-08-25T05:00:07+00:00,domtut,https://domtut.uz/uz/nedvizhimost/musaffo,musaffo,Art-house,Art-house,Toshkent shahri,Yunusobod tumani,3,82.0,1200000000.0,,14634146.0,,listed_min_total,live,,,True,ok
2026-08-25T05:00:07+00:00,domtut,https://domtut.uz/uz/nedvizhimost/trinity,trinity,B-invest,B-invest,Toshkent shahri,Yunusobod tumani,1,40.6,445000000.0,,10960591.0,,listed_min_total,live,,,True,ok
2026-08-25T05:00:07+00:00,domtut,https://domtut.uz/uz/nedvizhimost/trinity,trinity,B-invest,B-invest,Toshkent shahri,Yunusobod tumani,2,52.7,579000000.0,,10986717.0,,listed_min_total,live,,,True,ok
2026-08-25T05:00:07+00:00,domtut,https://domtut.uz/uz/nedvizhimost/zhiloj-kompleks-manzara,zhiloj-kompleks-manzara,Bizning-uylar,Bizning-uylar,Toshkent shahri,Yunusobod tumani,1,45.0,,,,,listed_min_total,live,,,True,ok
2026-08-25T05:00:07+00:00,domtut,https://domtut.uz/uz/nedvizhimost/zhiloj-kompleks-manzara,zhiloj-kompleks-manzara,Bizning-uylar,Bizning-uylar,Toshkent shahri,Yunusobod tumani,2,67.0,,,,,listed_min_total,live,,,True,ok
2026-08-25T05:00:07+00:00,domtut,https://domtut.uz/uz/nedvizhimost/zhiloj-kompleks-manzara,zhiloj-kompleks-manzara,Bizning-uylar,Bizning-uylar,Toshkent shahri,Yunusobod tumani,3,81.0,,,,,listed_min_total,live,,,True,ok
2026-08-25T05:00:07+00:00,domtut,https://domtut.uz/uz/nedvizhimost/zhiloj-kompleks-manzara,zhiloj-kompleks-manzara,Bizning-uylar,Bizning-uylar,Toshkent shahri,Yunusobod tumani,4,105.0,,,,,listed_min_total,live,,,True,ok
2026-08-25T05:00:07+00:00,domtut,https://domtut.uz/uz/nedvizhimost/zhiloj-kompleks-diamond-city,zhiloj-kompleks-diamond-city,Diamond-city,Diamond-city,Toshkent shahri,Yunusobod tumani,1,46.0,597000000.0,,12978261.0,,listed_min_total,live,,,True,ok
2026-08-25T05:00:07+00:00,domtut,https://domtut.uz/uz/nedvizhimost/zhiloj-kompleks-diamond-city,zhiloj-kompleks-diamond-city,Diamond-city,Diamond-city,Toshkent shahri,Yunusobod tumani,2,74.5,969000000.0,,13006711.0,,listed_min_total,live,,,True,ok
2026-08-25T05:00:07+00:00,domtut,https://domtut.uz/uz/nedvizhimost/zhiloj-kompleks-diamond-city,zhiloj-kompleks-diamond-city,Diamond-city,Diamond-city,Toshkent shahri,Yunusobod tumani,3,102.3,1300000000.0,,12707722.0,,listed_min_total,live,,,True,ok
2026-08-25T05:00:07+00:00,domtut,https://domtut.uz/uz/nedvizhimost/zhiloj-kompleks-diamond-city,zhiloj-kompleks-diamond-city,Diamond-city,Diamond-city,Toshkent shahri,Yunusobod tumani,4,102.3,1300000000.0,,12707722.0,,listed_min_total,live,,,True,ok
2026-08-25T05:00:07+00:00,domtut,https://domtut.uz/uz/nedvizhimost/diplomats-residence,diplomats-residence,Diplomats-residence,Diplomats-residence,Toshkent shahri,Yunusobod tumani,2,66.5,1100000000.0,,16541353.0,,listed_min_total,live,,,True,ok
2026-08-25T05:00:07+00:00,domtut,https://domtut.uz/uz/nedvizhimost/diplomats-residence,diplomats-residence,Diplomats-residence,Diplomats-residence,Toshkent shahri,Yunusobod tumani,3,84.4,1400000000.0,,16587678.0,,listed_min_total,live,,,True,ok
2026-08-25T05:00:07+00:00,domtut,https://domtut.uz/uz/nedvizhimost/bodomzor,bodomzor,Dream-house,Dream-house,Toshkent shahri,Yunusobod tumani,1,43.0,731000000.0,,17000000.0,,listed_min_total,live,,,True,ok
2026-08-25T05:00:07+00:00,domtut,https://domtut.uz/uz/nedvizhimost/bodomzor,bodomzor,Dream-house,Dream-house,Toshkent shahri,Yunusobod tumani,2,64.5,1100000000.0,,17054264.0,,listed_min_total,live,,,True,ok
2026-08-25T05:00:07+00:00,domtut,https://domtut.uz/uz/nedvizhimost/bodomzor,bodomzor,Dream-house,Dream-house,Toshkent shahri,Yunusobod tumani,3,77.0,1300000000.0,,16883117.0,,listed_min_total,live,,,True,ok
2026-08-25T05:00:07+00:00,domtut,https://domtut.uz/uz/nedvizhimost/bodomzor,bodomzor,Dream-house,Dream-house,Toshkent shahri,Yunusobod tumani,4,104.0,1800000000.0,,17307692.0,,listed_min_total,live,,,True,ok
2026-08-25T05:00:07+00:00,domtut,https://domtut.uz/uz/nedvizhimost/zhiloj-kompleks-eco-dream,zhiloj-kompleks-eco-dream,Eco-dream,Eco-dream,Toshkent shahri,Yunusobod tumani,1,27.0,,,,,listed_min_total,live,,,True,ok
2026-08-25T05:00:07+00:00,domtut,https://domtut.uz/uz/nedvizhimost/erus-empire,erus-empire,Erus-empire,Erus-empire,Toshkent shahri,Yunusobod tumani,1,38.0,456000000.0,,12000000.0,,listed_min_total,live,,,True,ok
2026-08-25T05:00:07+00:00,domtut,https://domtut.uz/uz/nedvizhimost/erus-empire,erus-empire,Erus-empire,Erus-empire,Toshkent shahri,Yunusobod tumani,2,55.7,668000000.0,,11992819.0,,listed_min_total,live,,,True,ok
2026-08-25T05:00:07+00:00,domtut,https://domtut.uz/uz/nedvizhimost/erus-empire,erus-empire,Erus-empire,Erus-empire,Toshkent shahri,Yunusobod tumani,3,108.0,1300000000.0,,12037037.0,,listed_min_total,live,,,True,ok
2026-08-25T05:00:07+00:00,domtut,https://domtut.uz/uz/nedvizhimost/erus-empire,erus-empire,Erus-empire,Erus-empire,Toshkent shahri,Yunusobod tumani,4,126.5,1500000000.0,,11857708.0,,listed_min_total,live,,,True,ok
2026-08-25T05:00:07+00:00,domtut,https://domtut.uz/uz/nedvizhimost/new-chinobod,new-chinobod,Euro-house,Euro-house,Toshkent shahri,Yunusobod tumani,1,40.5,648000000.0,,16000000.0,,listed_min_total,live,,,True,ok
2026-08-25T05:00:07+00:00,domtut,https://domtut.uz/uz/nedvizhimost/new-chinobod,new-chinobod,Euro-house,Euro-house,Toshkent shahri,Yunusobod tumani,2,70.1,1100000000.0,,15691869.0,,listed_min_total,live,,,True,ok
2026-08-25T05:00:07+00:00,domtut,https://domtut.uz/uz/nedvizhimost/grand-akkurgan-resident,grand-akkurgan-resident,Grandakkurgan,Grandakkurgan,Toshkent shahri,Yunusobod tumani,3,149.0,3100000000.0,,20805369.0,,listed_min_total,live,,,True,ok
2026-08-25T05:00:07+00:00,domtut,https://domtut.uz/uz/nedvizhimost/grand-akkurgan-resident,grand-akkurgan-resident,Grandakkurgan,Grandakkurgan,Toshkent shahri,Yunusobod tumani,4,151.0,3200000000.0,,21192053.0,,listed_min_total,live,,,True,ok
2026-08-25T05:00:07+00:00,domtut,https://domtut.uz/uz/nedvizhimost/boz-suv,boz-suv,Greenpark,Greenpark,Toshkent shahri,Yunusobod tumani,2,42.0,564000000.0,,13428571.0,,listed_min_total,live,,,True,ok
2026-08-25T05:00:07+00:00,domtut,https://domtut.uz/uz/nedvizhimost/boz-suv,boz-suv,Greenpark,Greenpark,Toshkent shahri,Yunusobod tumani,3,61.0,819000000.0,,13426230.0,,listed_min_total,live,,,True,ok
2026-08-25T05:00:07+00:00,domtut,https://domtut.uz/uz/nedvizhimost/mezbon,mezbon,Iskander-buildings,Iskander-buildings,Toshkent shahri,Yunusobod tumani,1,38.8,343000000.0,,8840206.0,,listed_min_total,live,,,True,ok
2026-08-25T05:00:07+00:00,domtut,https://domtut.uz/uz/nedvizhimost/mezbon,mezbon,Iskander-buildings,Iskander-buildings,Toshkent shahri,Yunusobod tumani,2,47.3,419000000.0,,8858351.0,,listed_min_total,live,,,True,ok
2026-08-25T05:00:07+00:00,domtut,https://domtut.uz/uz/nedvizhimost/mezbon,mezbon,Iskander-buildings,Iskander-buildings,Toshkent shahri,Yunusobod tumani,3,71.4,632000000.0,,8851541.0,,listed_min_total,live,,,True,ok
2026-08-25T05:00:07+00:00,domtut,https://domtut.uz/uz/nedvizhimost/mavsum,mavsum,Mavsum,Mavsum,Toshkent shahri,Yunusobod tumani,1,27.9,,,,,listed_min_total,live,,,True,ok
2026-08-25T05:00:07+00:00,domtut,https://domtut.uz/uz/nedvizhimost/mavsum,mavsum,Mavsum,Mavsum,Toshkent shahri,Yunusobod tumani,2,46.4,,,,,listed_min_total,live,,,True,ok
2026-08-25T05:00:07+00:00,domtut,https://domtut.uz/uz/nedvizhimost/ming-chinor,ming-chinor,Millenniumhouse,Millenniumhouse,Toshkent shahri,Yunusobod tumani,1,41.9,629000000.0,,15011933.0,,listed_min_total,live,,,True,ok
2026-08-25T05:00:07+00:00,domtut,https://domtut.uz/uz/nedvizhimost/ming-chinor,ming-chinor,Millenniumhouse,Millenniumhouse,Toshkent shahri,Yunusobod tumani,2,47.1,707000000.0,,15010616.0,,listed_min_total,live,,,True,ok
2026-08-25T05:00:07+00:00,domtut,https://domtut.uz/uz/nedvizhimost/ming-chinor,ming-chinor,Millenniumhouse,Millenniumhouse,Toshkent shahri,Yunusobod tumani,3,77.6,1200000000.0,,15463918.0,,listed_min_total,live,,,True,ok
2026-08-25T05:00:07+00:00,domtut,https://domtut.uz/uz/nedvizhimost/bridge,bridge,New-build,New-build,Toshkent shahri,Yunusobod tumani,2,72.2,975000000.0,,13504155.0,,listed_min_total,live,,,True,ok
2026-08-25T05:00:07+00:00,domtut,https://domtut.uz/uz/nedvizhimost/new-house-yunusabad,new-house-yunusabad,New-house,New-house,Toshkent shahri,Yunusobod tumani,1,55.0,637000000.0,,11581818.0,,listed_min_total,live,,,True,ok
2026-08-25T05:00:07+00:00,domtut,https://domtut.uz/uz/nedvizhimost/new-house-yunusabad,new-house-yunusabad,New-house,New-house,Toshkent shahri,Yunusobod tumani,3,77.0,892000000.0,,11584416.0,,listed_min_total,live,,,True,ok
2026-08-25T05:00:07+00:00,domtut,https://domtut.uz/uz/nedvizhimost/zhiloj-kompleks-nova-garden,zhiloj-kompleks-nova-garden,Nova-stroy,Nova-stroy,Toshkent shahri,Yunusobod tumani,2,56.0,,,,,listed_min_total,live,,,True,ok
2026-08-25T05:00:07+00:00,domtut,https://domtut.uz/uz/nedvizhimost/zhiloj-kompleks-highland,zhiloj-kompleks-highland,Nrg-bi,Nrg-bi,Toshkent shahri,Yunusobod tumani,2,47.7,,,,,listed_min_total,live,,,True,ok
2026-08-25T05:00:07+00:00,domtut,https://domtut.uz/uz/nedvizhimost/zhiloj-kompleks-highland,zhiloj-kompleks-highland,Nrg-bi,Nrg-bi,Toshkent shahri,Yunusobod tumani,3,80.1,,,,,listed_min_total,live,,,True,ok
2026-08-25T05:00:07+00:00,domtut,https://domtut.uz/uz/nedvizhimost/zhiloj-kompleks-highland,zhiloj-kompleks-highland,Nrg-bi,Nrg-bi,Toshkent shahri,Yunusobod tumani,4,144.7,,,,,listed_min_total,live,,,True,ok
2026-08-25T05:00:07+00:00,domtut,https://domtut.uz/uz/nedvizhimost/zhiloj-kompleks-highland,zhiloj-kompleks-highland,Nrg-bi,Nrg-bi,Toshkent shahri,Yunusobod tumani,5,183.6,,,,,listed_min_total,live,,,True,ok
2026-08-25T05:00:07+00:00,domtut,https://domtut.uz/uz/nedvizhimost/zhiloj-kompleks-shinam,zhiloj-kompleks-shinam,Shinam,Shinam,Toshkent shahri,Yunusobod tumani,3,87.1,956000000.0,,10975890.0,,listed_min_total,live,,,True,ok
2026-08-25T05:00:07+00:00,domtut,https://domtut.uz/uz/nedvizhimost/aprel,aprel,Shohsaroy-uylari,Shohsaroy-uylari,Toshkent shahri,Yunusobod tumani,1,42.1,,,,,listed_min_total,live,,,True,ok
2026-08-25T05:00:07+00:00,domtut,https://domtut.uz/uz/nedvizhimost/aprel,aprel,Shohsaroy-uylari,Shohsaroy-uylari,Toshkent shahri,Yunusobod tumani,2,44.5,,,,,listed_min_total,live,,,True,ok
2026-08-25T05:00:07+00:00,domtut,https://domtut.uz/uz/nedvizhimost/aprel,aprel,Shohsaroy-uylari,Shohsaroy-uylari,Toshkent shahri,Yunusobod tumani,3,71.2,,,,,listed_min_total,live,,,True,ok
2026-08-25T05:00:07+00:00,domtut,https://domtut.uz/uz/nedvizhimost/turkiston-avenue,turkiston-avenue,Turkiston,Turkiston,Toshkent shahri,Yunusobod tumani,1,38.8,365000000.0,,9407216.0,,listed_min_total,live,,,True,ok
2026-08-25T05:00:07+00:00,domtut,https://domtut.uz/uz/nedvizhimost/turkiston-avenue,turkiston-avenue,Turkiston,Turkiston,Toshkent shahri,Yunusobod tumani,2,50.4,474000000.0,,9404762.0,,listed_min_total,live,,,True,ok
2026-08-25T05:00:07+00:00,domtut,https://domtut.uz/uz/nedvizhimost/turkiston-avenue,turkiston-avenue,Turkiston,Turkiston,Toshkent shahri,Yunusobod tumani,3,71.3,670000000.0,,9396914.0,,listed_min_total,live,,,True,ok
2026-08-25T05:00:07+00:00,domtut,https://domtut.uz/uz/nedvizhimost/islomobod,islomobod,Txt-group,Txt-group,Toshkent shahri,Yunusobod tumani,1,43.5,435000000.0,,10000000.0,,listed_min_total,live,,,True,ok
2026-08-25T05:00:07+00:00,domtut,https://domtut.uz/uz/nedvizhimost/islomobod,islomobod,Txt-group,Txt-group,Toshkent shahri,Yunusobod tumani,2,50.4,504000000.0,,10000000.0,,listed_min_total,live,,,True,ok
2026-08-25T05:00:07+00:00,domtut,https://domtut.uz/uz/nedvizhimost/venetsiya,venetsiya,Venetsiya,Venetsiya,Toshkent shahri,Yunusobod tumani,1,37.0,722000000.0,,19513514.0,,listed_min_total,live,,,True,ok
2026-08-25T05:00:07+00:00,domtut,https://domtut.uz/uz/nedvizhimost/venetsiya,venetsiya,Venetsiya,Venetsiya,Toshkent shahri,Yunusobod tumani,2,56.5,1100000000.0,,19469027.0,,listed_min_total,live,,,True,ok
2026-08-25T05:00:07+00:00,domtut,https://domtut.uz/uz/nedvizhimost/venetsiya,venetsiya,Venetsiya,Venetsiya,Toshkent shahri,Yunusobod tumani,3,126.5,2500000000.0,,19762846.0,,listed_min_total,live,,,True,ok
2026-08-25T05:00:07+00:00,domtut,https://domtut.uz/uz/nedvizhimost/wonderful-city,wonderful-city,Wonderful-city,Wonderful-city,Toshkent shahri,Yunusobod tumani,1,41.0,550000000.0,,13414634.0,,listed_min_total,live,,,True,ok
2026-08-25T05:00:07+00:00,domtut,https://domtut.uz/uz/nedvizhimost/wonderful-city,wonderful-city,Wonderful-city,Wonderful-city,Toshkent shahri,Yunusobod tumani,2,59.3,796000000.0,,13423272.0,,listed_min_total,live,,,True,ok
2026-08-25T05:00:07+00:00,domtut,https://domtut.uz/uz/nedvizhimost/wonderful-city,wonderful-city,Wonderful-city,Wonderful-city,Toshkent shahri,Yunusobod tumani,3,80.9,1100000000.0,,13597033.0,,listed_min_total,live,,,True,ok
2026-08-25T05:00:07+00:00,domtut,https://domtut.uz/uz/nedvizhimost/wonderful-city,wonderful-city,Wonderful-city,Wonderful-city,Toshkent shahri,Yunusobod tumani,4,114.5,1500000000.0,,13100437.0,,listed_min_total,live,,,True,ok
2026-08-25T05:00:07+00:00,domtut,https://domtut.uz/uz/nedvizhimost/xasanboy-garden,xasanboy-garden,Xasanboy-garden,Xasanboy-garden,Toshkent shahri,Yunusobod tumani,1,31.1,,,,,listed_min_total,live,,,True,ok
2026-08-25T05:00:07+00:00,domtut,https://domtut.uz/uz/nedvizhimost/bahor-residence,bahor-residence,Xonsaroy,Xonsaroy,Toshkent shahri,Yunusobod tumani,1,34.6,,,,,listed_min_total,live,,,True,ok
2026-08-25T05:00:07+00:00,domtut,https://domtut.uz/uz/nedvizhimost/yulduzi,yulduzi,Xonsaroy,Xonsaroy,Toshkent shahri,Yunusobod tumani,1,37.0,,,,,listed_min_total,live,,,True,ok
2026-08-25T05:00:07+00:00,domtut,https://domtut.uz/uz/nedvizhimost/zhiloj-kompleks-apelsin,zhiloj-kompleks-apelsin,Xonsaroy,Xonsaroy,Toshkent shahri,Yunusobod tumani,1,34.2,,,,,listed_min_total,live,,,True,ok
2026-08-25T05:00:07+00:00,domtut,https://domtut.uz/uz/nedvizhimost/zhiloj-kompleks-ocean,zhiloj-kompleks-ocean,Xonsaroy,Xonsaroy,Toshkent shahri,Yunusobod tumani,1,34.8,,,,,listed_min_total,live,,,True,ok
2026-08-25T05:00:07+00:00,domtut,https://domtut.uz/uz/nedvizhimost/bahor-residence,bahor-residence,Xonsaroy,Xonsaroy,Toshkent shahri,Yunusobod tumani,2,42.6,,,,,listed_min_total,live,,,True,ok
2026-08-25T05:00:07+00:00,domtut,https://domtut.uz/uz/nedvizhimost/yulduzi,yulduzi,Xonsaroy,Xonsaroy,Toshkent shahri,Yunusobod tumani,2,47.3,,,,,listed_min_total,live,,,True,ok
2026-08-25T05:00:07+00:00,domtut,https://domtut.uz/uz/nedvizhimost/zhiloj-kompleks-apelsin,zhiloj-kompleks-apelsin,Xonsaroy,Xonsaroy,Toshkent shahri,Yunusobod tumani,2,50.7,,,,,listed_min_total,live,,,True,ok
2026-08-25T05:00:07+00:00,domtut,https://domtut.uz/uz/nedvizhimost/zhiloj-kompleks-ocean,zhiloj-kompleks-ocean,Xonsaroy,Xonsaroy,Toshkent shahri,Yunusobod tumani,2,51.3,,,,,listed_min_total,live,,,True,ok
2026-08-25T05:00:07+00:00,domtut,https://domtut.uz/uz/nedvizhimost/yulduzi,yulduzi,Xonsaroy,Xonsaroy,Toshkent shahri,Yunusobod tumani,3,76.3,,,,,listed_min_total,live,,,True,ok
2026-08-25T05:00:07+00:00,domtut,https://domtut.uz/uz/nedvizhimost/zhiloj-kompleks-apelsin,zhiloj-kompleks-apelsin,Xonsaroy,Xonsaroy,Toshkent shahri,Yunusobod tumani,3,64.2,,,,,listed_min_total,live,,,True,ok
2026-08-25T05:00:07+00:00,domtut,https://domtut.uz/uz/nedvizhimost/zhiloj-kompleks-ocean,zhiloj-kompleks-ocean,Xonsaroy,Xonsaroy,Toshkent shahri,Yunusobod tumani,3,82.5,,,,,listed_min_total,live,,,True,ok
2026-08-25T05:00:07+00:00,domtut,https://domtut.uz/uz/nedvizhimost/zhiloj-kompleks-apelsin,zhiloj-kompleks-apelsin,Xonsaroy,Xonsaroy,Toshkent shahri,Yunusobod tumani,4,82.5,,,,,listed_min_total,live,,,True,ok
2026-08-25T05:00:07+00:00,domtut,https://domtut.uz/uz/nedvizhimost/yunusabad-plaza,yunusabad-plaza,Yunusabad-plaza,Yunusabad-plaza,Toshkent shahri,Yunusobod tumani,1,82.0,672000000.0,,8195122.0,,listed_min_total,live,,,True,ok
2026-08-25T05:00:07+00:00,domtut,https://domtut.uz/uz/nedvizhimost/yunusabad-plaza,yunusabad-plaza,Yunusabad-plaza,Yunusabad-plaza,Toshkent shahri,Yunusobod tumani,3,102.0,836000000.0,,8196078.0,,listed_min_total,live,,,True,ok
2026-08-25T05:00:07+00:00,domtut,https://domtut.uz/uz/nedvizhimost/nurafson-darvoza,nurafson-darvoza,Bigcity,Bigcity,Toshkent viloyati,Zangiota tumani,2,60.2,,,,,listed_min_total,live,,,True,ok
2026-08-25T05:00:07+00:00,domtut,https://domtut.uz/uz/nedvizhimost/nurafson-darvoza,nurafson-darvoza,Bigcity,Bigcity,Toshkent viloyati,Zangiota tumani,3,79.1,,,,,listed_min_total,live,,,True,ok
2026-08-25T05:00:07+00:00,domtut,https://domtut.uz/uz/nedvizhimost/davr-residence,davr-residence,Binar-group,Binar-group,Toshkent viloyati,Zangiota tumani,1,49.8,438000000.0,,8795181.0,,listed_min_total,live,,,True,ok
2026-08-25T05:00:07+00:00,domtut,https://domtut.uz/uz/nedvizhimost/davr-residence,davr-residence,Binar-group,Binar-group,Toshkent viloyati,Zangiota tumani,2,53.7,473000000.0,,8808194.0,,listed_min_total,live,,,True,ok
2026-08-25T05:00:07+00:00,domtut,https://domtut.uz/uz/nedvizhimost/bogzor-city,bogzor-city,Bogzor-city,Bogzor-city,Toshkent viloyati,Zangiota tumani,2,68.5,658000000.0,,9605839.0,,listed_min_total,live,,,True,ok
2026-08-25T05:00:07+00:00,domtut,https://domtut.uz/uz/nedvizhimost/bogzor-city,bogzor-city,Bogzor-city,Bogzor-city,Toshkent viloyati,Zangiota tumani,3,85.1,817000000.0,,9600470.0,,listed_min_total,live,,,True,ok
2026-08-25T05:00:07+00:00,domtut,https://domtut.uz/uz/nedvizhimost/kottedzhnyj-gorodok-diamond-villa,kottedzhnyj-gorodok-diamond-villa,Diamond-villa,Diamond-villa,Toshkent viloyati,Zangiota tumani,6,160.0,,,,,listed_min_total,live,,,True,ok
2026-08-25T05:00:07+00:00,domtut,https://domtut.uz/uz/nedvizhimost/kottedzhnyj-gorodok-diamond-villa,kottedzhnyj-gorodok-diamond-villa,Diamond-villa,Diamond-villa,Toshkent viloyati,Zangiota tumani,7,170.0,,,,,listed_min_total,live,,,True,ok
2026-08-25T05:00:07+00:00,domtut,https://domtut.uz/uz/nedvizhimost/al-qasr,al-qasr,Euro-house,Euro-house,Toshkent viloyati,Zangiota tumani,1,40.1,,,,,listed_min_total,live,,,True,ok
2026-08-25T05:00:07+00:00,domtut,https://domtut.uz/uz/nedvizhimost/al-qasr,al-qasr,Euro-house,Euro-house,Toshkent viloyati,Zangiota tumani,2,47.4,,,,,listed_min_total,live,,,True,ok
2026-08-25T05:00:07+00:00,domtut,https://domtut.uz/uz/nedvizhimost/al-qasr,al-qasr,Euro-house,Euro-house,Toshkent viloyati,Zangiota tumani,3,86.2,,,,,listed_min_total,live,,,True,ok
2026-08-25T05:00:07+00:00,domtut,https://domtut.uz/uz/nedvizhimost/nirafshon,nirafshon,Nurafshon,Nurafshon,Toshkent viloyati,Zangiota tumani,1,46.5,,,,,listed_min_total,live,,,True,ok
2026-08-25T05:00:07+00:00,domtut,https://domtut.uz/uz/nedvizhimost/nirafshon,nirafshon,Nurafshon,Nurafshon,Toshkent viloyati,Zangiota tumani,2,65.6,,,,,listed_min_total,live,,,True,ok
2026-08-25T05:00:07+00:00,domtut,https://domtut.uz/uz/nedvizhimost/nirafshon,nirafshon,Nurafshon,Nurafshon,Toshkent viloyati,Zangiota tumani,3,104.5,,,,,listed_min_total,live,,,True,ok
2026-08-25T05:00:07+00:00,salomuy,https://salomuy.uz/,202115,Amir Temur Avenue,Reverem House,Andijon viloyati,Andijon shahri,1,34.83,471700000.0,39913.0,8900000.0,753.0,project_min_or_estimated_from_sqm,live,,,True,ok
2026-08-25T05:00:07+00:00,salomuy,https://salomuy.uz/,202115,Amir Temur Avenue,Reverem House,Andijon viloyati,Andijon shahri,2,57.6,471700000.0,39913.0,8900000.0,753.0,project_min_or_estimated_from_sqm,live,,,True,ok
2026-08-25T05:00:07+00:00,salomuy,https://salomuy.uz/,202115,Amir Temur Avenue,Reverem House,Andijon viloyati,Andijon shahri,3,53.09,471700000.0,39913.0,8900000.0,753.0,project_min_or_estimated_from_sqm,live,,,True,ok
2026-08-25T05:00:07+00:00,salomuy,https://salomuy.uz/,202545,Amir Umarxon,Doyen Group,Andijon viloyati,Andijon shahri,1,36.0,302400000.0,25588.0,8400000.0,711.0,project_min_or_estimated_from_sqm,live,,,True,ok
2026-08-25T05:00:07+00:00,salomuy,https://salomuy.uz/,202545,Amir Umarxon,Doyen Group,Andijon viloyati,Andijon shahri,2,54.0,302400000.0,25588.0,8400000.0,711.0,project_min_or_estimated_from_sqm,live,,,True,ok
2026-08-25T05:00:07+00:00,salomuy,https://salomuy.uz/,202545,Amir Umarxon,Doyen Group,Andijon viloyati,Andijon shahri,3,60.0,302400000.0,25588.0,8400000.0,711.0,project_min_or_estimated_from_sqm,live,,,True,ok
2026-08-25T05:00:07+00:00,salomuy,https://salomuy.uz/,202545,Amir Umarxon,Doyen Group,Andijon viloyati,Andijon shahri,4,85.0,302400000.0,25588.0,8400000.0,711.0,project_min_or_estimated_from_sqm,live,,,True,ok
2026-08-25T05:00:07+00:00,salomuy,https://salomuy.uz/,202545,Amir Umarxon,Doyen Group,Andijon viloyati,Andijon shahri,5,114.0,302400000.0,25588.0,8400000.0,711.0,project_min_or_estimated_from_sqm,live,,,True,ok
2026-08-25T05:00:07+00:00,salomuy,https://salomuy.uz/,201630,Emir,Star House Building,Andijon viloyati,Andijon shahri,1,30.6,,,,,project_min_or_estimated_from_sqm,live,,,True,ok
2026-08-25T05:00:07+00:00,salomuy,https://salomuy.uz/,201630,Emir,Star House Building,Andijon viloyati,Andijon shahri,2,60.66,,,,,project_min_or_estimated_from_sqm,live,,,True,ok
2026-08-25T05:00:07+00:00,salomuy,https://salomuy.uz/,201630,Emir,Star House Building,Andijon viloyati,Andijon shahri,3,77.37,,,,,project_min_or_estimated_from_sqm,live,,,True,ok
2026-08-25T05:00:07+00:00,salomuy,https://salomuy.uz/,202130,MILLIY XONADONLAR,Milliard House,Andijon viloyati,Andijon shahri,1,46.65,386400000.0,32696.0,8400000.0,711.0,project_min_or_estimated_from_sqm,live,,,True,ok
2026-08-25T05:00:07+00:00,salomuy,https://salomuy.uz/,202130,MILLIY XONADONLAR,Milliard House,Andijon viloyati,Andijon shahri,3,62.81,386400000.0,32696.0,8400000.0,711.0,project_min_or_estimated_from_sqm,live,,,True,ok
2026-08-25T05:00:07+00:00,salomuy,https://salomuy.uz/,201515,SOHIL BO'YI ANDIJON,TXT Group,Andijon viloyati,Andijon shahri,1,36.65,252000000.0,21323.0,7000000.0,592.0,project_min_or_estimated_from_sqm,live,,,True,ok
2026-08-25T05:00:07+00:00,salomuy,https://salomuy.uz/,201515,SOHIL BO'YI ANDIJON,TXT Group,Andijon viloyati,Andijon shahri,2,47.7,252000000.0,21323.0,7000000.0,592.0,project_min_or_estimated_from_sqm,live,,,True,ok
2026-08-25T05:00:07+00:00,salomuy,https://salomuy.uz/,201515,SOHIL BO'YI ANDIJON,TXT Group,Andijon viloyati,Andijon shahri,3,80.4,252000000.0,21323.0,7000000.0,592.0,project_min_or_estimated_from_sqm,live,,,True,ok
2026-08-25T05:00:07+00:00,salomuy,https://salomuy.uz/,201620,Sokin City,Reverem House,Andijon viloyati,Andijon shahri,2,60.91,612000000.0,51785.0,10200000.0,863.0,project_min_or_estimated_from_sqm,live,,,True,ok
2026-08-25T05:00:07+00:00,salomuy,https://salomuy.uz/,201620,Sokin City,Reverem House,Andijon viloyati,Andijon shahri,3,65.97,612000000.0,51785.0,10200000.0,863.0,project_min_or_estimated_from_sqm,live,,,True,ok
2026-08-25T05:00:07+00:00,salomuy,https://salomuy.uz/,201625,Star House Andijon,Star House Building,Andijon viloyati,Andijon tumani,1,44.23,,,,,project_min_or_estimated_from_sqm,live,,,True,ok
2026-08-25T05:00:07+00:00,salomuy,https://salomuy.uz/,201625,Star House Andijon,Star House Building,Andijon viloyati,Andijon tumani,2,72.44,,,,,project_min_or_estimated_from_sqm,live,,,True,ok
2026-08-25T05:00:07+00:00,salomuy,https://salomuy.uz/,201625,Star House Andijon,Star House Building,Andijon viloyati,Andijon tumani,3,85.88,,,,,project_min_or_estimated_from_sqm,live,,,True,ok
2026-08-25T05:00:07+00:00,salomuy,https://salomuy.uz/,201590,Emir City Bukhara,Emir City Bukhara,Buxoro viloyati,Buxoro shahri,1,42.8,400000000.0,33846.0,8000000.0,677.0,project_min_or_estimated_from_sqm,live,,,True,ok
2026-08-25T05:00:07+00:00,salomuy,https://salomuy.uz/,201590,Emir City Bukhara,Emir City Bukhara,Buxoro viloyati,Buxoro shahri,2,98.2,400000000.0,33846.0,8000000.0,677.0,project_min_or_estimated_from_sqm,live,,,True,ok
2026-08-25T05:00:07+00:00,salomuy,https://salomuy.uz/,201590,Emir City Bukhara,Emir City Bukhara,Buxoro viloyati,Buxoro shahri,3,122.7,400000000.0,33846.0,8000000.0,677.0,project_min_or_estimated_from_sqm,live,,,True,ok
2026-08-25T05:00:07+00:00,salomuy,https://salomuy.uz/,203315,IMARA Residence,MOBIL AZIYA STROY,Buxoro viloyati,Buxoro shahri,1,51.3,318060000.0,26913.0,6200000.0,525.0,project_min_or_estimated_from_sqm,live,,,True,ok
2026-08-25T05:00:07+00:00,salomuy,https://salomuy.uz/,203315,IMARA Residence,MOBIL AZIYA STROY,Buxoro viloyati,Buxoro shahri,2,60.4,318060000.0,26913.0,6200000.0,525.0,project_min_or_estimated_from_sqm,live,,,True,ok
2026-08-25T05:00:07+00:00,salomuy,https://salomuy.uz/,203315,IMARA Residence,MOBIL AZIYA STROY,Buxoro viloyati,Buxoro shahri,3,85.86,318060000.0,26913.0,6200000.0,525.0,project_min_or_estimated_from_sqm,live,,,True,ok
2026-08-25T05:00:07+00:00,salomuy,https://salomuy.uz/,202120,Alliance Avenue,Qadrdonlar Developments,Farg'ona viloyati,Farg'ona shahri,2,59.46,495600000.0,41936.0,8400000.0,711.0,project_min_or_estimated_from_sqm,live,,,True,ok
2026-08-25T05:00:07+00:00,salomuy,https://salomuy.uz/,202120,Alliance Avenue,Qadrdonlar Developments,Farg'ona viloyati,Farg'ona shahri,3,85.56,495600000.0,41936.0,8400000.0,711.0,project_min_or_estimated_from_sqm,live,,,True,ok
2026-08-25T05:00:07+00:00,salomuy,https://salomuy.uz/,201490,Crystal Avenue,TXT Group,Farg'ona viloyati,Farg'ona shahri,1,38.0,275500000.0,23312.0,7250000.0,613.0,project_min_or_estimated_from_sqm,live,,,True,ok
2026-08-25T05:00:07+00:00,salomuy,https://salomuy.uz/,201490,Crystal Avenue,TXT Group,Farg'ona viloyati,Farg'ona shahri,2,59.2,275500000.0,23312.0,7250000.0,613.0,project_min_or_estimated_from_sqm,live,,,True,ok
2026-08-25T05:00:07+00:00,salomuy,https://salomuy.uz/,201490,Crystal Avenue,TXT Group,Farg'ona viloyati,Farg'ona shahri,3,84.0,275500000.0,23312.0,7250000.0,613.0,project_min_or_estimated_from_sqm,live,,,True,ok
2026-08-25T05:00:07+00:00,salomuy,https://salomuy.uz/,201510,ECO TOWER,TXT Group,Farg'ona viloyati,Farg'ona shahri,1,43.65,187500000.0,15866.0,7500000.0,635.0,project_min_or_estimated_from_sqm,live,,,True,ok
2026-08-25T05:00:07+00:00,salomuy,https://salomuy.uz/,201510,ECO TOWER,TXT Group,Farg'ona viloyati,Farg'ona shahri,2,44.05,187500000.0,15866.0,7500000.0,635.0,project_min_or_estimated_from_sqm,live,,,True,ok
2026-08-25T05:00:07+00:00,salomuy,https://salomuy.uz/,201510,ECO TOWER,TXT Group,Farg'ona viloyati,Farg'ona shahri,3,91.65,187500000.0,15866.0,7500000.0,635.0,project_min_or_estimated_from_sqm,live,,,True,ok
2026-08-25T05:00:07+00:00,salomuy,https://salomuy.uz/,203250,Oltin Vodiy,BESH BOLA BUILDINGS,Farg'ona viloyati,Farg'ona shahri,1,45.9,320000000.0,27077.0,8000000.0,677.0,project_min_or_estimated_from_sqm,live,,,True,ok
2026-08-25T05:00:07+00:00,salomuy,https://salomuy.uz/,203250,Oltin Vodiy,BESH BOLA BUILDINGS,Farg'ona viloyati,Farg'ona shahri,2,40.7,320000000.0,27077.0,8000000.0,677.0,project_min_or_estimated_from_sqm,live,,,True,ok
2026-08-25T05:00:07+00:00,salomuy,https://salomuy.uz/,203250,Oltin Vodiy,BESH BOLA BUILDINGS,Farg'ona viloyati,Farg'ona shahri,3,78.58,320000000.0,27077.0,8000000.0,677.0,project_min_or_estimated_from_sqm,live,,,True,ok
2026-08-25T05:00:07+00:00,salomuy,https://salomuy.uz/,203215,Sakura Garden,SHOGUN Sakura Garden,Farg'ona viloyati,Farg'ona shahri,1,23.8,259200000.0,21933.0,10800000.0,914.0,project_min_or_estimated_from_sqm,live,,,True,ok
2026-08-25T05:00:07+00:00,salomuy,https://salomuy.uz/,203215,Sakura Garden,SHOGUN Sakura Garden,Farg'ona viloyati,Farg'ona shahri,2,40.56,259200000.0,21933.0,10800000.0,914.0,project_min_or_estimated_from_sqm,live,,,True,ok
2026-08-25T05:00:07+00:00,salomuy,https://salomuy.uz/,203215,Sakura Garden,SHOGUN Sakura Garden,Farg'ona viloyati,Farg'ona shahri,3,64.79,259200000.0,21933.0,10800000.0,914.0,project_min_or_estimated_from_sqm,live,,,True,ok
2026-08-25T05:00:07+00:00,salomuy,https://salomuy.uz/,201595,Sokin,Qadrdonlar Developments,Farg'ona viloyati,Farg'ona shahri,1,43.9,360800000.0,30530.0,8200000.0,694.0,project_min_or_estimated_from_sqm,live,,,True,ok
2026-08-25T05:00:07+00:00,salomuy,https://salomuy.uz/,201595,Sokin,Qadrdonlar Developments,Farg'ona viloyati,Farg'ona shahri,2,57.79,360800000.0,30530.0,8200000.0,694.0,project_min_or_estimated_from_sqm,live,,,True,ok
2026-08-25T05:00:07+00:00,salomuy,https://salomuy.uz/,201595,Sokin,Qadrdonlar Developments,Farg'ona viloyati,Farg'ona shahri,3,75.74,360800000.0,30530.0,8200000.0,694.0,project_min_or_estimated_from_sqm,live,,,True,ok
2026-08-25T05:00:07+00:00,salomuy,https://salomuy.uz/,201965,YAQINLAR,TXT Group,Farg'ona viloyati,Qo'qon shahri,1,45.9,307500000.0,26019.0,7500000.0,635.0,project_min_or_estimated_from_sqm,live,,,True,ok
2026-08-25T05:00:07+00:00,salomuy,https://salomuy.uz/,201965,YAQINLAR,TXT Group,Farg'ona viloyati,Qo'qon shahri,3,91.6,307500000.0,26019.0,7500000.0,635.0,project_min_or_estimated_from_sqm,live,,,True,ok
2026-08-25T05:00:07+00:00,salomuy,https://salomuy.uz/,201970,Navruz,TXT Group,Jizzax viloyati,Jizzax shahri,1,41.8,307500000.0,26019.0,7500000.0,635.0,project_min_or_estimated_from_sqm,live,,,True,ok
2026-08-25T05:00:07+00:00,salomuy,https://salomuy.uz/,201970,Navruz,TXT Group,Jizzax viloyati,Jizzax shahri,2,93.0,307500000.0,26019.0,7500000.0,635.0,project_min_or_estimated_from_sqm,live,,,True,ok
2026-08-25T05:00:07+00:00,salomuy,https://salomuy.uz/,201520,Zamin Jizzax,TXT Group,Jizzax viloyati,Jizzax shahri,1,42.5,315000000.0,26654.0,7500000.0,635.0,project_min_or_estimated_from_sqm,live,,,True,ok
2026-08-25T05:00:07+00:00,salomuy,https://salomuy.uz/,201520,Zamin Jizzax,TXT Group,Jizzax viloyati,Jizzax shahri,2,67.5,315000000.0,26654.0,7500000.0,635.0,project_min_or_estimated_from_sqm,live,,,True,ok
2026-08-25T05:00:07+00:00,salomuy,https://salomuy.uz/,201520,Zamin Jizzax,TXT Group,Jizzax viloyati,Jizzax shahri,3,99.0,315000000.0,26654.0,7500000.0,635.0,project_min_or_estimated_from_sqm,live,,,True,ok
2026-08-25T05:00:07+00:00,salomuy,https://salomuy.uz/,201520,Zamin Jizzax,TXT Group,Jizzax viloyati,Jizzax shahri,4,105.5,315000000.0,26654.0,7500000.0,635.0,project_min_or_estimated_from_sqm,live,,,True,ok
2026-08-25T05:00:07+00:00,salomuy,https://salomuy.uz/,202435,Do'stlik,TXT Group,Jizzax viloyati,Zomin tumani,1,41.0,292500000.0,24750.0,7500000.0,635.0,project_min_or_estimated_from_sqm,live,,,True,ok
2026-08-25T05:00:07+00:00,salomuy,https://salomuy.uz/,202435,Do'stlik,TXT Group,Jizzax viloyati,Zomin tumani,2,49.4,292500000.0,24750.0,7500000.0,635.0,project_min_or_estimated_from_sqm,live,,,True,ok
2026-08-25T05:00:07+00:00,salomuy,https://salomuy.uz/,202435,Do'stlik,TXT Group,Jizzax viloyati,Zomin tumani,3,85.6,292500000.0,24750.0,7500000.0,635.0,project_min_or_estimated_from_sqm,live,,,True,ok
2026-08-25T05:00:07+00:00,salomuy,https://salomuy.uz/,202435,Do'stlik,TXT Group,Jizzax viloyati,Zomin tumani,4,95.7,292500000.0,24750.0,7500000.0,635.0,project_min_or_estimated_from_sqm,live,,,True,ok
2026-08-25T05:00:07+00:00,salomuy,https://salomuy.uz/,201495,Central Avenue,TXT Group,Namangan viloyati,Namangan shahri,1,27.9,255000000.0,21577.0,8500000.0,719.0,project_min_or_estimated_from_sqm,live,,,True,ok
2026-08-25T05:00:07+00:00,salomuy,https://salomuy.uz/,201495,Central Avenue,TXT Group,Namangan viloyati,Namangan shahri,2,58.5,255000000.0,21577.0,8500000.0,719.0,project_min_or_estimated_from_sqm,live,,,True,ok
2026-08-25T05:00:07+00:00,salomuy,https://salomuy.uz/,201495,Central Avenue,TXT Group,Namangan viloyati,Namangan shahri,3,92.3,255000000.0,21577.0,8500000.0,719.0,project_min_or_estimated_from_sqm,live,,,True,ok
2026-08-25T05:00:07+00:00,salomuy,https://salomuy.uz/,201495,Central Avenue,TXT Group,Namangan viloyati,Namangan shahri,4,153.4,255000000.0,21577.0,8500000.0,719.0,project_min_or_estimated_from_sqm,live,,,True,ok
2026-08-25T05:00:07+00:00,salomuy,https://salomuy.uz/,202550,ANOR RESIDENCE,O'z Shahar Qurilish Invest,Navoiy viloyati,Navoiy shahri,1,41.8,292600000.0,24759.0,7000000.0,592.0,project_min_or_estimated_from_sqm,live,,,True,ok
2026-08-25T05:00:07+00:00,salomuy,https://salomuy.uz/,202550,ANOR RESIDENCE,O'z Shahar Qurilish Invest,Navoiy viloyati,Navoiy shahri,2,57.6,292600000.0,24759.0,7000000.0,592.0,project_min_or_estimated_from_sqm,live,,,True,ok
2026-08-25T05:00:07+00:00,salomuy,https://salomuy.uz/,202550,ANOR RESIDENCE,O'z Shahar Qurilish Invest,Navoiy viloyati,Navoiy shahri,3,83.8,292600000.0,24759.0,7000000.0,592.0,project_min_or_estimated_from_sqm,live,,,True,ok
2026-08-25T05:00:07+00:00,salomuy,https://salomuy.uz/,201740,Baxtli Hayot,Istam Qurilish,Navoiy viloyati,Navoiy shahri,1,58.83,588000000.0,49754.0,12250000.0,1037.0,project_min_or_estimated_from_sqm,live,,,True,ok
2026-08-25T05:00:07+00:00,salomuy,https://salomuy.uz/,201740,Baxtli Hayot,Istam Qurilish,Navoiy viloyati,Navoiy shahri,2,93.73,588000000.0,49754.0,12250000.0,1037.0,project_min_or_estimated_from_sqm,live,,,True,ok
2026-08-25T05:00:07+00:00,salomuy,https://salomuy.uz/,201740,Baxtli Hayot,Istam Qurilish,Navoiy viloyati,Navoiy shahri,3,95.18,588000000.0,49754.0,12250000.0,1037.0,project_min_or_estimated_from_sqm,live,,,True,ok
2026-08-25T05:00:07+00:00,salomuy,https://salomuy.uz/,201725,Brilliant,ART House,Navoiy viloyati,Navoiy shahri,1,52.09,560000000.0,47385.0,7000000.0,592.0,project_min_or_estimated_from_sqm,live,,,True,ok
2026-08-25T05:00:07+00:00,salomuy,https://salomuy.uz/,201725,Brilliant,ART House,Navoiy viloyati,Navoiy shahri,2,53.89,560000000.0,47385.0,7000000.0,592.0,project_min_or_estimated_from_sqm,live,,,True,ok
2026-08-25T05:00:07+00:00,salomuy,https://salomuy.uz/,201730,Sputnik Avenue,ART House,Navoiy viloyati,Navoiy shahri,1,45.76,360000000.0,30462.0,8000000.0,677.0,project_min_or_estimated_from_sqm,live,,,True,ok
2026-08-25T05:00:07+00:00,salomuy,https://salomuy.uz/,201730,Sputnik Avenue,ART House,Navoiy viloyati,Navoiy shahri,2,67.54,360000000.0,30462.0,8000000.0,677.0,project_min_or_estimated_from_sqm,live,,,True,ok
2026-08-25T05:00:07+00:00,salomuy,https://salomuy.uz/,201730,Sputnik Avenue,ART House,Navoiy viloyati,Navoiy shahri,3,92.98,360000000.0,30462.0,8000000.0,677.0,project_min_or_estimated_from_sqm,live,,,True,ok
2026-08-25T05:00:07+00:00,salomuy,https://salomuy.uz/,202135,Yangi Guliston,FLAGMAN DEVELOPMENT,Navoiy viloyati,Navoiy shahri,0,68.2,318000000.0,26908.0,6000000.0,508.0,project_min_or_estimated_from_sqm,live,,,True,ok
2026-08-25T05:00:07+00:00,salomuy,https://salomuy.uz/,202135,Yangi Guliston,FLAGMAN DEVELOPMENT,Navoiy viloyati,Navoiy shahri,1,53.8,318000000.0,26908.0,6000000.0,508.0,project_min_or_estimated_from_sqm,live,,,True,ok
2026-08-25T05:00:07+00:00,salomuy,https://salomuy.uz/,202135,Yangi Guliston,FLAGMAN DEVELOPMENT,Navoiy viloyati,Navoiy shahri,2,58.4,318000000.0,26908.0,6000000.0,508.0,project_min_or_estimated_from_sqm,live,,,True,ok
2026-08-25T05:00:07+00:00,salomuy,https://salomuy.uz/,202135,Yangi Guliston,FLAGMAN DEVELOPMENT,Navoiy viloyati,Navoiy shahri,3,106.7,318000000.0,26908.0,6000000.0,508.0,project_min_or_estimated_from_sqm,live,,,True,ok
2026-08-25T05:00:07+00:00,salomuy,https://salomuy.uz/,201745,Yangi Zamin,Istam Qurilish,Navoiy viloyati,Navoiy shahri,1,42.8,,,,,project_min_or_estimated_from_sqm,live,,,True,ok
2026-08-25T05:00:07+00:00,salomuy,https://salomuy.uz/,201745,Yangi Zamin,Istam Qurilish,Navoiy viloyati,Navoiy shahri,2,60.96,,,,,project_min_or_estimated_from_sqm,live,,,True,ok
2026-08-25T05:00:07+00:00,salomuy,https://salomuy.uz/,201745,Yangi Zamin,Istam Qurilish,Navoiy viloyati,Navoiy shahri,3,82.38,,,,,project_min_or_estimated_from_sqm,live,,,True,ok
2026-08-25T05:00:07+00:00,salomuy,https://salomuy.uz/,201735,QIZILTEPA,ART House,Navoiy viloyati,Qiziltepa tumani,1,36.87,211585000.0,17904.0,5877361.0,497.0,project_min_or_estimated_from_sqm,live,,,True,ok
2026-08-25T05:00:07+00:00,salomuy,https://salomuy.uz/,201735,QIZILTEPA,ART House,Navoiy viloyati,Qiziltepa tumani,2,55.78,211585000.0,17904.0,5877361.0,497.0,project_min_or_estimated_from_sqm,live,,,True,ok
2026-08-25T05:00:07+00:00,salomuy,https://salomuy.uz/,201735,QIZILTEPA,ART House,Navoiy viloyati,Qiziltepa tumani,3,72.64,211585000.0,17904.0,5877361.0,497.0,project_min_or_estimated_from_sqm,live,,,True,ok
2026-08-25T05:00:07+00:00,salomuy,https://salomuy.uz/,201755,Orzular,Garant Uchquduq,Navoiy viloyati,Uchquduq tumani,2,51.2,332800000.0,28160.0,6500000.0,550.0,project_min_or_estimated_from_sqm,live,,,True,ok
2026-08-25T05:00:07+00:00,salomuy,https://salomuy.uz/,201755,Orzular,Garant Uchquduq,Navoiy viloyati,Uchquduq tumani,3,94.24,332800000.0,28160.0,6500000.0,550.0,project_min_or_estimated_from_sqm,live,,,True,ok
2026-08-25T05:00:07+00:00,salomuy,https://salomuy.uz/,201710,SHOHSAROY,Zar Zamonaviy Uylar,Navoiy viloyati,Zarafshon shahri,1,57.4,390000000.0,33000.0,6500000.0,550.0,project_min_or_estimated_from_sqm,live,,,True,ok
2026-08-25T05:00:07+00:00,salomuy,https://salomuy.uz/,201710,SHOHSAROY,Zar Zamonaviy Uylar,Navoiy viloyati,Zarafshon shahri,2,77.7,390000000.0,33000.0,6500000.0,550.0,project_min_or_estimated_from_sqm,live,,,True,ok
2026-08-25T05:00:07+00:00,salomuy,https://salomuy.uz/,201710,SHOHSAROY,Zar Zamonaviy Uylar,Navoiy viloyati,Zarafshon shahri,3,99.0,390000000.0,33000.0,6500000.0,550.0,project_min_or_estimated_from_sqm,live,,,True,ok
2026-08-25T05:00:07+00:00,salomuy,https://salomuy.uz/,201705,ZAR ZAMONAVIY UYLAR,Zar Zamonaviy Uylar,Navoiy viloyati,Zarafshon shahri,1,56.06,325000000.0,27500.0,6500000.0,550.0,project_min_or_estimated_from_sqm,live,,,True,ok
2026-08-25T05:00:07+00:00,salomuy,https://salomuy.uz/,201705,ZAR ZAMONAVIY UYLAR,Zar Zamonaviy Uylar,Navoiy viloyati,Zarafshon shahri,2,46.5,325000000.0,27500.0,6500000.0,550.0,project_min_or_estimated_from_sqm,live,,,True,ok
2026-08-25T05:00:07+00:00,salomuy,https://salomuy.uz/,201705,ZAR ZAMONAVIY UYLAR,Zar Zamonaviy Uylar,Navoiy viloyati,Zarafshon shahri,3,87.45,325000000.0,27500.0,6500000.0,550.0,project_min_or_estimated_from_sqm,live,,,True,ok
2026-08-25T05:00:07+00:00,salomuy,https://salomuy.uz/,201440,Bog'dod City,Magic Build,Samarqand viloyati,Samarqand shahri,2,62.94,452200000.0,38263.0,9500000.0,804.0,project_min_or_estimated_from_sqm,live,,,True,ok
2026-08-25T05:00:07+00:00,salomuy,https://salomuy.uz/,201440,Bog'dod City,Magic Build,Samarqand viloyati,Samarqand shahri,3,83.54,452200000.0,38263.0,9500000.0,804.0,project_min_or_estimated_from_sqm,live,,,True,ok
2026-08-25T05:00:07+00:00,salomuy,https://salomuy.uz/,201420,Brilliant City,TXT Group,Samarqand viloyati,Samarqand shahri,1,44.0,440000000.0,37231.0,10000000.0,846.0,project_min_or_estimated_from_sqm,live,,,True,ok
2026-08-25T05:00:07+00:00,salomuy,https://salomuy.uz/,201420,Brilliant City,TXT Group,Samarqand viloyati,Samarqand shahri,2,50.7,440000000.0,37231.0,10000000.0,846.0,project_min_or_estimated_from_sqm,live,,,True,ok
2026-08-25T05:00:07+00:00,salomuy,https://salomuy.uz/,201420,Brilliant City,TXT Group,Samarqand viloyati,Samarqand shahri,3,70.5,440000000.0,37231.0,10000000.0,846.0,project_min_or_estimated_from_sqm,live,,,True,ok
2026-08-25T05:00:07+00:00,salomuy,https://salomuy.uz/,201420,Brilliant City,TXT Group,Samarqand viloyati,Samarqand shahri,4,124.2,440000000.0,37231.0,10000000.0,846.0,project_min_or_estimated_from_sqm,live,,,True,ok
2026-08-25T05:00:07+00:00,salomuy,https://salomuy.uz/,203205,Buta Residence,BUTA CONSTRUCTION,Samarqand viloyati,Samarqand shahri,1,50.5,732250000.0,61960.0,14500000.0,1227.0,project_min_or_estimated_from_sqm,live,,,True,ok
2026-08-25T05:00:07+00:00,salomuy,https://salomuy.uz/,203205,Buta Residence,BUTA CONSTRUCTION,Samarqand viloyati,Samarqand shahri,2,56.4,732250000.0,61960.0,14500000.0,1227.0,project_min_or_estimated_from_sqm,live,,,True,ok
2026-08-25T05:00:07+00:00,salomuy,https://salomuy.uz/,203205,Buta Residence,BUTA CONSTRUCTION,Samarqand viloyati,Samarqand shahri,3,79.3,732250000.0,61960.0,14500000.0,1227.0,project_min_or_estimated_from_sqm,live,,,True,ok
2026-08-25T05:00:07+00:00,salomuy,https://salomuy.uz/,201450,Chayka Residence,Bagirov Construction,Samarqand viloyati,Samarqand shahri,2,75.8,715400000.0,60534.0,9800000.0,829.0,project_min_or_estimated_from_sqm,live,,,True,ok
2026-08-25T05:00:07+00:00,salomuy,https://salomuy.uz/,201450,Chayka Residence,Bagirov Construction,Samarqand viloyati,Samarqand shahri,3,73.7,715400000.0,60534.0,9800000.0,829.0,project_min_or_estimated_from_sqm,live,,,True,ok
2026-08-25T05:00:07+00:00,salomuy,https://salomuy.uz/,201450,Chayka Residence,Bagirov Construction,Samarqand viloyati,Samarqand shahri,4,128.04,715400000.0,60534.0,9800000.0,829.0,project_min_or_estimated_from_sqm,live,,,True,ok
2026-08-25T05:00:07+00:00,salomuy,https://salomuy.uz/,201550,Daler Stroy,Daler Stroy,Samarqand viloyati,Samarqand shahri,1,62.12,,,,,project_min_or_estimated_from_sqm,live,,,True,ok
2026-08-25T05:00:07+00:00,salomuy,https://salomuy.uz/,201550,Daler Stroy,Daler Stroy,Samarqand viloyati,Samarqand shahri,2,62.6,,,,,project_min_or_estimated_from_sqm,live,,,True,ok
2026-08-25T05:00:07+00:00,salomuy,https://salomuy.uz/,203245,Dargoh Residence,CENTRA GROUP,Samarqand viloyati,Samarqand shahri,2,43.9,451500000.0,38204.0,10500000.0,888.0,project_min_or_estimated_from_sqm,live,,,True,ok
2026-08-25T05:00:07+00:00,salomuy,https://salomuy.uz/,203245,Dargoh Residence,CENTRA GROUP,Samarqand viloyati,Samarqand shahri,3,70.21,451500000.0,38204.0,10500000.0,888.0,project_min_or_estimated_from_sqm,live,,,True,ok
2026-08-25T05:00:07+00:00,salomuy,https://salomuy.uz/,203245,Dargoh Residence,CENTRA GROUP,Samarqand viloyati,Samarqand shahri,4,85.81,451500000.0,38204.0,10500000.0,888.0,project_min_or_estimated_from_sqm,live,,,True,ok
2026-08-25T05:00:07+00:00,salomuy,https://salomuy.uz/,201530,Gagarin Avenue,STROY DOM SIYOB,Samarqand viloyati,Samarqand shahri,1,41.5,609500000.0,51574.0,11500000.0,973.0,project_min_or_estimated_from_sqm,live,,,True,ok
2026-08-25T05:00:07+00:00,salomuy,https://salomuy.uz/,201530,Gagarin Avenue,STROY DOM SIYOB,Samarqand viloyati,Samarqand shahri,2,64.0,609500000.0,51574.0,11500000.0,973.0,project_min_or_estimated_from_sqm,live,,,True,ok
2026-08-25T05:00:07+00:00,salomuy,https://salomuy.uz/,201530,Gagarin Avenue,STROY DOM SIYOB,Samarqand viloyati,Samarqand shahri,3,90.0,609500000.0,51574.0,11500000.0,973.0,project_min_or_estimated_from_sqm,live,,,True,ok
2026-08-25T05:00:07+00:00,salomuy,https://salomuy.uz/,201500,Havas Premium,TXT Group,Samarqand viloyati,Samarqand shahri,1,40.9,560000000.0,47385.0,14000000.0,1185.0,project_min_or_estimated_from_sqm,live,,,True,ok
2026-08-25T05:00:07+00:00,salomuy,https://salomuy.uz/,201500,Havas Premium,TXT Group,Samarqand viloyati,Samarqand shahri,2,47.9,560000000.0,47385.0,14000000.0,1185.0,project_min_or_estimated_from_sqm,live,,,True,ok
2026-08-25T05:00:07+00:00,salomuy,https://salomuy.uz/,201500,Havas Premium,TXT Group,Samarqand viloyati,Samarqand shahri,3,86.4,560000000.0,47385.0,14000000.0,1185.0,project_min_or_estimated_from_sqm,live,,,True,ok
2026-08-25T05:00:07+00:00,salomuy,https://salomuy.uz/,203060,Maroqand Uylari,ZUHAL GROUP,Samarqand viloyati,Samarqand shahri,2,43.1,444000000.0,37570.0,12000000.0,1015.0,project_min_or_estimated_from_sqm,live,,,True,ok
2026-08-25T05:00:07+00:00,salomuy,https://salomuy.uz/,203060,Maroqand Uylari,ZUHAL GROUP,Samarqand viloyati,Samarqand shahri,3,105.6,444000000.0,37570.0,12000000.0,1015.0,project_min_or_estimated_from_sqm,live,,,True,ok
2026-08-25T05:00:07+00:00,salomuy,https://salomuy.uz/,201485,Minor,TXT Group,Samarqand viloyati,Samarqand shahri,1,38.1,,,,,project_min_or_estimated_from_sqm,live,,,True,ok
2026-08-25T05:00:07+00:00,salomuy,https://salomuy.uz/,201485,Minor,TXT Group,Samarqand viloyati,Samarqand shahri,2,63.4,,,,,project_min_or_estimated_from_sqm,live,,,True,ok
2026-08-25T05:00:07+00:00,salomuy,https://salomuy.uz/,201485,Minor,TXT Group,Samarqand viloyati,Samarqand shahri,3,68.5,,,,,project_min_or_estimated_from_sqm,live,,,True,ok
2026-08-25T05:00:07+00:00,salomuy,https://salomuy.uz/,201535,Samarqand City,SXF Samarkand City Stroy,Samarqand viloyati,Samarqand shahri,1,83.6,792000000.0,67016.0,11000000.0,931.0,project_min_or_estimated_from_sqm,live,,,True,ok
2026-08-25T05:00:07+00:00,salomuy,https://salomuy.uz/,201535,Samarqand City,SXF Samarkand City Stroy,Samarqand viloyati,Samarqand shahri,2,78.0,792000000.0,67016.0,11000000.0,931.0,project_min_or_estimated_from_sqm,live,,,True,ok
2026-08-25T05:00:07+00:00,salomuy,https://salomuy.uz/,201535,Samarqand City,SXF Samarkand City Stroy,Samarqand viloyati,Samarqand shahri,3,108.3,792000000.0,67016.0,11000000.0,931.0,project_min_or_estimated_from_sqm,live,,,True,ok
2026-08-25T05:00:07+00:00,salomuy,https://salomuy.uz/,201535,Samarqand City,SXF Samarkand City Stroy,Samarqand viloyati,Samarqand shahri,4,136.0,792000000.0,67016.0,11000000.0,931.0,project_min_or_estimated_from_sqm,live,,,True,ok
2026-08-25T05:00:07+00:00,salomuy,https://salomuy.uz/,201525,Samarqand Park Avenuе,Samarqand Oxygen Service,Samarqand viloyati,Samarqand shahri,1,48.38,864000000.0,73108.0,16000000.0,1354.0,project_min_or_estimated_from_sqm,live,,,True,ok
2026-08-25T05:00:07+00:00,salomuy,https://salomuy.uz/,201525,Samarqand Park Avenuе,Samarqand Oxygen Service,Samarqand viloyati,Samarqand shahri,2,57.08,864000000.0,73108.0,16000000.0,1354.0,project_min_or_estimated_from_sqm,live,,,True,ok
2026-08-25T05:00:07+00:00,salomuy,https://salomuy.uz/,201525,Samarqand Park Avenuе,Samarqand Oxygen Service,Samarqand viloyati,Samarqand shahri,3,75.82,864000000.0,73108.0,16000000.0,1354.0,project_min_or_estimated_from_sqm,live,,,True,ok
2026-08-25T05:00:07+00:00,salomuy,https://salomuy.uz/,201525,Samarqand Park Avenuе,Samarqand Oxygen Service,Samarqand viloyati,Samarqand shahri,4,118.0,864000000.0,73108.0,16000000.0,1354.0,project_min_or_estimated_from_sqm,live,,,True,ok
2026-08-25T05:00:07+00:00,salomuy,https://salomuy.uz/,201955,TUMOR,TXT Group,Samarqand viloyati,Samarqand shahri,1,37.95,456000000.0,38585.0,12000000.0,1015.0,project_min_or_estimated_from_sqm,live,,,True,ok
2026-08-25T05:00:07+00:00,salomuy,https://salomuy.uz/,201955,TUMOR,TXT Group,Samarqand viloyati,Samarqand shahri,2,60.6,456000000.0,38585.0,12000000.0,1015.0,project_min_or_estimated_from_sqm,live,,,True,ok
2026-08-25T05:00:07+00:00,salomuy,https://salomuy.uz/,201955,TUMOR,TXT Group,Samarqand viloyati,Samarqand shahri,3,83.2,456000000.0,38585.0,12000000.0,1015.0,project_min_or_estimated_from_sqm,live,,,True,ok
2026-08-25T05:00:07+00:00,salomuy,https://salomuy.uz/,203095,VELLARIS RESIDENCE,AMA-S Construction,Samarqand viloyati,Samarqand shahri,1,43.08,315000000.0,26654.0,7500000.0,635.0,project_min_or_estimated_from_sqm,live,,,True,ok
2026-08-25T05:00:07+00:00,salomuy,https://salomuy.uz/,203095,VELLARIS RESIDENCE,AMA-S Construction,Samarqand viloyati,Samarqand shahri,2,42.15,315000000.0,26654.0,7500000.0,635.0,project_min_or_estimated_from_sqm,live,,,True,ok
2026-08-25T05:00:07+00:00,salomuy,https://salomuy.uz/,203095,VELLARIS RESIDENCE,AMA-S Construction,Samarqand viloyati,Samarqand shahri,3,63.75,315000000.0,26654.0,7500000.0,635.0,project_min_or_estimated_from_sqm,live,,,True,ok
2026-08-25T05:00:07+00:00,salomuy,https://salomuy.uz/,203095,VELLARIS RESIDENCE,AMA-S Construction,Samarqand viloyati,Samarqand shahri,4,109.0,315000000.0,26654.0,7500000.0,635.0,project_min_or_estimated_from_sqm,live,,,True,ok
2026-08-25T05:00:07+00:00,salomuy,https://salomuy.uz/,202910,ДЎСТЛИК,Lada,Samarqand viloyati,Samarqand shahri,1,40.0,360000000.0,30462.0,9000000.0,762.0,project_min_or_estimated_from_sqm,live,,,True,ok
2026-08-25T05:00:07+00:00,salomuy,https://salomuy.uz/,202910,ДЎСТЛИК,Lada,Samarqand viloyati,Samarqand shahri,2,51.3,360000000.0,30462.0,9000000.0,762.0,project_min_or_estimated_from_sqm,live,,,True,ok
2026-08-25T05:00:07+00:00,salomuy,https://salomuy.uz/,202910,ДЎСТЛИК,Lada,Samarqand viloyati,Samarqand shahri,3,73.8,360000000.0,30462.0,9000000.0,762.0,project_min_or_estimated_from_sqm,live,,,True,ok
2026-08-25T05:00:07+00:00,salomuy,https://salomuy.uz/,202105,ELITE ECO CITY,NBK ECO CITY,Samarqand viloyati,Samarqand tumani,1,45.86,540000000.0,45693.0,12000000.0,1015.0,project_min_or_estimated_from_sqm,live,,,True,ok
2026-08-25T05:00:07+00:00,salomuy,https://salomuy.uz/,202105,ELITE ECO CITY,NBK ECO CITY,Samarqand viloyati,Samarqand tumani,3,89.06,540000000.0,45693.0,12000000.0,1015.0,project_min_or_estimated_from_sqm,live,,,True,ok
2026-08-25T05:00:07+00:00,salomuy,https://salomuy.uz/,201445,Siyovush,Siyovush evro stroy,Samarqand viloyati,Samarqand tumani,1,43.5,312000000.0,26400.0,7800000.0,660.0,project_min_or_estimated_from_sqm,live,,,True,ok
2026-08-25T05:00:07+00:00,salomuy,https://salomuy.uz/,201445,Siyovush,Siyovush evro stroy,Samarqand viloyati,Samarqand tumani,2,63.5,312000000.0,26400.0,7800000.0,660.0,project_min_or_estimated_from_sqm,live,,,True,ok
2026-08-25T05:00:07+00:00,salomuy,https://salomuy.uz/,201445,Siyovush,Siyovush evro stroy,Samarqand viloyati,Samarqand tumani,3,97.5,312000000.0,26400.0,7800000.0,660.0,project_min_or_estimated_from_sqm,live,,,True,ok
2026-08-25T05:00:07+00:00,salomuy,https://salomuy.uz/,201960,BIBISHOX,TXT Group,Samarqand viloyati,Urgut tumani,2,63.0,450000000.0,38077.0,7500000.0,635.0,project_min_or_estimated_from_sqm,live,,,True,ok
2026-08-25T05:00:07+00:00,salomuy,https://salomuy.uz/,201960,BIBISHOX,TXT Group,Samarqand viloyati,Urgut tumani,3,88.6,450000000.0,38077.0,7500000.0,635.0,project_min_or_estimated_from_sqm,live,,,True,ok
2026-08-25T05:00:07+00:00,salomuy,https://salomuy.uz/,202055,NURAFSHON,TXT Group,Samarqand viloyati,Urgut tumani,1,39.3,273000000.0,23100.0,7000000.0,592.0,project_min_or_estimated_from_sqm,live,,,True,ok
2026-08-25T05:00:07+00:00,salomuy,https://salomuy.uz/,202055,NURAFSHON,TXT Group,Samarqand viloyati,Urgut tumani,3,84.2,273000000.0,23100.0,7000000.0,592.0,project_min_or_estimated_from_sqm,live,,,True,ok
2026-08-25T05:00:07+00:00,salomuy,https://salomuy.uz/,201505,Zamin Urgut,TXT Group,Samarqand viloyati,Urgut tumani,2,65.5,520000000.0,44000.0,8000000.0,677.0,project_min_or_estimated_from_sqm,live,,,True,ok
2026-08-25T05:00:07+00:00,salomuy,https://salomuy.uz/,201505,Zamin Urgut,TXT Group,Samarqand viloyati,Urgut tumani,3,83.1,520000000.0,44000.0,8000000.0,677.0,project_min_or_estimated_from_sqm,live,,,True,ok
2026-08-25T05:00:07+00:00,salomuy,https://salomuy.uz/,201505,Zamin Urgut,TXT Group,Samarqand viloyati,Urgut tumani,4,97.6,520000000.0,44000.0,8000000.0,677.0,project_min_or_estimated_from_sqm,live,,,True,ok
2026-08-25T05:00:07+00:00,salomuy,https://salomuy.uz/,201975,BARAKA,TXT Group,Sirdaryo viloyati,Guliston shahri,2,68.6,350000000.0,29616.0,7000000.0,592.0,project_min_or_estimated_from_sqm,live,,,True,ok
2026-08-25T05:00:07+00:00,salomuy,https://salomuy.uz/,203195,Centrum Guliston,Elite Building,Sirdaryo viloyati,Guliston shahri,1,39.5,353400000.0,29903.0,9300000.0,787.0,project_min_or_estimated_from_sqm,live,,,True,ok
2026-08-25T05:00:07+00:00,salomuy,https://salomuy.uz/,203195,Centrum Guliston,Elite Building,Sirdaryo viloyati,Guliston shahri,2,62.5,353400000.0,29903.0,9300000.0,787.0,project_min_or_estimated_from_sqm,live,,,True,ok
2026-08-25T05:00:07+00:00,salomuy,https://salomuy.uz/,203195,Centrum Guliston,Elite Building,Sirdaryo viloyati,Guliston shahri,3,71.5,353400000.0,29903.0,9300000.0,787.0,project_min_or_estimated_from_sqm,live,,,True,ok
2026-08-25T05:00:07+00:00,salomuy,https://salomuy.uz/,202455,GULOBOD AVENUE,TXT Group,Sirdaryo viloyati,Guliston shahri,1,42.8,412500000.0,34904.0,7500000.0,635.0,project_min_or_estimated_from_sqm,live,,,True,ok
2026-08-25T05:00:07+00:00,salomuy,https://salomuy.uz/,202455,GULOBOD AVENUE,TXT Group,Sirdaryo viloyati,Guliston shahri,2,57.67,412500000.0,34904.0,7500000.0,635.0,project_min_or_estimated_from_sqm,live,,,True,ok
2026-08-25T05:00:07+00:00,salomuy,https://salomuy.uz/,202455,GULOBOD AVENUE,TXT Group,Sirdaryo viloyati,Guliston shahri,3,79.3,412500000.0,34904.0,7500000.0,635.0,project_min_or_estimated_from_sqm,live,,,True,ok
2026-08-25T05:00:07+00:00,salomuy,https://salomuy.uz/,203285,YASHIL MAKON BARAKA,BARAKA,Sirdaryo viloyati,Guliston shahri,2,49.7,190000000.0,16077.0,9500000.0,804.0,project_min_or_estimated_from_sqm,live,,,True,ok
2026-08-25T05:00:07+00:00,salomuy,https://salomuy.uz/,201980,O‘ZBEGIM,TXT Group,Surxondaryo viloyati,Termiz shahri,1,37.55,259000000.0,21916.0,7000000.0,592.0,project_min_or_estimated_from_sqm,live,,,True,ok
2026-08-25T05:00:07+00:00,salomuy,https://salomuy.uz/,201980,O‘ZBEGIM,TXT Group,Surxondaryo viloyati,Termiz shahri,2,46.9,259000000.0,21916.0,7000000.0,592.0,project_min_or_estimated_from_sqm,live,,,True,ok
2026-08-25T05:00:07+00:00,salomuy,https://salomuy.uz/,201980,O‘ZBEGIM,TXT Group,Surxondaryo viloyati,Termiz shahri,3,62.9,259000000.0,21916.0,7000000.0,592.0,project_min_or_estimated_from_sqm,live,,,True,ok
2026-08-25T05:00:07+00:00,salomuy,https://salomuy.uz/,201980,O‘ZBEGIM,TXT Group,Surxondaryo viloyati,Termiz shahri,4,109.65,259000000.0,21916.0,7000000.0,592.0,project_min_or_estimated_from_sqm,live,,,True,ok
2026-08-25T05:00:07+00:00,salomuy,https://salomuy.uz/,201980,O‘ZBEGIM,TXT Group,Surxondaryo viloyati,Termiz shahri,5,127.8,259000000.0,21916.0,7000000.0,592.0,project_min_or_estimated_from_sqm,live,,,True,ok
2026-08-25T05:00:07+00:00,salomuy,https://salomuy.uz/,202375,Bektemir Residence,Bektemir Hills Development,Toshkent shahri,Bektemir tumani,1,35.0,399000000.0,33762.0,11400000.0,965.0,project_min_or_estimated_from_sqm,live,,,True,ok
2026-08-25T05:00:07+00:00,salomuy,https://salomuy.uz/,202375,Bektemir Residence,Bektemir Hills Development,Toshkent shahri,Bektemir tumani,2,50.0,399000000.0,33762.0,11400000.0,965.0,project_min_or_estimated_from_sqm,live,,,True,ok
2026-08-25T05:00:07+00:00,salomuy,https://salomuy.uz/,202375,Bektemir Residence,Bektemir Hills Development,Toshkent shahri,Bektemir tumani,3,92.0,399000000.0,33762.0,11400000.0,965.0,project_min_or_estimated_from_sqm,live,,,True,ok
2026-08-25T05:00:07+00:00,salomuy,https://salomuy.uz/,202375,Bektemir Residence,Bektemir Hills Development,Toshkent shahri,Bektemir tumani,4,120.1,399000000.0,33762.0,11400000.0,965.0,project_min_or_estimated_from_sqm,live,,,True,ok
2026-08-25T05:00:07+00:00,salomuy,https://salomuy.uz/,201810,Shirin Hayot,Xon Saroy,Toshkent shahri,Bektemir tumani,1,21.9,,,,,project_min_or_estimated_from_sqm,live,,,True,ok
2026-08-25T05:00:07+00:00,salomuy,https://salomuy.uz/,201810,Shirin Hayot,Xon Saroy,Toshkent shahri,Bektemir tumani,2,42.7,,,,,project_min_or_estimated_from_sqm,live,,,True,ok
2026-08-25T05:00:07+00:00,salomuy,https://salomuy.uz/,202010,Yangi Qo’yliq 2,VATAN Qurilish Kompaniyasi,Toshkent shahri,Bektemir tumani,1,25.0,379250000.0,32091.0,9250000.0,783.0,project_min_or_estimated_from_sqm,live,,,True,ok
2026-08-25T05:00:07+00:00,salomuy,https://salomuy.uz/,202010,Yangi Qo’yliq 2,VATAN Qurilish Kompaniyasi,Toshkent shahri,Bektemir tumani,2,41.0,379250000.0,32091.0,9250000.0,783.0,project_min_or_estimated_from_sqm,live,,,True,ok
2026-08-25T05:00:07+00:00,salomuy,https://salomuy.uz/,202010,Yangi Qo’yliq 2,VATAN Qurilish Kompaniyasi,Toshkent shahri,Bektemir tumani,3,77.0,379250000.0,32091.0,9250000.0,783.0,project_min_or_estimated_from_sqm,live,,,True,ok
2026-08-25T05:00:07+00:00,salomuy,https://salomuy.uz/,201230,Barxan Residence,PROFI PAPER,Toshkent shahri,Chilonzor tumani,1,25.45,490200000.0,41479.0,11400000.0,965.0,project_min_or_estimated_from_sqm,live,,,True,ok
2026-08-25T05:00:07+00:00,salomuy,https://salomuy.uz/,201230,Barxan Residence,PROFI PAPER,Toshkent shahri,Chilonzor tumani,2,56.78,490200000.0,41479.0,11400000.0,965.0,project_min_or_estimated_from_sqm,live,,,True,ok
2026-08-25T05:00:07+00:00,salomuy,https://salomuy.uz/,201230,Barxan Residence,PROFI PAPER,Toshkent shahri,Chilonzor tumani,3,66.34,490200000.0,41479.0,11400000.0,965.0,project_min_or_estimated_from_sqm,live,,,True,ok
2026-08-25T05:00:07+00:00,salomuy,https://salomuy.uz/,201865,Do'mbirobod City,Dream House,Toshkent shahri,Chilonzor tumani,1,24.4,313600000.0,26536.0,11200000.0,948.0,project_min_or_estimated_from_sqm,live,,,True,ok
2026-08-25T05:00:07+00:00,salomuy,https://salomuy.uz/,201865,Do'mbirobod City,Dream House,Toshkent shahri,Chilonzor tumani,2,38.0,313600000.0,26536.0,11200000.0,948.0,project_min_or_estimated_from_sqm,live,,,True,ok
2026-08-25T05:00:07+00:00,salomuy,https://salomuy.uz/,201865,Do'mbirobod City,Dream House,Toshkent shahri,Chilonzor tumani,3,60.8,313600000.0,26536.0,11200000.0,948.0,project_min_or_estimated_from_sqm,live,,,True,ok
2026-08-25T05:00:07+00:00,salomuy,https://salomuy.uz/,200365,Do'mbirobod Residence,BM Group,Toshkent shahri,Chilonzor tumani,1,20.6,357000000.0,30208.0,11900000.0,1007.0,project_min_or_estimated_from_sqm,live,,,True,ok
2026-08-25T05:00:07+00:00,salomuy,https://salomuy.uz/,200365,Do'mbirobod Residence,BM Group,Toshkent shahri,Chilonzor tumani,2,45.0,357000000.0,30208.0,11900000.0,1007.0,project_min_or_estimated_from_sqm,live,,,True,ok
2026-08-25T05:00:07+00:00,salomuy,https://salomuy.uz/,200775,Joziba,ZIYNAT CAPITAL BY PTG,Toshkent shahri,Chilonzor tumani,2,71.5,1145500000.0,96928.0,14500000.0,1227.0,project_min_or_estimated_from_sqm,live,,,True,ok
2026-08-25T05:00:07+00:00,salomuy,https://salomuy.uz/,200775,Joziba,ZIYNAT CAPITAL BY PTG,Toshkent shahri,Chilonzor tumani,3,58.25,1145500000.0,96928.0,14500000.0,1227.0,project_min_or_estimated_from_sqm,live,,,True,ok
2026-08-25T05:00:07+00:00,salomuy,https://salomuy.uz/,200775,Joziba,ZIYNAT CAPITAL BY PTG,Toshkent shahri,Chilonzor tumani,4,89.17,1145500000.0,96928.0,14500000.0,1227.0,project_min_or_estimated_from_sqm,live,,,True,ok
2026-08-25T05:00:07+00:00,salomuy,https://salomuy.uz/,202915,Minar,HUMO-NTD-AVTOSERVIS,Toshkent shahri,Chilonzor tumani,1,46.9,660000000.0,55847.0,15000000.0,1269.0,project_min_or_estimated_from_sqm,live,,,True,ok
2026-08-25T05:00:07+00:00,salomuy,https://salomuy.uz/,202915,Minar,HUMO-NTD-AVTOSERVIS,Toshkent shahri,Chilonzor tumani,2,57.0,660000000.0,55847.0,15000000.0,1269.0,project_min_or_estimated_from_sqm,live,,,True,ok
2026-08-25T05:00:07+00:00,salomuy,https://salomuy.uz/,202915,Minar,HUMO-NTD-AVTOSERVIS,Toshkent shahri,Chilonzor tumani,3,78.6,660000000.0,55847.0,15000000.0,1269.0,project_min_or_estimated_from_sqm,live,,,True,ok
2026-08-25T05:00:07+00:00,salomuy,https://salomuy.uz/,200525,Novza Residence,Great House,Toshkent shahri,Chilonzor tumani,2,62.3,1395000000.0,118040.0,18600000.0,1574.0,project_min_or_estimated_from_sqm,live,,,True,ok
2026-08-25T05:00:07+00:00,salomuy,https://salomuy.uz/,200525,Novza Residence,Great House,Toshkent shahri,Chilonzor tumani,3,95.5,1395000000.0,118040.0,18600000.0,1574.0,project_min_or_estimated_from_sqm,live,,,True,ok
2026-08-25T05:00:07+00:00,salomuy,https://salomuy.uz/,202045,ORZULAR MASKANI,Asman Group,Toshkent shahri,Chilonzor tumani,1,49.0,782040000.0,66173.0,15960000.0,1350.0,project_min_or_estimated_from_sqm,live,,,True,ok
2026-08-25T05:00:07+00:00,salomuy,https://salomuy.uz/,202045,ORZULAR MASKANI,Asman Group,Toshkent shahri,Chilonzor tumani,2,43.0,782040000.0,66173.0,15960000.0,1350.0,project_min_or_estimated_from_sqm,live,,,True,ok
2026-08-25T05:00:07+00:00,salomuy,https://salomuy.uz/,202045,ORZULAR MASKANI,Asman Group,Toshkent shahri,Chilonzor tumani,3,77.0,782040000.0,66173.0,15960000.0,1350.0,project_min_or_estimated_from_sqm,live,,,True,ok
2026-08-25T05:00:07+00:00,salomuy,https://salomuy.uz/,200865,Prime Residence,Prime Towers,Toshkent shahri,Chilonzor tumani,1,30.5,1274000000.0,107801.0,19600000.0,1658.0,project_min_or_estimated_from_sqm,live,,,True,ok
2026-08-25T05:00:07+00:00,salomuy,https://salomuy.uz/,200865,Prime Residence,Prime Towers,Toshkent shahri,Chilonzor tumani,2,62.5,1274000000.0,107801.0,19600000.0,1658.0,project_min_or_estimated_from_sqm,live,,,True,ok
2026-08-25T05:00:07+00:00,salomuy,https://salomuy.uz/,200865,Prime Residence,Prime Towers,Toshkent shahri,Chilonzor tumani,3,73.7,1274000000.0,107801.0,19600000.0,1658.0,project_min_or_estimated_from_sqm,live,,,True,ok
2026-08-25T05:00:07+00:00,salomuy,https://salomuy.uz/,200865,Prime Residence,Prime Towers,Toshkent shahri,Chilonzor tumani,4,143.9,1274000000.0,107801.0,19600000.0,1658.0,project_min_or_estimated_from_sqm,live,,,True,ok
2026-08-25T05:00:07+00:00,salomuy,https://salomuy.uz/,201870,Qatortol Residence,Dream House,Toshkent shahri,Chilonzor tumani,1,43.5,1189300000.0,100634.0,16990000.0,1438.0,project_min_or_estimated_from_sqm,live,,,True,ok
2026-08-25T05:00:07+00:00,salomuy,https://salomuy.uz/,201870,Qatortol Residence,Dream House,Toshkent shahri,Chilonzor tumani,2,66.97,1189300000.0,100634.0,16990000.0,1438.0,project_min_or_estimated_from_sqm,live,,,True,ok
2026-08-25T05:00:07+00:00,salomuy,https://salomuy.uz/,201870,Qatortol Residence,Dream House,Toshkent shahri,Chilonzor tumani,3,76.81,1189300000.0,100634.0,16990000.0,1438.0,project_min_or_estimated_from_sqm,live,,,True,ok
2026-08-25T05:00:07+00:00,salomuy,https://salomuy.uz/,203220,Referans Seul Residence,Özgüven,Toshkent shahri,Chilonzor tumani,3,79.0,,,,,project_min_or_estimated_from_sqm,live,,,True,ok
2026-08-25T05:00:07+00:00,salomuy,https://salomuy.uz/,203150,SENFONI,DI GROUP SPECIAL,Toshkent shahri,Chilonzor tumani,1,37.4,693000000.0,58639.0,19800000.0,1675.0,project_min_or_estimated_from_sqm,live,,,True,ok
2026-08-25T05:00:07+00:00,salomuy,https://salomuy.uz/,203150,SENFONI,DI GROUP SPECIAL,Toshkent shahri,Chilonzor tumani,2,51.9,693000000.0,58639.0,19800000.0,1675.0,project_min_or_estimated_from_sqm,live,,,True,ok
2026-08-25T05:00:07+00:00,salomuy,https://salomuy.uz/,203150,SENFONI,DI GROUP SPECIAL,Toshkent shahri,Chilonzor tumani,3,72.7,693000000.0,58639.0,19800000.0,1675.0,project_min_or_estimated_from_sqm,live,,,True,ok
2026-08-25T05:00:07+00:00,salomuy,https://salomuy.uz/,202150,Vision Apartments,NEO House,Toshkent shahri,Chilonzor tumani,1,49.5,800000000.0,67693.0,16000000.0,1354.0,project_min_or_estimated_from_sqm,live,,,True,ok
2026-08-25T05:00:07+00:00,salomuy,https://salomuy.uz/,202150,Vision Apartments,NEO House,Toshkent shahri,Chilonzor tumani,2,57.1,800000000.0,67693.0,16000000.0,1354.0,project_min_or_estimated_from_sqm,live,,,True,ok
2026-08-25T05:00:07+00:00,salomuy,https://salomuy.uz/,202150,Vision Apartments,NEO House,Toshkent shahri,Chilonzor tumani,3,90.8,800000000.0,67693.0,16000000.0,1354.0,project_min_or_estimated_from_sqm,live,,,True,ok
2026-08-25T05:00:07+00:00,salomuy,https://salomuy.uz/,202950,Agalarov Residence,Agalarov Development,Toshkent shahri,Mirobod tumani,1,40.15,1260000000.0,106616.0,36000000.0,3046.0,project_min_or_estimated_from_sqm,live,,,True,ok
2026-08-25T05:00:07+00:00,salomuy,https://salomuy.uz/,202950,Agalarov Residence,Agalarov Development,Toshkent shahri,Mirobod tumani,2,56.2,1260000000.0,106616.0,36000000.0,3046.0,project_min_or_estimated_from_sqm,live,,,True,ok
2026-08-25T05:00:07+00:00,salomuy,https://salomuy.uz/,202950,Agalarov Residence,Agalarov Development,Toshkent shahri,Mirobod tumani,3,94.17,1260000000.0,106616.0,36000000.0,3046.0,project_min_or_estimated_from_sqm,live,,,True,ok
2026-08-25T05:00:07+00:00,salomuy,https://salomuy.uz/,202950,Agalarov Residence,Agalarov Development,Toshkent shahri,Mirobod tumani,4,156.74,1260000000.0,106616.0,36000000.0,3046.0,project_min_or_estimated_from_sqm,live,,,True,ok
2026-08-25T05:00:07+00:00,salomuy,https://salomuy.uz/,200575,Avia Palace,The Nexus Group,Toshkent shahri,Mirobod tumani,1,59.0,650000000.0,55001.0,12500000.0,1058.0,project_min_or_estimated_from_sqm,live,,,True,ok
2026-08-25T05:00:07+00:00,salomuy,https://salomuy.uz/,200575,Avia Palace,The Nexus Group,Toshkent shahri,Mirobod tumani,2,64.6,650000000.0,55001.0,12500000.0,1058.0,project_min_or_estimated_from_sqm,live,,,True,ok
2026-08-25T05:00:07+00:00,salomuy,https://salomuy.uz/,201820,BAHOR,Xon Saroy,Toshkent shahri,Mirobod tumani,1,34.6,,,,,project_min_or_estimated_from_sqm,live,,,True,ok
2026-08-25T05:00:07+00:00,salomuy,https://salomuy.uz/,201820,BAHOR,Xon Saroy,Toshkent shahri,Mirobod tumani,2,42.6,,,,,project_min_or_estimated_from_sqm,live,,,True,ok
2026-08-25T05:00:07+00:00,salomuy,https://salomuy.uz/,202170,Crown Zamon,Crown Development,Toshkent shahri,Mirobod tumani,1,28.54,420000000.0,35539.0,15000000.0,1269.0,project_min_or_estimated_from_sqm,live,,,True,ok
2026-08-25T05:00:07+00:00,salomuy,https://salomuy.uz/,202170,Crown Zamon,Crown Development,Toshkent shahri,Mirobod tumani,2,55.24,420000000.0,35539.0,15000000.0,1269.0,project_min_or_estimated_from_sqm,live,,,True,ok
2026-08-25T05:00:07+00:00,salomuy,https://salomuy.uz/,200435,Daho,Koc Group,Toshkent shahri,Mirobod tumani,1,38.78,,,,,project_min_or_estimated_from_sqm,live,,,True,ok
2026-08-25T05:00:07+00:00,salomuy,https://salomuy.uz/,200435,Daho,Koc Group,Toshkent shahri,Mirobod tumani,2,51.7,,,,,project_min_or_estimated_from_sqm,live,,,True,ok
2026-08-25T05:00:07+00:00,salomuy,https://salomuy.uz/,200435,Daho,Koc Group,Toshkent shahri,Mirobod tumani,3,81.58,,,,,project_min_or_estimated_from_sqm,live,,,True,ok
2026-08-25T05:00:07+00:00,salomuy,https://salomuy.uz/,200495,Dreamland Do'stlik,DREAMLAND DEVELOPMENT,Toshkent shahri,Mirobod tumani,1,43.9,602000000.0,50939.0,14000000.0,1185.0,project_min_or_estimated_from_sqm,live,,,True,ok
2026-08-25T05:00:07+00:00,salomuy,https://salomuy.uz/,200495,Dreamland Do'stlik,DREAMLAND DEVELOPMENT,Toshkent shahri,Mirobod tumani,2,57.6,602000000.0,50939.0,14000000.0,1185.0,project_min_or_estimated_from_sqm,live,,,True,ok
2026-08-25T05:00:07+00:00,salomuy,https://salomuy.uz/,200495,Dreamland Do'stlik,DREAMLAND DEVELOPMENT,Toshkent shahri,Mirobod tumani,3,76.5,602000000.0,50939.0,14000000.0,1185.0,project_min_or_estimated_from_sqm,live,,,True,ok
2026-08-25T05:00:07+00:00,salomuy,https://salomuy.uz/,201830,FAZO,Xon Saroy,Toshkent shahri,Mirobod tumani,0,33.8,,,,,project_min_or_estimated_from_sqm,live,,,True,ok
2026-08-25T05:00:07+00:00,salomuy,https://salomuy.uz/,201830,FAZO,Xon Saroy,Toshkent shahri,Mirobod tumani,1,33.2,,,,,project_min_or_estimated_from_sqm,live,,,True,ok
2026-08-25T05:00:07+00:00,salomuy,https://salomuy.uz/,201830,FAZO,Xon Saroy,Toshkent shahri,Mirobod tumani,2,45.0,,,,,project_min_or_estimated_from_sqm,live,,,True,ok
2026-08-25T05:00:07+00:00,salomuy,https://salomuy.uz/,200820,Furqat Residence,New Zealand,Toshkent shahri,Mirobod tumani,0,32.0,448000000.0,37908.0,14000000.0,1185.0,project_min_or_estimated_from_sqm,live,,,True,ok
2026-08-25T05:00:07+00:00,salomuy,https://salomuy.uz/,200820,Furqat Residence,New Zealand,Toshkent shahri,Mirobod tumani,1,32.6,448000000.0,37908.0,14000000.0,1185.0,project_min_or_estimated_from_sqm,live,,,True,ok
2026-08-25T05:00:07+00:00,salomuy,https://salomuy.uz/,200820,Furqat Residence,New Zealand,Toshkent shahri,Mirobod tumani,2,49.6,448000000.0,37908.0,14000000.0,1185.0,project_min_or_estimated_from_sqm,live,,,True,ok
2026-08-25T05:00:07+00:00,salomuy,https://salomuy.uz/,200820,Furqat Residence,New Zealand,Toshkent shahri,Mirobod tumani,3,59.5,448000000.0,37908.0,14000000.0,1185.0,project_min_or_estimated_from_sqm,live,,,True,ok
2026-08-25T05:00:07+00:00,salomuy,https://salomuy.uz/,202280,Glamour Residence,Nuramax Group,Toshkent shahri,Mirobod tumani,2,47.3,1034000000.0,87493.0,22000000.0,1862.0,project_min_or_estimated_from_sqm,live,,,True,ok
2026-08-25T05:00:07+00:00,salomuy,https://salomuy.uz/,202280,Glamour Residence,Nuramax Group,Toshkent shahri,Mirobod tumani,3,64.1,1034000000.0,87493.0,22000000.0,1862.0,project_min_or_estimated_from_sqm,live,,,True,ok
2026-08-25T05:00:07+00:00,salomuy,https://salomuy.uz/,202285,Golden Lake Residence,Centris Development,Toshkent shahri,Mirobod tumani,0,30.23,437400000.0,37011.0,16200000.0,1371.0,project_min_or_estimated_from_sqm,live,,,True,ok
2026-08-25T05:00:07+00:00,salomuy,https://salomuy.uz/,202285,Golden Lake Residence,Centris Development,Toshkent shahri,Mirobod tumani,1,32.56,437400000.0,37011.0,16200000.0,1371.0,project_min_or_estimated_from_sqm,live,,,True,ok
2026-08-25T05:00:07+00:00,salomuy,https://salomuy.uz/,202285,Golden Lake Residence,Centris Development,Toshkent shahri,Mirobod tumani,2,49.67,437400000.0,37011.0,16200000.0,1371.0,project_min_or_estimated_from_sqm,live,,,True,ok
2026-08-25T05:00:07+00:00,salomuy,https://salomuy.uz/,202285,Golden Lake Residence,Centris Development,Toshkent shahri,Mirobod tumani,3,76.0,437400000.0,37011.0,16200000.0,1371.0,project_min_or_estimated_from_sqm,live,,,True,ok
2026-08-25T05:00:07+00:00,salomuy,https://salomuy.uz/,202930,MIRADOR,KAYAN Development,Toshkent shahri,Mirobod tumani,0,26.0,490100000.0,41470.0,18850000.0,1595.0,project_min_or_estimated_from_sqm,live,,,True,ok
2026-08-25T05:00:07+00:00,salomuy,https://salomuy.uz/,202930,MIRADOR,KAYAN Development,Toshkent shahri,Mirobod tumani,1,42.0,490100000.0,41470.0,18850000.0,1595.0,project_min_or_estimated_from_sqm,live,,,True,ok
2026-08-25T05:00:07+00:00,salomuy,https://salomuy.uz/,202930,MIRADOR,KAYAN Development,Toshkent shahri,Mirobod tumani,2,45.0,490100000.0,41470.0,18850000.0,1595.0,project_min_or_estimated_from_sqm,live,,,True,ok
2026-08-25T05:00:07+00:00,salomuy,https://salomuy.uz/,202930,MIRADOR,KAYAN Development,Toshkent shahri,Mirobod tumani,4,85.0,490100000.0,41470.0,18850000.0,1595.0,project_min_or_estimated_from_sqm,live,,,True,ok
2026-08-25T05:00:07+00:00,salomuy,https://salomuy.uz/,200200,Meros,NRG-BI,Toshkent shahri,Mirobod tumani,1,39.78,769280000.0,65094.0,19232000.0,1627.0,project_min_or_estimated_from_sqm,live,,,True,ok
2026-08-25T05:00:07+00:00,salomuy,https://salomuy.uz/,200200,Meros,NRG-BI,Toshkent shahri,Mirobod tumani,2,56.48,769280000.0,65094.0,19232000.0,1627.0,project_min_or_estimated_from_sqm,live,,,True,ok
2026-08-25T05:00:07+00:00,salomuy,https://salomuy.uz/,200200,Meros,NRG-BI,Toshkent shahri,Mirobod tumani,3,65.81,769280000.0,65094.0,19232000.0,1627.0,project_min_or_estimated_from_sqm,live,,,True,ok
2026-08-25T05:00:07+00:00,salomuy,https://salomuy.uz/,200200,Meros,NRG-BI,Toshkent shahri,Mirobod tumani,4,83.27,769280000.0,65094.0,19232000.0,1627.0,project_min_or_estimated_from_sqm,live,,,True,ok
2026-08-25T05:00:07+00:00,salomuy,https://salomuy.uz/,202480,Mirabad Residence,DISCUS FLOUR,Toshkent shahri,Mirobod tumani,1,41.0,551000000.0,46624.0,13775000.0,1166.0,project_min_or_estimated_from_sqm,live,,,True,ok
2026-08-25T05:00:07+00:00,salomuy,https://salomuy.uz/,202480,Mirabad Residence,DISCUS FLOUR,Toshkent shahri,Mirobod tumani,2,47.2,551000000.0,46624.0,13775000.0,1166.0,project_min_or_estimated_from_sqm,live,,,True,ok
2026-08-25T05:00:07+00:00,salomuy,https://salomuy.uz/,202480,Mirabad Residence,DISCUS FLOUR,Toshkent shahri,Mirobod tumani,3,65.0,551000000.0,46624.0,13775000.0,1166.0,project_min_or_estimated_from_sqm,live,,,True,ok
2026-08-25T05:00:07+00:00,salomuy,https://salomuy.uz/,202575,Mirabad Square,Apex Development,Toshkent shahri,Mirobod tumani,2,57.49,2052000000.0,173632.0,36000000.0,3046.0,project_min_or_estimated_from_sqm,live,,,True,ok
2026-08-25T05:00:07+00:00,salomuy,https://salomuy.uz/,202575,Mirabad Square,Apex Development,Toshkent shahri,Mirobod tumani,3,89.66,2052000000.0,173632.0,36000000.0,3046.0,project_min_or_estimated_from_sqm,live,,,True,ok
2026-08-25T05:00:07+00:00,salomuy,https://salomuy.uz/,202575,Mirabad Square,Apex Development,Toshkent shahri,Mirobod tumani,4,136.25,2052000000.0,173632.0,36000000.0,3046.0,project_min_or_estimated_from_sqm,live,,,True,ok
2026-08-25T05:00:07+00:00,salomuy,https://salomuy.uz/,200235,Neonit,Binaun Inshaat,Toshkent shahri,Mirobod tumani,2,57.4,1010240000.0,85483.0,17600000.0,1489.0,project_min_or_estimated_from_sqm,live,,,True,ok
2026-08-25T05:00:07+00:00,salomuy,https://salomuy.uz/,200020,O'z Makon,Golden House,Toshkent shahri,Mirobod tumani,1,37.43,587100000.0,49678.0,19000000.0,1608.0,project_min_or_estimated_from_sqm,live,,,True,ok
2026-08-25T05:00:07+00:00,salomuy,https://salomuy.uz/,200020,O'z Makon,Golden House,Toshkent shahri,Mirobod tumani,2,56.67,587100000.0,49678.0,19000000.0,1608.0,project_min_or_estimated_from_sqm,live,,,True,ok
2026-08-25T05:00:07+00:00,salomuy,https://salomuy.uz/,200020,O'z Makon,Golden House,Toshkent shahri,Mirobod tumani,3,78.69,587100000.0,49678.0,19000000.0,1608.0,project_min_or_estimated_from_sqm,live,,,True,ok
2026-08-25T05:00:07+00:00,salomuy,https://salomuy.uz/,200060,O`Z Makon Business,Golden House,Toshkent shahri,Mirobod tumani,1,36.75,,,,,project_min_or_estimated_from_sqm,live,,,True,ok
2026-08-25T05:00:07+00:00,salomuy,https://salomuy.uz/,200060,O`Z Makon Business,Golden House,Toshkent shahri,Mirobod tumani,2,55.39,,,,,project_min_or_estimated_from_sqm,live,,,True,ok
2026-08-25T05:00:07+00:00,salomuy,https://salomuy.uz/,200060,O`Z Makon Business,Golden House,Toshkent shahri,Mirobod tumani,3,77.04,,,,,project_min_or_estimated_from_sqm,live,,,True,ok
2026-08-25T05:00:07+00:00,salomuy,https://salomuy.uz/,202025,Parkwood,Novastroy,Toshkent shahri,Mirobod tumani,2,62.42,1866000000.0,157894.0,30000000.0,2538.0,project_min_or_estimated_from_sqm,live,,,True,ok
2026-08-25T05:00:07+00:00,salomuy,https://salomuy.uz/,200475,SUN,Human2Human,Toshkent shahri,Mirobod tumani,2,33.55,578000000.0,48908.0,17000000.0,1438.0,project_min_or_estimated_from_sqm,live,,,True,ok
2026-08-25T05:00:07+00:00,salomuy,https://salomuy.uz/,200475,SUN,Human2Human,Toshkent shahri,Mirobod tumani,3,53.12,578000000.0,48908.0,17000000.0,1438.0,project_min_or_estimated_from_sqm,live,,,True,ok
2026-08-25T05:00:07+00:00,salomuy,https://salomuy.uz/,200485,Savr Avenue,Vero Group,Toshkent shahri,Mirobod tumani,1,28.0,448000000.0,37908.0,16000000.0,1354.0,project_min_or_estimated_from_sqm,live,,,True,ok
2026-08-25T05:00:07+00:00,salomuy,https://salomuy.uz/,200485,Savr Avenue,Vero Group,Toshkent shahri,Mirobod tumani,2,48.2,448000000.0,37908.0,16000000.0,1354.0,project_min_or_estimated_from_sqm,live,,,True,ok
2026-08-25T05:00:07+00:00,salomuy,https://salomuy.uz/,200485,Savr Avenue,Vero Group,Toshkent shahri,Mirobod tumani,3,75.7,448000000.0,37908.0,16000000.0,1354.0,project_min_or_estimated_from_sqm,live,,,True,ok
2026-08-25T05:00:07+00:00,salomuy,https://salomuy.uz/,202015,Stellar Residence,TENET GROUP,Toshkent shahri,Mirobod tumani,2,57.0,,,,,project_min_or_estimated_from_sqm,live,,,True,ok
2026-08-25T05:00:07+00:00,salomuy,https://salomuy.uz/,202015,Stellar Residence,TENET GROUP,Toshkent shahri,Mirobod tumani,3,81.0,,,,,project_min_or_estimated_from_sqm,live,,,True,ok
2026-08-25T05:00:07+00:00,salomuy,https://salomuy.uz/,202015,Stellar Residence,TENET GROUP,Toshkent shahri,Mirobod tumani,4,110.0,,,,,project_min_or_estimated_from_sqm,live,,,True,ok
2026-08-25T05:00:07+00:00,salomuy,https://salomuy.uz/,202015,Stellar Residence,TENET GROUP,Toshkent shahri,Mirobod tumani,5,151.0,,,,,project_min_or_estimated_from_sqm,live,,,True,ok
2026-08-25T05:00:07+00:00,salomuy,https://salomuy.uz/,202985,Sunrise City,DN GROUP,Toshkent shahri,Mirobod tumani,1,37.9,473600000.0,40074.0,14800000.0,1252.0,project_min_or_estimated_from_sqm,live,,,True,ok
2026-08-25T05:00:07+00:00,salomuy,https://salomuy.uz/,202985,Sunrise City,DN GROUP,Toshkent shahri,Mirobod tumani,2,41.38,473600000.0,40074.0,14800000.0,1252.0,project_min_or_estimated_from_sqm,live,,,True,ok
2026-08-25T05:00:07+00:00,salomuy,https://salomuy.uz/,202985,Sunrise City,DN GROUP,Toshkent shahri,Mirobod tumani,3,60.85,473600000.0,40074.0,14800000.0,1252.0,project_min_or_estimated_from_sqm,live,,,True,ok
2026-08-25T05:00:07+00:00,salomuy,https://salomuy.uz/,202985,Sunrise City,DN GROUP,Toshkent shahri,Mirobod tumani,4,97.54,473600000.0,40074.0,14800000.0,1252.0,project_min_or_estimated_from_sqm,live,,,True,ok
2026-08-25T05:00:07+00:00,salomuy,https://salomuy.uz/,201990,Terminal,TXT Group,Toshkent shahri,Mirobod tumani,1,40.32,663000000.0,56101.0,17000000.0,1438.0,project_min_or_estimated_from_sqm,live,,,True,ok
2026-08-25T05:00:07+00:00,salomuy,https://salomuy.uz/,201990,Terminal,TXT Group,Toshkent shahri,Mirobod tumani,2,62.62,663000000.0,56101.0,17000000.0,1438.0,project_min_or_estimated_from_sqm,live,,,True,ok
2026-08-25T05:00:07+00:00,salomuy,https://salomuy.uz/,201990,Terminal,TXT Group,Toshkent shahri,Mirobod tumani,3,80.93,663000000.0,56101.0,17000000.0,1438.0,project_min_or_estimated_from_sqm,live,,,True,ok
2026-08-25T05:00:07+00:00,salomuy,https://salomuy.uz/,202920,4U Tashkent,NRG-BI,Toshkent shahri,Mirzo Ulug'bek tumani,1,39.32,846300000.0,71611.0,21700000.0,1836.0,project_min_or_estimated_from_sqm,live,,,True,ok
2026-08-25T05:00:07+00:00,salomuy,https://salomuy.uz/,202920,4U Tashkent,NRG-BI,Toshkent shahri,Mirzo Ulug'bek tumani,2,41.33,846300000.0,71611.0,21700000.0,1836.0,project_min_or_estimated_from_sqm,live,,,True,ok
2026-08-25T05:00:07+00:00,salomuy,https://salomuy.uz/,202920,4U Tashkent,NRG-BI,Toshkent shahri,Mirzo Ulug'bek tumani,3,57.69,846300000.0,71611.0,21700000.0,1836.0,project_min_or_estimated_from_sqm,live,,,True,ok
2026-08-25T05:00:07+00:00,salomuy,https://salomuy.uz/,202920,4U Tashkent,NRG-BI,Toshkent shahri,Mirzo Ulug'bek tumani,4,91.34,846300000.0,71611.0,21700000.0,1836.0,project_min_or_estimated_from_sqm,live,,,True,ok
2026-08-25T05:00:07+00:00,salomuy,https://salomuy.uz/,200040,Assalom Bog'lar,Golden House,Toshkent shahri,Mirzo Ulug'bek tumani,1,39.05,,,,,project_min_or_estimated_from_sqm,live,,,True,ok
2026-08-25T05:00:07+00:00,salomuy,https://salomuy.uz/,200040,Assalom Bog'lar,Golden House,Toshkent shahri,Mirzo Ulug'bek tumani,2,53.68,,,,,project_min_or_estimated_from_sqm,live,,,True,ok
2026-08-25T05:00:07+00:00,salomuy,https://salomuy.uz/,200040,Assalom Bog'lar,Golden House,Toshkent shahri,Mirzo Ulug'bek tumani,3,76.67,,,,,project_min_or_estimated_from_sqm,live,,,True,ok
2026-08-25T05:00:07+00:00,salomuy,https://salomuy.uz/,200300,Botanika Saroyi,NRG-BI,Toshkent shahri,Mirzo Ulug'bek tumani,1,37.49,840000000.0,71078.0,20000000.0,1692.0,project_min_or_estimated_from_sqm,live,,,True,ok
2026-08-25T05:00:07+00:00,salomuy,https://salomuy.uz/,200300,Botanika Saroyi,NRG-BI,Toshkent shahri,Mirzo Ulug'bek tumani,2,52.93,840000000.0,71078.0,20000000.0,1692.0,project_min_or_estimated_from_sqm,live,,,True,ok
2026-08-25T05:00:07+00:00,salomuy,https://salomuy.uz/,200300,Botanika Saroyi,NRG-BI,Toshkent shahri,Mirzo Ulug'bek tumani,3,74.57,840000000.0,71078.0,20000000.0,1692.0,project_min_or_estimated_from_sqm,live,,,True,ok
2026-08-25T05:00:07+00:00,salomuy,https://salomuy.uz/,200455,DARKHAN RESIDENCE,Atrezzo Group,Toshkent shahri,Mirzo Ulug'bek tumani,1,29.0,401814380.0,34000.0,13855668.0,1172.0,project_min_or_estimated_from_sqm,live,,,True,ok
2026-08-25T05:00:07+00:00,salomuy,https://salomuy.uz/,200455,DARKHAN RESIDENCE,Atrezzo Group,Toshkent shahri,Mirzo Ulug'bek tumani,2,88.5,401814380.0,34000.0,13855668.0,1172.0,project_min_or_estimated_from_sqm,live,,,True,ok
2026-08-25T05:00:07+00:00,salomuy,https://salomuy.uz/,202080,Eco Residence,Umarbek Renting,Toshkent shahri,Mirzo Ulug'bek tumani,1,38.53,617400000.0,52242.0,12600000.0,1066.0,project_min_or_estimated_from_sqm,live,,,True,ok
2026-08-25T05:00:07+00:00,salomuy,https://salomuy.uz/,202080,Eco Residence,Umarbek Renting,Toshkent shahri,Mirzo Ulug'bek tumani,2,55.4,617400000.0,52242.0,12600000.0,1066.0,project_min_or_estimated_from_sqm,live,,,True,ok
2026-08-25T05:00:07+00:00,salomuy,https://salomuy.uz/,202080,Eco Residence,Umarbek Renting,Toshkent shahri,Mirzo Ulug'bek tumani,3,95.7,617400000.0,52242.0,12600000.0,1066.0,project_min_or_estimated_from_sqm,live,,,True,ok
2026-08-25T05:00:07+00:00,salomuy,https://salomuy.uz/,202080,Eco Residence,Umarbek Renting,Toshkent shahri,Mirzo Ulug'bek tumani,4,109.5,617400000.0,52242.0,12600000.0,1066.0,project_min_or_estimated_from_sqm,live,,,True,ok
2026-08-25T05:00:07+00:00,salomuy,https://salomuy.uz/,200430,Ellipse Garden Darhan,Koc Group,Toshkent shahri,Mirzo Ulug'bek tumani,1,37.19,851000000.0,72008.0,23000000.0,1946.0,project_min_or_estimated_from_sqm,live,,,True,ok
2026-08-25T05:00:07+00:00,salomuy,https://salomuy.uz/,200430,Ellipse Garden Darhan,Koc Group,Toshkent shahri,Mirzo Ulug'bek tumani,2,42.36,851000000.0,72008.0,23000000.0,1946.0,project_min_or_estimated_from_sqm,live,,,True,ok
2026-08-25T05:00:07+00:00,salomuy,https://salomuy.uz/,200430,Ellipse Garden Darhan,Koc Group,Toshkent shahri,Mirzo Ulug'bek tumani,3,89.23,851000000.0,72008.0,23000000.0,1946.0,project_min_or_estimated_from_sqm,live,,,True,ok
2026-08-25T05:00:07+00:00,salomuy,https://salomuy.uz/,200310,Flagman,NRG-BI,Toshkent shahri,Mirzo Ulug'bek tumani,3,78.82,,,,,project_min_or_estimated_from_sqm,live,,,True,ok
2026-08-25T05:00:07+00:00,salomuy,https://salomuy.uz/,200310,Flagman,NRG-BI,Toshkent shahri,Mirzo Ulug'bek tumani,4,140.98,,,,,project_min_or_estimated_from_sqm,live,,,True,ok
2026-08-25T05:00:07+00:00,salomuy,https://salomuy.uz/,201270,Golden Hills,THE BEST STROY,Toshkent shahri,Mirzo Ulug'bek tumani,1,45.43,593400000.0,50211.0,13800000.0,1168.0,project_min_or_estimated_from_sqm,live,,,True,ok
2026-08-25T05:00:07+00:00,salomuy,https://salomuy.uz/,201270,Golden Hills,THE BEST STROY,Toshkent shahri,Mirzo Ulug'bek tumani,2,68.07,593400000.0,50211.0,13800000.0,1168.0,project_min_or_estimated_from_sqm,live,,,True,ok
2026-08-25T05:00:07+00:00,salomuy,https://salomuy.uz/,201270,Golden Hills,THE BEST STROY,Toshkent shahri,Mirzo Ulug'bek tumani,3,95.88,593400000.0,50211.0,13800000.0,1168.0,project_min_or_estimated_from_sqm,live,,,True,ok
2026-08-25T05:00:07+00:00,salomuy,https://salomuy.uz/,200635,Gulbadanbegim,KMM Development,Toshkent shahri,Mirzo Ulug'bek tumani,1,47.6,916500000.0,77551.0,19500000.0,1650.0,project_min_or_estimated_from_sqm,live,,,True,ok
2026-08-25T05:00:07+00:00,salomuy,https://salomuy.uz/,200635,Gulbadanbegim,KMM Development,Toshkent shahri,Mirzo Ulug'bek tumani,2,61.2,916500000.0,77551.0,19500000.0,1650.0,project_min_or_estimated_from_sqm,live,,,True,ok
2026-08-25T05:00:07+00:00,salomuy,https://salomuy.uz/,202635,Ipak Yo'li,Ipak Yo'li,Toshkent shahri,Mirzo Ulug'bek tumani,1,58.8,825000000.0,69808.0,15000000.0,1269.0,project_min_or_estimated_from_sqm,live,,,True,ok
2026-08-25T05:00:07+00:00,salomuy,https://salomuy.uz/,202635,Ipak Yo'li,Ipak Yo'li,Toshkent shahri,Mirzo Ulug'bek tumani,2,64.7,825000000.0,69808.0,15000000.0,1269.0,project_min_or_estimated_from_sqm,live,,,True,ok
2026-08-25T05:00:07+00:00,salomuy,https://salomuy.uz/,203260,Lola,MAKANI,Toshkent shahri,Mirzo Ulug'bek tumani,1,42.08,715360000.0,60531.0,17000000.0,1438.0,project_min_or_estimated_from_sqm,live,,,True,ok
2026-08-25T05:00:07+00:00,salomuy,https://salomuy.uz/,203260,Lola,MAKANI,Toshkent shahri,Mirzo Ulug'bek tumani,2,53.59,715360000.0,60531.0,17000000.0,1438.0,project_min_or_estimated_from_sqm,live,,,True,ok
2026-08-25T05:00:07+00:00,salomuy,https://salomuy.uz/,203260,Lola,MAKANI,Toshkent shahri,Mirzo Ulug'bek tumani,3,107.29,715360000.0,60531.0,17000000.0,1438.0,project_min_or_estimated_from_sqm,live,,,True,ok
2026-08-25T05:00:07+00:00,salomuy,https://salomuy.uz/,200185,Maftun Makon,NRG-BI,Toshkent shahri,Mirzo Ulug'bek tumani,1,33.47,601842000.0,50926.0,16266000.0,1376.0,project_min_or_estimated_from_sqm,live,,,True,ok
2026-08-25T05:00:07+00:00,salomuy,https://salomuy.uz/,200185,Maftun Makon,NRG-BI,Toshkent shahri,Mirzo Ulug'bek tumani,2,57.79,601842000.0,50926.0,16266000.0,1376.0,project_min_or_estimated_from_sqm,live,,,True,ok
2026-08-25T05:00:07+00:00,salomuy,https://salomuy.uz/,200185,Maftun Makon,NRG-BI,Toshkent shahri,Mirzo Ulug'bek tumani,3,63.7,601842000.0,50926.0,16266000.0,1376.0,project_min_or_estimated_from_sqm,live,,,True,ok
2026-08-25T05:00:07+00:00,salomuy,https://salomuy.uz/,200185,Maftun Makon,NRG-BI,Toshkent shahri,Mirzo Ulug'bek tumani,4,84.53,601842000.0,50926.0,16266000.0,1376.0,project_min_or_estimated_from_sqm,live,,,True,ok
2026-08-25T05:00:07+00:00,salomuy,https://salomuy.uz/,203165,Milliy Bog' Residence,Shengke International,Toshkent shahri,Mirzo Ulug'bek tumani,2,48.0,372000000.0,31477.0,12000000.0,1015.0,project_min_or_estimated_from_sqm,live,,,True,ok
2026-08-25T05:00:07+00:00,salomuy,https://salomuy.uz/,203165,Milliy Bog' Residence,Shengke International,Toshkent shahri,Mirzo Ulug'bek tumani,3,64.6,372000000.0,31477.0,12000000.0,1015.0,project_min_or_estimated_from_sqm,live,,,True,ok
2026-08-25T05:00:07+00:00,salomuy,https://salomuy.uz/,200855,Milliy House,Ness Development,Toshkent shahri,Mirzo Ulug'bek tumani,2,47.2,1096000000.0,92739.0,8000000.0,677.0,project_min_or_estimated_from_sqm,live,,,True,ok
2026-08-25T05:00:07+00:00,salomuy,https://salomuy.uz/,200855,Milliy House,Ness Development,Toshkent shahri,Mirzo Ulug'bek tumani,3,64.9,1096000000.0,92739.0,8000000.0,677.0,project_min_or_estimated_from_sqm,live,,,True,ok
2026-08-25T05:00:07+00:00,salomuy,https://salomuy.uz/,200855,Milliy House,Ness Development,Toshkent shahri,Mirzo Ulug'bek tumani,4,89.4,1096000000.0,92739.0,8000000.0,677.0,project_min_or_estimated_from_sqm,live,,,True,ok
2026-08-25T05:00:07+00:00,salomuy,https://salomuy.uz/,200855,Milliy House,Ness Development,Toshkent shahri,Mirzo Ulug'bek tumani,5,137.42,1096000000.0,92739.0,8000000.0,677.0,project_min_or_estimated_from_sqm,live,,,True,ok
2026-08-25T05:00:07+00:00,salomuy,https://salomuy.uz/,201030,New Mahal,Majid Group,Toshkent shahri,Mirzo Ulug'bek tumani,1,40.4,974400000.0,82450.0,16800000.0,1422.0,project_min_or_estimated_from_sqm,live,,,True,ok
2026-08-25T05:00:07+00:00,salomuy,https://salomuy.uz/,201030,New Mahal,Majid Group,Toshkent shahri,Mirzo Ulug'bek tumani,2,58.4,974400000.0,82450.0,16800000.0,1422.0,project_min_or_estimated_from_sqm,live,,,True,ok
2026-08-25T05:00:07+00:00,salomuy,https://salomuy.uz/,200025,O'z Mahal,Golden House,Toshkent shahri,Mirzo Ulug'bek tumani,1,44.92,,,,,project_min_or_estimated_from_sqm,live,,,True,ok
2026-08-25T05:00:07+00:00,salomuy,https://salomuy.uz/,200025,O'z Mahal,Golden House,Toshkent shahri,Mirzo Ulug'bek tumani,2,63.69,,,,,project_min_or_estimated_from_sqm,live,,,True,ok
2026-08-25T05:00:07+00:00,salomuy,https://salomuy.uz/,200025,O'z Mahal,Golden House,Toshkent shahri,Mirzo Ulug'bek tumani,3,88.97,,,,,project_min_or_estimated_from_sqm,live,,,True,ok
2026-08-25T05:00:07+00:00,salomuy,https://salomuy.uz/,200710,Oltintepa,World Class Houses,Toshkent shahri,Mirzo Ulug'bek tumani,1,30.7,384000000.0,32493.0,12000000.0,1015.0,project_min_or_estimated_from_sqm,live,,,True,ok
2026-08-25T05:00:07+00:00,salomuy,https://salomuy.uz/,200710,Oltintepa,World Class Houses,Toshkent shahri,Mirzo Ulug'bek tumani,2,54.6,384000000.0,32493.0,12000000.0,1015.0,project_min_or_estimated_from_sqm,live,,,True,ok
2026-08-25T05:00:07+00:00,salomuy,https://salomuy.uz/,200710,Oltintepa,World Class Houses,Toshkent shahri,Mirzo Ulug'bek tumani,3,65.6,384000000.0,32493.0,12000000.0,1015.0,project_min_or_estimated_from_sqm,live,,,True,ok
2026-08-25T05:00:07+00:00,salomuy,https://salomuy.uz/,202535,Pushkin,TOWER UP,Toshkent shahri,Mirzo Ulug'bek tumani,2,61.85,1281000000.0,108393.0,21000000.0,1777.0,project_min_or_estimated_from_sqm,live,,,True,ok
2026-08-25T05:00:07+00:00,salomuy,https://salomuy.uz/,202535,Pushkin,TOWER UP,Toshkent shahri,Mirzo Ulug'bek tumani,3,87.94,1281000000.0,108393.0,21000000.0,1777.0,project_min_or_estimated_from_sqm,live,,,True,ok
2026-08-25T05:00:07+00:00,salomuy,https://salomuy.uz/,202535,Pushkin,TOWER UP,Toshkent shahri,Mirzo Ulug'bek tumani,4,97.55,1281000000.0,108393.0,21000000.0,1777.0,project_min_or_estimated_from_sqm,live,,,True,ok
2026-08-25T05:00:07+00:00,salomuy,https://salomuy.uz/,200075,Regnum Plaza,Murad Buildings,Toshkent shahri,Mirzo Ulug'bek tumani,1,38.48,1176000000.0,99509.0,28000000.0,2369.0,project_min_or_estimated_from_sqm,live,,,True,ok
2026-08-25T05:00:07+00:00,salomuy,https://salomuy.uz/,200075,Regnum Plaza,Murad Buildings,Toshkent shahri,Mirzo Ulug'bek tumani,2,45.27,1176000000.0,99509.0,28000000.0,2369.0,project_min_or_estimated_from_sqm,live,,,True,ok
2026-08-25T05:00:07+00:00,salomuy,https://salomuy.uz/,200075,Regnum Plaza,Murad Buildings,Toshkent shahri,Mirzo Ulug'bek tumani,3,68.26,1176000000.0,99509.0,28000000.0,2369.0,project_min_or_estimated_from_sqm,live,,,True,ok
2026-08-25T05:00:07+00:00,salomuy,https://salomuy.uz/,200075,Regnum Plaza,Murad Buildings,Toshkent shahri,Mirzo Ulug'bek tumani,4,103.66,1176000000.0,99509.0,28000000.0,2369.0,project_min_or_estimated_from_sqm,live,,,True,ok
2026-08-25T05:00:07+00:00,salomuy,https://salomuy.uz/,202180,Rishton,Median Development,Toshkent shahri,Mirzo Ulug'bek tumani,1,36.0,403200000.0,34117.0,14400000.0,1218.0,project_min_or_estimated_from_sqm,live,,,True,ok
2026-08-25T05:00:07+00:00,salomuy,https://salomuy.uz/,202180,Rishton,Median Development,Toshkent shahri,Mirzo Ulug'bek tumani,2,55.7,403200000.0,34117.0,14400000.0,1218.0,project_min_or_estimated_from_sqm,live,,,True,ok
2026-08-25T05:00:07+00:00,salomuy,https://salomuy.uz/,202180,Rishton,Median Development,Toshkent shahri,Mirzo Ulug'bek tumani,3,74.0,403200000.0,34117.0,14400000.0,1218.0,project_min_or_estimated_from_sqm,live,,,True,ok
2026-08-25T05:00:07+00:00,salomuy,https://salomuy.uz/,201910,SAADIYAT,Murad Buildings,Toshkent shahri,Mirzo Ulug'bek tumani,1,32.68,640000000.0,54154.0,20000000.0,1692.0,project_min_or_estimated_from_sqm,live,,,True,ok
2026-08-25T05:00:07+00:00,salomuy,https://salomuy.uz/,201910,SAADIYAT,Murad Buildings,Toshkent shahri,Mirzo Ulug'bek tumani,2,44.38,640000000.0,54154.0,20000000.0,1692.0,project_min_or_estimated_from_sqm,live,,,True,ok
2026-08-25T05:00:07+00:00,salomuy,https://salomuy.uz/,201910,SAADIYAT,Murad Buildings,Toshkent shahri,Mirzo Ulug'bek tumani,3,68.47,640000000.0,54154.0,20000000.0,1692.0,project_min_or_estimated_from_sqm,live,,,True,ok
2026-08-25T05:00:07+00:00,salomuy,https://salomuy.uz/,201910,SAADIYAT,Murad Buildings,Toshkent shahri,Mirzo Ulug'bek tumani,4,88.57,640000000.0,54154.0,20000000.0,1692.0,project_min_or_estimated_from_sqm,live,,,True,ok
2026-08-25T05:00:07+00:00,salomuy,https://salomuy.uz/,201910,SAADIYAT,Murad Buildings,Toshkent shahri,Mirzo Ulug'bek tumani,5,141.15,640000000.0,54154.0,20000000.0,1692.0,project_min_or_estimated_from_sqm,live,,,True,ok
2026-08-25T05:00:07+00:00,salomuy,https://salomuy.uz/,200535,SAF Towers,SAF Invest,Toshkent shahri,Mirzo Ulug'bek tumani,1,47.0,940000000.0,79539.0,20000000.0,1692.0,project_min_or_estimated_from_sqm,live,,,True,ok
2026-08-25T05:00:07+00:00,salomuy,https://salomuy.uz/,200535,SAF Towers,SAF Invest,Toshkent shahri,Mirzo Ulug'bek tumani,2,47.59,940000000.0,79539.0,20000000.0,1692.0,project_min_or_estimated_from_sqm,live,,,True,ok
2026-08-25T05:00:07+00:00,salomuy,https://salomuy.uz/,200535,SAF Towers,SAF Invest,Toshkent shahri,Mirzo Ulug'bek tumani,3,84.0,940000000.0,79539.0,20000000.0,1692.0,project_min_or_estimated_from_sqm,live,,,True,ok
2026-08-25T05:00:07+00:00,salomuy,https://salomuy.uz/,202155,Sayram Plaza,Ist-Batterflay,Toshkent shahri,Mirzo Ulug'bek tumani,1,53.85,722400000.0,61127.0,16800000.0,1422.0,project_min_or_estimated_from_sqm,live,,,True,ok
2026-08-25T05:00:07+00:00,salomuy,https://salomuy.uz/,202155,Sayram Plaza,Ist-Batterflay,Toshkent shahri,Mirzo Ulug'bek tumani,2,67.01,722400000.0,61127.0,16800000.0,1422.0,project_min_or_estimated_from_sqm,live,,,True,ok
2026-08-25T05:00:07+00:00,salomuy,https://salomuy.uz/,202155,Sayram Plaza,Ist-Batterflay,Toshkent shahri,Mirzo Ulug'bek tumani,3,76.8,722400000.0,61127.0,16800000.0,1422.0,project_min_or_estimated_from_sqm,live,,,True,ok
2026-08-25T05:00:07+00:00,salomuy,https://salomuy.uz/,203145,UG HOUSE,JOE,Toshkent shahri,Mirzo Ulug'bek tumani,1,35.26,336000000.0,28431.0,9600000.0,812.0,project_min_or_estimated_from_sqm,live,,,True,ok
2026-08-25T05:00:07+00:00,salomuy,https://salomuy.uz/,203145,UG HOUSE,JOE,Toshkent shahri,Mirzo Ulug'bek tumani,2,44.43,336000000.0,28431.0,9600000.0,812.0,project_min_or_estimated_from_sqm,live,,,True,ok
2026-08-25T05:00:07+00:00,salomuy,https://salomuy.uz/,203145,UG HOUSE,JOE,Toshkent shahri,Mirzo Ulug'bek tumani,3,61.35,336000000.0,28431.0,9600000.0,812.0,project_min_or_estimated_from_sqm,live,,,True,ok
2026-08-25T05:00:07+00:00,salomuy,https://salomuy.uz/,200095,Vatan Residence,Xon Saroy,Toshkent shahri,Mirzo Ulug'bek tumani,1,36.78,612000000.0,51785.0,17000000.0,1438.0,project_min_or_estimated_from_sqm,live,,,True,ok
2026-08-25T05:00:07+00:00,salomuy,https://salomuy.uz/,200095,Vatan Residence,Xon Saroy,Toshkent shahri,Mirzo Ulug'bek tumani,2,42.7,612000000.0,51785.0,17000000.0,1438.0,project_min_or_estimated_from_sqm,live,,,True,ok
2026-08-25T05:00:07+00:00,salomuy,https://salomuy.uz/,200095,Vatan Residence,Xon Saroy,Toshkent shahri,Mirzo Ulug'bek tumani,3,68.4,612000000.0,51785.0,17000000.0,1438.0,project_min_or_estimated_from_sqm,live,,,True,ok
2026-08-25T05:00:07+00:00,salomuy,https://salomuy.uz/,200400,Voha,NRG-BI,Toshkent shahri,Mirzo Ulug'bek tumani,2,54.8,1498500000.0,126797.0,33300000.0,2818.0,project_min_or_estimated_from_sqm,live,,,True,ok
2026-08-25T05:00:07+00:00,salomuy,https://salomuy.uz/,200400,Voha,NRG-BI,Toshkent shahri,Mirzo Ulug'bek tumani,3,85.3,1498500000.0,126797.0,33300000.0,2818.0,project_min_or_estimated_from_sqm,live,,,True,ok
2026-08-25T05:00:07+00:00,salomuy,https://salomuy.uz/,200400,Voha,NRG-BI,Toshkent shahri,Mirzo Ulug'bek tumani,4,124.5,1498500000.0,126797.0,33300000.0,2818.0,project_min_or_estimated_from_sqm,live,,,True,ok
2026-08-25T05:00:07+00:00,salomuy,https://salomuy.uz/,200650,Yangi O'zbekiston,China House,Toshkent shahri,Mirzo Ulug'bek tumani,1,35.3,462000000.0,39093.0,13200000.0,1117.0,project_min_or_estimated_from_sqm,live,,,True,ok
2026-08-25T05:00:07+00:00,salomuy,https://salomuy.uz/,200650,Yangi O'zbekiston,China House,Toshkent shahri,Mirzo Ulug'bek tumani,2,51.5,462000000.0,39093.0,13200000.0,1117.0,project_min_or_estimated_from_sqm,live,,,True,ok
2026-08-25T05:00:07+00:00,salomuy,https://salomuy.uz/,200650,Yangi O'zbekiston,China House,Toshkent shahri,Mirzo Ulug'bek tumani,3,96.3,462000000.0,39093.0,13200000.0,1117.0,project_min_or_estimated_from_sqm,live,,,True,ok
2026-08-25T05:00:07+00:00,salomuy,https://salomuy.uz/,200650,Yangi O'zbekiston,China House,Toshkent shahri,Mirzo Ulug'bek tumani,4,200.3,462000000.0,39093.0,13200000.0,1117.0,project_min_or_estimated_from_sqm,live,,,True,ok
2026-08-25T05:00:07+00:00,salomuy,https://salomuy.uz/,201175,Москва,Diamond Castle,Toshkent shahri,Mirzo Ulug'bek tumani,1,51.5,1620000000.0,137078.0,32400000.0,2742.0,project_min_or_estimated_from_sqm,live,,,True,ok
2026-08-25T05:00:07+00:00,salomuy,https://salomuy.uz/,201175,Москва,Diamond Castle,Toshkent shahri,Mirzo Ulug'bek tumani,2,87.0,1620000000.0,137078.0,32400000.0,2742.0,project_min_or_estimated_from_sqm,live,,,True,ok
2026-08-25T05:00:07+00:00,salomuy,https://salomuy.uz/,201175,Москва,Diamond Castle,Toshkent shahri,Mirzo Ulug'bek tumani,3,113.0,1620000000.0,137078.0,32400000.0,2742.0,project_min_or_estimated_from_sqm,live,,,True,ok
2026-08-25T05:00:07+00:00,salomuy,https://salomuy.uz/,201175,Москва,Diamond Castle,Toshkent shahri,Mirzo Ulug'bek tumani,4,135.0,1620000000.0,137078.0,32400000.0,2742.0,project_min_or_estimated_from_sqm,live,,,True,ok
2026-08-25T05:00:07+00:00,salomuy,https://salomuy.uz/,200035,Assalom Jomiy,Golden House,Toshkent shahri,Olmazor tumani,1,50.37,375000000.0,31731.0,12500000.0,1058.0,project_min_or_estimated_from_sqm,live,,,True,ok
2026-08-25T05:00:07+00:00,salomuy,https://salomuy.uz/,200035,Assalom Jomiy,Golden House,Toshkent shahri,Olmazor tumani,2,53.59,375000000.0,31731.0,12500000.0,1058.0,project_min_or_estimated_from_sqm,live,,,True,ok
2026-08-25T05:00:07+00:00,salomuy,https://salomuy.uz/,200035,Assalom Jomiy,Golden House,Toshkent shahri,Olmazor tumani,3,76.69,375000000.0,31731.0,12500000.0,1058.0,project_min_or_estimated_from_sqm,live,,,True,ok
2026-08-25T05:00:07+00:00,salomuy,https://salomuy.uz/,202355,Aurum,Great House,Toshkent shahri,Olmazor tumani,1,42.9,602000000.0,50939.0,14000000.0,1185.0,project_min_or_estimated_from_sqm,live,,,True,ok
2026-08-25T05:00:07+00:00,salomuy,https://salomuy.uz/,202355,Aurum,Great House,Toshkent shahri,Olmazor tumani,2,55.65,602000000.0,50939.0,14000000.0,1185.0,project_min_or_estimated_from_sqm,live,,,True,ok
2026-08-25T05:00:07+00:00,salomuy,https://salomuy.uz/,202355,Aurum,Great House,Toshkent shahri,Olmazor tumani,3,72.3,602000000.0,50939.0,14000000.0,1185.0,project_min_or_estimated_from_sqm,live,,,True,ok
2026-08-25T05:00:07+00:00,salomuy,https://salomuy.uz/,201170,Chimboy Tower,Chimboy Tower,Toshkent shahri,Olmazor tumani,2,47.7,535800000.0,45337.0,11400000.0,965.0,project_min_or_estimated_from_sqm,live,,,True,ok
2026-08-25T05:00:07+00:00,salomuy,https://salomuy.uz/,201170,Chimboy Tower,Chimboy Tower,Toshkent shahri,Olmazor tumani,3,69.7,535800000.0,45337.0,11400000.0,965.0,project_min_or_estimated_from_sqm,live,,,True,ok
2026-08-25T05:00:07+00:00,salomuy,https://salomuy.uz/,203085,DARVOZA,BASHKENT DEVELOPMENT,Toshkent shahri,Olmazor tumani,1,34.83,442000000.0,37400.0,13000000.0,1100.0,project_min_or_estimated_from_sqm,live,,,True,ok
2026-08-25T05:00:07+00:00,salomuy,https://salomuy.uz/,203085,DARVOZA,BASHKENT DEVELOPMENT,Toshkent shahri,Olmazor tumani,2,58.0,442000000.0,37400.0,13000000.0,1100.0,project_min_or_estimated_from_sqm,live,,,True,ok
2026-08-25T05:00:07+00:00,salomuy,https://salomuy.uz/,203085,DARVOZA,BASHKENT DEVELOPMENT,Toshkent shahri,Olmazor tumani,3,77.13,442000000.0,37400.0,13000000.0,1100.0,project_min_or_estimated_from_sqm,live,,,True,ok
2026-08-25T05:00:07+00:00,salomuy,https://salomuy.uz/,203085,DARVOZA,BASHKENT DEVELOPMENT,Toshkent shahri,Olmazor tumani,4,103.66,442000000.0,37400.0,13000000.0,1100.0,project_min_or_estimated_from_sqm,live,,,True,ok
2026-08-25T05:00:07+00:00,salomuy,https://salomuy.uz/,200170,Jomiy,NRG-BI,Toshkent shahri,Olmazor tumani,1,40.92,651900000.0,55161.0,15900000.0,1345.0,project_min_or_estimated_from_sqm,live,,,True,ok
2026-08-25T05:00:07+00:00,salomuy,https://salomuy.uz/,200170,Jomiy,NRG-BI,Toshkent shahri,Olmazor tumani,2,49.24,651900000.0,55161.0,15900000.0,1345.0,project_min_or_estimated_from_sqm,live,,,True,ok
2026-08-25T05:00:07+00:00,salomuy,https://salomuy.uz/,200170,Jomiy,NRG-BI,Toshkent shahri,Olmazor tumani,3,65.41,651900000.0,55161.0,15900000.0,1345.0,project_min_or_estimated_from_sqm,live,,,True,ok
2026-08-25T05:00:07+00:00,salomuy,https://salomuy.uz/,200170,Jomiy,NRG-BI,Toshkent shahri,Olmazor tumani,4,88.67,651900000.0,55161.0,15900000.0,1345.0,project_min_or_estimated_from_sqm,live,,,True,ok
2026-08-25T05:00:07+00:00,salomuy,https://salomuy.uz/,202225,Jomiy Residence,CHINOR GROUP DEVELOPMENT,Toshkent shahri,Olmazor tumani,1,48.23,392700000.0,33229.0,11900000.0,1007.0,project_min_or_estimated_from_sqm,live,,,True,ok
2026-08-25T05:00:07+00:00,salomuy,https://salomuy.uz/,202225,Jomiy Residence,CHINOR GROUP DEVELOPMENT,Toshkent shahri,Olmazor tumani,2,58.68,392700000.0,33229.0,11900000.0,1007.0,project_min_or_estimated_from_sqm,live,,,True,ok
2026-08-25T05:00:07+00:00,salomuy,https://salomuy.uz/,202225,Jomiy Residence,CHINOR GROUP DEVELOPMENT,Toshkent shahri,Olmazor tumani,3,89.93,392700000.0,33229.0,11900000.0,1007.0,project_min_or_estimated_from_sqm,live,,,True,ok
2026-08-25T05:00:07+00:00,salomuy,https://salomuy.uz/,201105,Olmos River,Olmos Blok,Toshkent shahri,Olmazor tumani,1,36.99,555000000.0,46962.0,15000000.0,1269.0,project_min_or_estimated_from_sqm,live,,,True,ok
2026-08-25T05:00:07+00:00,salomuy,https://salomuy.uz/,201105,Olmos River,Olmos Blok,Toshkent shahri,Olmazor tumani,2,58.6,555000000.0,46962.0,15000000.0,1269.0,project_min_or_estimated_from_sqm,live,,,True,ok
2026-08-25T05:00:07+00:00,salomuy,https://salomuy.uz/,200835,Riverside Residence,NEO CONSTRACTION PREMIUM,Toshkent shahri,Olmazor tumani,1,39.0,574720000.0,48631.0,12800000.0,1083.0,project_min_or_estimated_from_sqm,live,,,True,ok
2026-08-25T05:00:07+00:00,salomuy,https://salomuy.uz/,200835,Riverside Residence,NEO CONSTRACTION PREMIUM,Toshkent shahri,Olmazor tumani,3,93.3,574720000.0,48631.0,12800000.0,1083.0,project_min_or_estimated_from_sqm,live,,,True,ok
2026-08-25T05:00:07+00:00,salomuy,https://salomuy.uz/,200835,Riverside Residence,NEO CONSTRACTION PREMIUM,Toshkent shahri,Olmazor tumani,4,107.5,574720000.0,48631.0,12800000.0,1083.0,project_min_or_estimated_from_sqm,live,,,True,ok
2026-08-25T05:00:07+00:00,salomuy,https://salomuy.uz/,202090,SHIRIN,TXT Group,Toshkent shahri,Olmazor tumani,1,33.95,464000000.0,39262.0,14500000.0,1227.0,project_min_or_estimated_from_sqm,live,,,True,ok
2026-08-25T05:00:07+00:00,salomuy,https://salomuy.uz/,202090,SHIRIN,TXT Group,Toshkent shahri,Olmazor tumani,2,59.54,464000000.0,39262.0,14500000.0,1227.0,project_min_or_estimated_from_sqm,live,,,True,ok
2026-08-25T05:00:07+00:00,salomuy,https://salomuy.uz/,202090,SHIRIN,TXT Group,Toshkent shahri,Olmazor tumani,3,78.73,464000000.0,39262.0,14500000.0,1227.0,project_min_or_estimated_from_sqm,live,,,True,ok
2026-08-25T05:00:07+00:00,salomuy,https://salomuy.uz/,202960,Sakinat,Maskan Development,Toshkent shahri,Olmazor tumani,1,37.7,504000000.0,42647.0,16800000.0,1422.0,project_min_or_estimated_from_sqm,live,,,True,ok
2026-08-25T05:00:07+00:00,salomuy,https://salomuy.uz/,202960,Sakinat,Maskan Development,Toshkent shahri,Olmazor tumani,2,58.7,504000000.0,42647.0,16800000.0,1422.0,project_min_or_estimated_from_sqm,live,,,True,ok
2026-08-25T05:00:07+00:00,salomuy,https://salomuy.uz/,202960,Sakinat,Maskan Development,Toshkent shahri,Olmazor tumani,3,70.9,504000000.0,42647.0,16800000.0,1422.0,project_min_or_estimated_from_sqm,live,,,True,ok
2026-08-25T05:00:07+00:00,salomuy,https://salomuy.uz/,202840,Toshkent Plaza,TAN GROUP,Toshkent shahri,Olmazor tumani,1,56.9,506600000.0,42867.0,8500000.0,719.0,project_min_or_estimated_from_sqm,live,,,True,ok
2026-08-25T05:00:07+00:00,salomuy,https://salomuy.uz/,202840,Toshkent Plaza,TAN GROUP,Toshkent shahri,Olmazor tumani,2,61.1,506600000.0,42867.0,8500000.0,719.0,project_min_or_estimated_from_sqm,live,,,True,ok
2026-08-25T05:00:07+00:00,salomuy,https://salomuy.uz/,202840,Toshkent Plaza,TAN GROUP,Toshkent shahri,Olmazor tumani,3,61.9,506600000.0,42867.0,8500000.0,719.0,project_min_or_estimated_from_sqm,live,,,True,ok
2026-08-25T05:00:07+00:00,salomuy,https://salomuy.uz/,203090,USTA,BASHKENT DEVELOPMENT,Toshkent shahri,Olmazor tumani,1,39.3,507000000.0,42900.0,13000000.0,1100.0,project_min_or_estimated_from_sqm,live,,,True,ok
2026-08-25T05:00:07+00:00,salomuy,https://salomuy.uz/,203090,USTA,BASHKENT DEVELOPMENT,Toshkent shahri,Olmazor tumani,2,41.7,507000000.0,42900.0,13000000.0,1100.0,project_min_or_estimated_from_sqm,live,,,True,ok
2026-08-25T05:00:07+00:00,salomuy,https://salomuy.uz/,203090,USTA,BASHKENT DEVELOPMENT,Toshkent shahri,Olmazor tumani,3,75.9,507000000.0,42900.0,13000000.0,1100.0,project_min_or_estimated_from_sqm,live,,,True,ok
2026-08-25T05:00:07+00:00,salomuy,https://salomuy.uz/,200805,Aero Town,Kala Group,Toshkent shahri,Sergeli tumani,1,44.5,730800000.0,61838.0,12600000.0,1066.0,project_min_or_estimated_from_sqm,live,,,True,ok
2026-08-25T05:00:07+00:00,salomuy,https://salomuy.uz/,200805,Aero Town,Kala Group,Toshkent shahri,Sergeli tumani,2,72.8,730800000.0,61838.0,12600000.0,1066.0,project_min_or_estimated_from_sqm,live,,,True,ok
2026-08-25T05:00:07+00:00,salomuy,https://salomuy.uz/,200805,Aero Town,Kala Group,Toshkent shahri,Sergeli tumani,3,71.9,730800000.0,61838.0,12600000.0,1066.0,project_min_or_estimated_from_sqm,live,,,True,ok
2026-08-25T05:00:07+00:00,salomuy,https://salomuy.uz/,202475,Bunyodobod,Baxt Development,Toshkent shahri,Sergeli tumani,1,43.2,448920000.0,37986.0,10440000.0,883.0,project_min_or_estimated_from_sqm,live,,,True,ok
2026-08-25T05:00:07+00:00,salomuy,https://salomuy.uz/,202475,Bunyodobod,Baxt Development,Toshkent shahri,Sergeli tumani,2,41.9,448920000.0,37986.0,10440000.0,883.0,project_min_or_estimated_from_sqm,live,,,True,ok
2026-08-25T05:00:07+00:00,salomuy,https://salomuy.uz/,202475,Bunyodobod,Baxt Development,Toshkent shahri,Sergeli tumani,3,54.1,448920000.0,37986.0,10440000.0,883.0,project_min_or_estimated_from_sqm,live,,,True,ok
2026-08-25T05:00:07+00:00,salomuy,https://salomuy.uz/,200490,Dreamland Aeroport,DREAMLAND DEVELOPMENT,Toshkent shahri,Sergeli tumani,1,41.0,672000000.0,56862.0,14000000.0,1185.0,project_min_or_estimated_from_sqm,live,,,True,ok
2026-08-25T05:00:07+00:00,salomuy,https://salomuy.uz/,200490,Dreamland Aeroport,DREAMLAND DEVELOPMENT,Toshkent shahri,Sergeli tumani,2,48.7,672000000.0,56862.0,14000000.0,1185.0,project_min_or_estimated_from_sqm,live,,,True,ok
2026-08-25T05:00:07+00:00,salomuy,https://salomuy.uz/,200490,Dreamland Aeroport,DREAMLAND DEVELOPMENT,Toshkent shahri,Sergeli tumani,3,78.3,672000000.0,56862.0,14000000.0,1185.0,project_min_or_estimated_from_sqm,live,,,True,ok
2026-08-25T05:00:07+00:00,salomuy,https://salomuy.uz/,201925,FAVORIT RESIDENCE,CENTRO GROUP,Toshkent shahri,Sergeli tumani,1,39.02,484000000.0,40954.0,11000000.0,931.0,project_min_or_estimated_from_sqm,live,,,True,ok
2026-08-25T05:00:07+00:00,salomuy,https://salomuy.uz/,201925,FAVORIT RESIDENCE,CENTRO GROUP,Toshkent shahri,Sergeli tumani,2,70.12,484000000.0,40954.0,11000000.0,931.0,project_min_or_estimated_from_sqm,live,,,True,ok
2026-08-25T05:00:07+00:00,salomuy,https://salomuy.uz/,201925,FAVORIT RESIDENCE,CENTRO GROUP,Toshkent shahri,Sergeli tumani,3,119.91,484000000.0,40954.0,11000000.0,931.0,project_min_or_estimated_from_sqm,live,,,True,ok
2026-08-25T05:00:07+00:00,salomuy,https://salomuy.uz/,203290,Gulsaroy,Oxygen Development,Toshkent shahri,Sergeli tumani,1,41.2,488000000.0,41293.0,12200000.0,1032.0,project_min_or_estimated_from_sqm,live,,,True,ok
2026-08-25T05:00:07+00:00,salomuy,https://salomuy.uz/,203290,Gulsaroy,Oxygen Development,Toshkent shahri,Sergeli tumani,2,40.1,488000000.0,41293.0,12200000.0,1032.0,project_min_or_estimated_from_sqm,live,,,True,ok
2026-08-25T05:00:07+00:00,salomuy,https://salomuy.uz/,203290,Gulsaroy,Oxygen Development,Toshkent shahri,Sergeli tumani,3,53.6,488000000.0,41293.0,12200000.0,1032.0,project_min_or_estimated_from_sqm,live,,,True,ok
2026-08-25T05:00:07+00:00,salomuy,https://salomuy.uz/,200870,Mening Uyim Choshtepa,Soud Group,Toshkent shahri,Sergeli tumani,1,50.5,476000000.0,40277.0,11900000.0,1007.0,project_min_or_estimated_from_sqm,live,,,True,ok
2026-08-25T05:00:07+00:00,salomuy,https://salomuy.uz/,200870,Mening Uyim Choshtepa,Soud Group,Toshkent shahri,Sergeli tumani,2,62.9,476000000.0,40277.0,11900000.0,1007.0,project_min_or_estimated_from_sqm,live,,,True,ok
2026-08-25T05:00:07+00:00,salomuy,https://salomuy.uz/,200870,Mening Uyim Choshtepa,Soud Group,Toshkent shahri,Sergeli tumani,3,89.7,476000000.0,40277.0,11900000.0,1007.0,project_min_or_estimated_from_sqm,live,,,True,ok
2026-08-25T05:00:07+00:00,salomuy,https://salomuy.uz/,200405,Modern Sergeli,Oxygen Development,Toshkent shahri,Sergeli tumani,1,42.0,642360000.0,54354.0,12120000.0,1026.0,project_min_or_estimated_from_sqm,live,,,True,ok
2026-08-25T05:00:07+00:00,salomuy,https://salomuy.uz/,200405,Modern Sergeli,Oxygen Development,Toshkent shahri,Sergeli tumani,2,72.0,642360000.0,54354.0,12120000.0,1026.0,project_min_or_estimated_from_sqm,live,,,True,ok
2026-08-25T05:00:07+00:00,salomuy,https://salomuy.uz/,200405,Modern Sergeli,Oxygen Development,Toshkent shahri,Sergeli tumani,3,82.0,642360000.0,54354.0,12120000.0,1026.0,project_min_or_estimated_from_sqm,live,,,True,ok
2026-08-25T05:00:07+00:00,salomuy,https://salomuy.uz/,200405,Modern Sergeli,Oxygen Development,Toshkent shahri,Sergeli tumani,4,132.96,642360000.0,54354.0,12120000.0,1026.0,project_min_or_estimated_from_sqm,live,,,True,ok
2026-08-25T05:00:07+00:00,salomuy,https://salomuy.uz/,200645,Navro'z Residence,China House,Toshkent shahri,Sergeli tumani,1,39.6,900000000.0,76155.0,12000000.0,1015.0,project_min_or_estimated_from_sqm,live,,,True,ok
2026-08-25T05:00:07+00:00,salomuy,https://salomuy.uz/,200645,Navro'z Residence,China House,Toshkent shahri,Sergeli tumani,2,46.5,900000000.0,76155.0,12000000.0,1015.0,project_min_or_estimated_from_sqm,live,,,True,ok
2026-08-25T05:00:07+00:00,salomuy,https://salomuy.uz/,200645,Navro'z Residence,China House,Toshkent shahri,Sergeli tumani,3,71.2,900000000.0,76155.0,12000000.0,1015.0,project_min_or_estimated_from_sqm,live,,,True,ok
2026-08-25T05:00:07+00:00,salomuy,https://salomuy.uz/,201320,Oila Residence,Life Group Business,Toshkent shahri,Sergeli tumani,1,40.7,403200000.0,34117.0,9600000.0,812.0,project_min_or_estimated_from_sqm,live,,,True,ok
2026-08-25T05:00:07+00:00,salomuy,https://salomuy.uz/,201320,Oila Residence,Life Group Business,Toshkent shahri,Sergeli tumani,2,45.3,403200000.0,34117.0,9600000.0,812.0,project_min_or_estimated_from_sqm,live,,,True,ok
2026-08-25T05:00:07+00:00,salomuy,https://salomuy.uz/,201320,Oila Residence,Life Group Business,Toshkent shahri,Sergeli tumani,3,78.8,403200000.0,34117.0,9600000.0,812.0,project_min_or_estimated_from_sqm,live,,,True,ok
2026-08-25T05:00:07+00:00,salomuy,https://salomuy.uz/,200665,Sky Avenue,Sky Avenue,Toshkent shahri,Sergeli tumani,1,46.65,768000000.0,64985.0,16000000.0,1354.0,project_min_or_estimated_from_sqm,live,,,True,ok
2026-08-25T05:00:07+00:00,salomuy,https://salomuy.uz/,200665,Sky Avenue,Sky Avenue,Toshkent shahri,Sergeli tumani,2,57.79,768000000.0,64985.0,16000000.0,1354.0,project_min_or_estimated_from_sqm,live,,,True,ok
2026-08-25T05:00:07+00:00,salomuy,https://salomuy.uz/,200665,Sky Avenue,Sky Avenue,Toshkent shahri,Sergeli tumani,3,91.23,768000000.0,64985.0,16000000.0,1354.0,project_min_or_estimated_from_sqm,live,,,True,ok
2026-08-25T05:00:07+00:00,salomuy,https://salomuy.uz/,200745,Smart Town,Baomin House,Toshkent shahri,Sergeli tumani,1,32.9,,,,,project_min_or_estimated_from_sqm,live,,,True,ok
2026-08-25T05:00:07+00:00,salomuy,https://salomuy.uz/,200745,Smart Town,Baomin House,Toshkent shahri,Sergeli tumani,2,58.0,,,,,project_min_or_estimated_from_sqm,live,,,True,ok
2026-08-25T05:00:07+00:00,salomuy,https://salomuy.uz/,200745,Smart Town,Baomin House,Toshkent shahri,Sergeli tumani,3,76.9,,,,,project_min_or_estimated_from_sqm,live,,,True,ok
2026-08-25T05:00:07+00:00,salomuy,https://salomuy.uz/,200810,Star House Residence,Star House Building,Toshkent shahri,Sergeli tumani,1,44.2,390000000.0,33000.0,10000000.0,846.0,project_min_or_estimated_from_sqm,live,,,True,ok
2026-08-25T05:00:07+00:00,salomuy,https://salomuy.uz/,200810,Star House Residence,Star House Building,Toshkent shahri,Sergeli tumani,2,62.0,390000000.0,33000.0,10000000.0,846.0,project_min_or_estimated_from_sqm,live,,,True,ok
2026-08-25T05:00:07+00:00,salomuy,https://salomuy.uz/,201180,Sug'diyona,Yangi Hayot Capital,Toshkent shahri,Sergeli tumani,1,41.4,516600000.0,43713.0,12600000.0,1066.0,project_min_or_estimated_from_sqm,live,,,True,ok
2026-08-25T05:00:07+00:00,salomuy,https://salomuy.uz/,201180,Sug'diyona,Yangi Hayot Capital,Toshkent shahri,Sergeli tumani,2,51.9,516600000.0,43713.0,12600000.0,1066.0,project_min_or_estimated_from_sqm,live,,,True,ok
2026-08-25T05:00:07+00:00,salomuy,https://salomuy.uz/,201180,Sug'diyona,Yangi Hayot Capital,Toshkent shahri,Sergeli tumani,3,72.1,516600000.0,43713.0,12600000.0,1066.0,project_min_or_estimated_from_sqm,live,,,True,ok
2026-08-25T05:00:07+00:00,salomuy,https://salomuy.uz/,200795,Twins,New Build,Toshkent shahri,Sergeli tumani,1,40.2,804000000.0,68031.0,12000000.0,1015.0,project_min_or_estimated_from_sqm,live,,,True,ok
2026-08-25T05:00:07+00:00,salomuy,https://salomuy.uz/,200795,Twins,New Build,Toshkent shahri,Sergeli tumani,2,67.6,804000000.0,68031.0,12000000.0,1015.0,project_min_or_estimated_from_sqm,live,,,True,ok
2026-08-25T05:00:07+00:00,salomuy,https://salomuy.uz/,201255,Xonobod Avenue,Xonobod Avenue,Toshkent shahri,Sergeli tumani,1,43.8,540000000.0,45693.0,13500000.0,1142.0,project_min_or_estimated_from_sqm,live,,,True,ok
2026-08-25T05:00:07+00:00,salomuy,https://salomuy.uz/,201255,Xonobod Avenue,Xonobod Avenue,Toshkent shahri,Sergeli tumani,2,62.8,540000000.0,45693.0,13500000.0,1142.0,project_min_or_estimated_from_sqm,live,,,True,ok
2026-08-25T05:00:07+00:00,salomuy,https://salomuy.uz/,201135,Yangi O’zbekiston Massivi,TOWER UP,Toshkent shahri,Sergeli tumani,1,31.0,720000000.0,60924.0,18000000.0,1523.0,project_min_or_estimated_from_sqm,live,,,True,ok
2026-08-25T05:00:07+00:00,salomuy,https://salomuy.uz/,201135,Yangi O’zbekiston Massivi,TOWER UP,Toshkent shahri,Sergeli tumani,2,65.0,720000000.0,60924.0,18000000.0,1523.0,project_min_or_estimated_from_sqm,live,,,True,ok
2026-08-25T05:00:07+00:00,salomuy,https://salomuy.uz/,201135,Yangi O’zbekiston Massivi,TOWER UP,Toshkent shahri,Sergeli tumani,3,68.0,720000000.0,60924.0,18000000.0,1523.0,project_min_or_estimated_from_sqm,live,,,True,ok
2026-08-25T05:00:07+00:00,salomuy,https://salomuy.uz/,202335,Aviccena,Baxt Development,Toshkent shahri,Shayxontohur tumani,3,80.0,880000000.0,74462.0,11000000.0,931.0,project_min_or_estimated_from_sqm,live,,,True,ok
2026-08-25T05:00:07+00:00,salomuy,https://salomuy.uz/,200725,Koh Ota,BAZIS-T,Toshkent shahri,Shayxontohur tumani,1,45.2,1726600000.0,146098.0,19400000.0,1642.0,project_min_or_estimated_from_sqm,live,,,True,ok
2026-08-25T05:00:07+00:00,salomuy,https://salomuy.uz/,200725,Koh Ota,BAZIS-T,Toshkent shahri,Shayxontohur tumani,2,64.6,1726600000.0,146098.0,19400000.0,1642.0,project_min_or_estimated_from_sqm,live,,,True,ok
2026-08-25T05:00:07+00:00,salomuy,https://salomuy.uz/,200725,Koh Ota,BAZIS-T,Toshkent shahri,Shayxontohur tumani,3,92.8,1726600000.0,146098.0,19400000.0,1642.0,project_min_or_estimated_from_sqm,live,,,True,ok
2026-08-25T05:00:07+00:00,salomuy,https://salomuy.uz/,200725,Koh Ota,BAZIS-T,Toshkent shahri,Shayxontohur tumani,4,115.2,1726600000.0,146098.0,19400000.0,1642.0,project_min_or_estimated_from_sqm,live,,,True,ok
2026-08-25T05:00:07+00:00,salomuy,https://salomuy.uz/,200720,Labzak Park City,Mustahkam Qurilish Business,Toshkent shahri,Shayxontohur tumani,2,43.9,1004500000.0,84997.0,7815951.0,661.0,project_min_or_estimated_from_sqm,live,,,True,ok
2026-08-25T05:00:07+00:00,salomuy,https://salomuy.uz/,200720,Labzak Park City,Mustahkam Qurilish Business,Toshkent shahri,Shayxontohur tumani,4,163.4,1004500000.0,84997.0,7815951.0,661.0,project_min_or_estimated_from_sqm,live,,,True,ok
2026-08-25T05:00:07+00:00,salomuy,https://salomuy.uz/,201305,Nafas Sebzor,Nafas Tashkent,Toshkent shahri,Shayxontohur tumani,2,47.5,513000000.0,43408.0,19000000.0,1608.0,project_min_or_estimated_from_sqm,live,,,True,ok
2026-08-25T05:00:07+00:00,salomuy,https://salomuy.uz/,201305,Nafas Sebzor,Nafas Tashkent,Toshkent shahri,Shayxontohur tumani,3,107.6,513000000.0,43408.0,19000000.0,1608.0,project_min_or_estimated_from_sqm,live,,,True,ok
2026-08-25T05:00:07+00:00,salomuy,https://salomuy.uz/,200085,Nest One,Murad Buildings,Toshkent shahri,Shayxontohur tumani,1,39.07,2040000000.0,172617.0,40000000.0,3385.0,project_min_or_estimated_from_sqm,live,,,True,ok
2026-08-25T05:00:07+00:00,salomuy,https://salomuy.uz/,200085,Nest One,Murad Buildings,Toshkent shahri,Shayxontohur tumani,2,54.14,2040000000.0,172617.0,40000000.0,3385.0,project_min_or_estimated_from_sqm,live,,,True,ok
2026-08-25T05:00:07+00:00,salomuy,https://salomuy.uz/,200085,Nest One,Murad Buildings,Toshkent shahri,Shayxontohur tumani,3,67.92,2040000000.0,172617.0,40000000.0,3385.0,project_min_or_estimated_from_sqm,live,,,True,ok
2026-08-25T05:00:07+00:00,salomuy,https://salomuy.uz/,201285,Aman Residence,Nuramax Group,Toshkent shahri,Uchtepa tumani,1,30.7,303930000.0,25717.0,9900000.0,838.0,project_min_or_estimated_from_sqm,live,,,True,ok
2026-08-25T05:00:07+00:00,salomuy,https://salomuy.uz/,201285,Aman Residence,Nuramax Group,Toshkent shahri,Uchtepa tumani,2,49.3,303930000.0,25717.0,9900000.0,838.0,project_min_or_estimated_from_sqm,live,,,True,ok
2026-08-25T05:00:07+00:00,salomuy,https://salomuy.uz/,201285,Aman Residence,Nuramax Group,Toshkent shahri,Uchtepa tumani,3,60.0,303930000.0,25717.0,9900000.0,838.0,project_min_or_estimated_from_sqm,live,,,True,ok
2026-08-25T05:00:07+00:00,salomuy,https://salomuy.uz/,200715,Depo Residence,Depo Residence,Toshkent shahri,Uchtepa tumani,1,51.5,516000000.0,43662.0,12000000.0,1015.0,project_min_or_estimated_from_sqm,live,,,True,ok
2026-08-25T05:00:07+00:00,salomuy,https://salomuy.uz/,200715,Depo Residence,Depo Residence,Toshkent shahri,Uchtepa tumani,2,69.4,516000000.0,43662.0,12000000.0,1015.0,project_min_or_estimated_from_sqm,live,,,True,ok
2026-08-25T05:00:07+00:00,salomuy,https://salomuy.uz/,200715,Depo Residence,Depo Residence,Toshkent shahri,Uchtepa tumani,3,86.3,516000000.0,43662.0,12000000.0,1015.0,project_min_or_estimated_from_sqm,live,,,True,ok
2026-08-25T05:00:07+00:00,salomuy,https://salomuy.uz/,201940,Lutfiy Garden,Targoviy Dom Farovon,Toshkent shahri,Uchtepa tumani,1,45.2,517500000.0,43789.0,11500000.0,973.0,project_min_or_estimated_from_sqm,live,,,True,ok
2026-08-25T05:00:07+00:00,salomuy,https://salomuy.uz/,201940,Lutfiy Garden,Targoviy Dom Farovon,Toshkent shahri,Uchtepa tumani,2,55.5,517500000.0,43789.0,11500000.0,973.0,project_min_or_estimated_from_sqm,live,,,True,ok
2026-08-25T05:00:07+00:00,salomuy,https://salomuy.uz/,201940,Lutfiy Garden,Targoviy Dom Farovon,Toshkent shahri,Uchtepa tumani,3,107.2,517500000.0,43789.0,11500000.0,973.0,project_min_or_estimated_from_sqm,live,,,True,ok
2026-08-25T05:00:07+00:00,salomuy,https://salomuy.uz/,200395,Median,Median Development,Toshkent shahri,Uchtepa tumani,3,81.75,576000000.0,48739.0,14400000.0,1218.0,project_min_or_estimated_from_sqm,live,,,True,ok
2026-08-25T05:00:07+00:00,salomuy,https://salomuy.uz/,200395,Median,Median Development,Toshkent shahri,Uchtepa tumani,4,114.54,576000000.0,48739.0,14400000.0,1218.0,project_min_or_estimated_from_sqm,live,,,True,ok
2026-08-25T05:00:07+00:00,salomuy,https://salomuy.uz/,201860,Obod Maskan,ART House,Toshkent shahri,Uchtepa tumani,0,40.84,600000000.0,50770.0,15000000.0,1269.0,project_min_or_estimated_from_sqm,live,,,True,ok
2026-08-25T05:00:07+00:00,salomuy,https://salomuy.uz/,201860,Obod Maskan,ART House,Toshkent shahri,Uchtepa tumani,1,40.0,600000000.0,50770.0,15000000.0,1269.0,project_min_or_estimated_from_sqm,live,,,True,ok
2026-08-25T05:00:07+00:00,salomuy,https://salomuy.uz/,201860,Obod Maskan,ART House,Toshkent shahri,Uchtepa tumani,2,40.8,600000000.0,50770.0,15000000.0,1269.0,project_min_or_estimated_from_sqm,live,,,True,ok
2026-08-25T05:00:07+00:00,salomuy,https://salomuy.uz/,201860,Obod Maskan,ART House,Toshkent shahri,Uchtepa tumani,3,86.0,600000000.0,50770.0,15000000.0,1269.0,project_min_or_estimated_from_sqm,live,,,True,ok
2026-08-25T05:00:07+00:00,salomuy,https://salomuy.uz/,200070,Soy Bo'yi,Murad Buildings,Toshkent shahri,Uchtepa tumani,1,42.97,756000000.0,63970.0,18000000.0,1523.0,project_min_or_estimated_from_sqm,live,,,True,ok
2026-08-25T05:00:07+00:00,salomuy,https://salomuy.uz/,200070,Soy Bo'yi,Murad Buildings,Toshkent shahri,Uchtepa tumani,2,50.4,756000000.0,63970.0,18000000.0,1523.0,project_min_or_estimated_from_sqm,live,,,True,ok
2026-08-25T05:00:07+00:00,salomuy,https://salomuy.uz/,200070,Soy Bo'yi,Murad Buildings,Toshkent shahri,Uchtepa tumani,3,69.26,756000000.0,63970.0,18000000.0,1523.0,project_min_or_estimated_from_sqm,live,,,True,ok
2026-08-25T05:00:07+00:00,salomuy,https://salomuy.uz/,200070,Soy Bo'yi,Murad Buildings,Toshkent shahri,Uchtepa tumani,4,98.43,756000000.0,63970.0,18000000.0,1523.0,project_min_or_estimated_from_sqm,live,,,True,ok
2026-08-25T05:00:07+00:00,salomuy,https://salomuy.uz/,200545,Uchtepa Avenue,Targoviy Dom Farovon,Toshkent shahri,Uchtepa tumani,2,50.4,700000000.0,59231.0,14000000.0,1185.0,project_min_or_estimated_from_sqm,live,,,True,ok
2026-08-25T05:00:07+00:00,salomuy,https://salomuy.uz/,200780,Uchtepa City,Great Vertex,Toshkent shahri,Uchtepa tumani,1,44.0,650000000.0,55001.0,15476190.0,1310.0,project_min_or_estimated_from_sqm,live,,,True,ok
2026-08-25T05:00:07+00:00,salomuy,https://salomuy.uz/,200780,Uchtepa City,Great Vertex,Toshkent shahri,Uchtepa tumani,2,47.0,650000000.0,55001.0,15476190.0,1310.0,project_min_or_estimated_from_sqm,live,,,True,ok
2026-08-25T05:00:07+00:00,salomuy,https://salomuy.uz/,200780,Uchtepa City,Great Vertex,Toshkent shahri,Uchtepa tumani,3,56.0,650000000.0,55001.0,15476190.0,1310.0,project_min_or_estimated_from_sqm,live,,,True,ok
2026-08-25T05:00:07+00:00,salomuy,https://salomuy.uz/,200680,Uchtepa Plaza,Baytul Nur Shams,Toshkent shahri,Uchtepa tumani,1,35.5,562100000.0,47563.0,11000000.0,931.0,project_min_or_estimated_from_sqm,live,,,True,ok
2026-08-25T05:00:07+00:00,salomuy,https://salomuy.uz/,200680,Uchtepa Plaza,Baytul Nur Shams,Toshkent shahri,Uchtepa tumani,2,46.1,562100000.0,47563.0,11000000.0,931.0,project_min_or_estimated_from_sqm,live,,,True,ok
2026-08-25T05:00:07+00:00,salomuy,https://salomuy.uz/,200680,Uchtepa Plaza,Baytul Nur Shams,Toshkent shahri,Uchtepa tumani,3,70.3,562100000.0,47563.0,11000000.0,931.0,project_min_or_estimated_from_sqm,live,,,True,ok
2026-08-25T05:00:07+00:00,salomuy,https://salomuy.uz/,200680,Uchtepa Plaza,Baytul Nur Shams,Toshkent shahri,Uchtepa tumani,4,99.3,562100000.0,47563.0,11000000.0,931.0,project_min_or_estimated_from_sqm,live,,,True,ok
2026-08-25T05:00:07+00:00,salomuy,https://salomuy.uz/,202305,Yashil Sohil,Unar Holding,Toshkent shahri,Uchtepa tumani,2,35.02,648000000.0,54831.0,13500000.0,1142.0,project_min_or_estimated_from_sqm,live,,,True,ok
2026-08-25T05:00:07+00:00,salomuy,https://salomuy.uz/,202305,Yashil Sohil,Unar Holding,Toshkent shahri,Uchtepa tumani,3,64.03,648000000.0,54831.0,13500000.0,1142.0,project_min_or_estimated_from_sqm,live,,,True,ok
2026-08-25T05:00:07+00:00,salomuy,https://salomuy.uz/,200425,Binkat,Inside,Toshkent shahri,Yakkasaroy tumani,2,57.6,840000000.0,71078.0,12000000.0,1015.0,project_min_or_estimated_from_sqm,live,,,True,ok
2026-08-25T05:00:07+00:00,salomuy,https://salomuy.uz/,200610,Bobur Residence,Greenpark Development,Toshkent shahri,Yakkasaroy tumani,2,42.3,860000000.0,72770.0,20000000.0,1692.0,project_min_or_estimated_from_sqm,live,,,True,ok
2026-08-25T05:00:07+00:00,salomuy,https://salomuy.uz/,200610,Bobur Residence,Greenpark Development,Toshkent shahri,Yakkasaroy tumani,3,30.0,860000000.0,72770.0,20000000.0,1692.0,project_min_or_estimated_from_sqm,live,,,True,ok
2026-08-25T05:00:07+00:00,salomuy,https://salomuy.uz/,200610,Bobur Residence,Greenpark Development,Toshkent shahri,Yakkasaroy tumani,4,114.0,860000000.0,72770.0,20000000.0,1692.0,project_min_or_estimated_from_sqm,live,,,True,ok
2026-08-25T05:00:07+00:00,salomuy,https://salomuy.uz/,201085,Celebrity Residence,Interra,Toshkent shahri,Yakkasaroy tumani,2,67.28,693000000.0,58639.0,21000000.0,1777.0,project_min_or_estimated_from_sqm,live,,,True,ok
2026-08-25T05:00:07+00:00,salomuy,https://salomuy.uz/,201085,Celebrity Residence,Interra,Toshkent shahri,Yakkasaroy tumani,3,101.09,693000000.0,58639.0,21000000.0,1777.0,project_min_or_estimated_from_sqm,live,,,True,ok
2026-08-25T05:00:07+00:00,salomuy,https://salomuy.uz/,201085,Celebrity Residence,Interra,Toshkent shahri,Yakkasaroy tumani,5,189.96,693000000.0,58639.0,21000000.0,1777.0,project_min_or_estimated_from_sqm,live,,,True,ok
2026-08-25T05:00:07+00:00,salomuy,https://salomuy.uz/,203055,Gurur,KREDO Development,Toshkent shahri,Yakkasaroy tumani,1,38.41,453600000.0,38382.0,12600000.0,1066.0,project_min_or_estimated_from_sqm,live,,,True,ok
2026-08-25T05:00:07+00:00,salomuy,https://salomuy.uz/,203055,Gurur,KREDO Development,Toshkent shahri,Yakkasaroy tumani,2,45.51,453600000.0,38382.0,12600000.0,1066.0,project_min_or_estimated_from_sqm,live,,,True,ok
2026-08-25T05:00:07+00:00,salomuy,https://salomuy.uz/,203055,Gurur,KREDO Development,Toshkent shahri,Yakkasaroy tumani,3,63.98,453600000.0,38382.0,12600000.0,1066.0,project_min_or_estimated_from_sqm,live,,,True,ok
2026-08-25T05:00:07+00:00,salomuy,https://salomuy.uz/,200155,Italiano Vero,Ulkan Development,Toshkent shahri,Yakkasaroy tumani,2,86.75,2103200000.0,177965.0,23900000.0,2022.0,project_min_or_estimated_from_sqm,live,,,True,ok
2026-08-25T05:00:07+00:00,salomuy,https://salomuy.uz/,200155,Italiano Vero,Ulkan Development,Toshkent shahri,Yakkasaroy tumani,3,88.27,2103200000.0,177965.0,23900000.0,2022.0,project_min_or_estimated_from_sqm,live,,,True,ok
2026-08-25T05:00:07+00:00,salomuy,https://salomuy.uz/,200755,Maljaan Residence,Better Best Development,Toshkent shahri,Yakkasaroy tumani,1,30.3,540000000.0,45693.0,18000000.0,1523.0,project_min_or_estimated_from_sqm,live,,,True,ok
2026-08-25T05:00:07+00:00,salomuy,https://salomuy.uz/,200755,Maljaan Residence,Better Best Development,Toshkent shahri,Yakkasaroy tumani,2,62.3,540000000.0,45693.0,18000000.0,1523.0,project_min_or_estimated_from_sqm,live,,,True,ok
2026-08-25T05:00:07+00:00,salomuy,https://salomuy.uz/,200755,Maljaan Residence,Better Best Development,Toshkent shahri,Yakkasaroy tumani,3,81.9,540000000.0,45693.0,18000000.0,1523.0,project_min_or_estimated_from_sqm,live,,,True,ok
2026-08-25T05:00:07+00:00,salomuy,https://salomuy.uz/,201785,Mavera Town,Max Modern Home,Toshkent shahri,Yakkasaroy tumani,1,47.48,897600000.0,75951.0,20400000.0,1726.0,project_min_or_estimated_from_sqm,live,,,True,ok
2026-08-25T05:00:07+00:00,salomuy,https://salomuy.uz/,201785,Mavera Town,Max Modern Home,Toshkent shahri,Yakkasaroy tumani,2,55.68,897600000.0,75951.0,20400000.0,1726.0,project_min_or_estimated_from_sqm,live,,,True,ok
2026-08-25T05:00:07+00:00,salomuy,https://salomuy.uz/,201785,Mavera Town,Max Modern Home,Toshkent shahri,Yakkasaroy tumani,3,81.53,897600000.0,75951.0,20400000.0,1726.0,project_min_or_estimated_from_sqm,live,,,True,ok
2026-08-25T05:00:07+00:00,salomuy,https://salomuy.uz/,201785,Mavera Town,Max Modern Home,Toshkent shahri,Yakkasaroy tumani,4,132.57,897600000.0,75951.0,20400000.0,1726.0,project_min_or_estimated_from_sqm,live,,,True,ok
2026-08-25T05:00:07+00:00,salomuy,https://salomuy.uz/,200895,Newport,One House Development,Toshkent shahri,Yakkasaroy tumani,1,46.56,571200000.0,48333.0,20400000.0,1726.0,project_min_or_estimated_from_sqm,live,,,True,ok
2026-08-25T05:00:07+00:00,salomuy,https://salomuy.uz/,200895,Newport,One House Development,Toshkent shahri,Yakkasaroy tumani,2,66.09,571200000.0,48333.0,20400000.0,1726.0,project_min_or_estimated_from_sqm,live,,,True,ok
2026-08-25T05:00:07+00:00,salomuy,https://salomuy.uz/,200895,Newport,One House Development,Toshkent shahri,Yakkasaroy tumani,3,89.76,571200000.0,48333.0,20400000.0,1726.0,project_min_or_estimated_from_sqm,live,,,True,ok
2026-08-25T05:00:07+00:00,salomuy,https://salomuy.uz/,200875,Nirvana Luxury Residence,Zaytun Group,Toshkent shahri,Yakkasaroy tumani,0,38.0,,,,,project_min_or_estimated_from_sqm,live,,,True,ok
2026-08-25T05:00:07+00:00,salomuy,https://salomuy.uz/,200875,Nirvana Luxury Residence,Zaytun Group,Toshkent shahri,Yakkasaroy tumani,2,65.0,,,,,project_min_or_estimated_from_sqm,live,,,True,ok
2026-08-25T05:00:07+00:00,salomuy,https://salomuy.uz/,200875,Nirvana Luxury Residence,Zaytun Group,Toshkent shahri,Yakkasaroy tumani,3,91.0,,,,,project_min_or_estimated_from_sqm,live,,,True,ok
2026-08-25T05:00:07+00:00,salomuy,https://salomuy.uz/,200215,Shoshkent,O'zbegim Development,Toshkent shahri,Yakkasaroy tumani,2,55.6,1590200000.0,134557.0,28600719.0,2420.0,project_min_or_estimated_from_sqm,live,,,True,ok
2026-08-25T05:00:07+00:00,salomuy,https://salomuy.uz/,200215,Shoshkent,O'zbegim Development,Toshkent shahri,Yakkasaroy tumani,3,92.1,1590200000.0,134557.0,28600719.0,2420.0,project_min_or_estimated_from_sqm,live,,,True,ok
2026-08-25T05:00:07+00:00,salomuy,https://salomuy.uz/,200215,Shoshkent,O'zbegim Development,Toshkent shahri,Yakkasaroy tumani,4,113.2,1590200000.0,134557.0,28600719.0,2420.0,project_min_or_estimated_from_sqm,live,,,True,ok
2026-08-25T05:00:07+00:00,salomuy,https://salomuy.uz/,202755,Tashwell,Koc Group,Toshkent shahri,Yakkasaroy tumani,2,51.91,979200000.0,82856.0,19200000.0,1625.0,project_min_or_estimated_from_sqm,live,,,True,ok
2026-08-25T05:00:07+00:00,salomuy,https://salomuy.uz/,202755,Tashwell,Koc Group,Toshkent shahri,Yakkasaroy tumani,3,78.56,979200000.0,82856.0,19200000.0,1625.0,project_min_or_estimated_from_sqm,live,,,True,ok
2026-08-25T05:00:07+00:00,salomuy,https://salomuy.uz/,202755,Tashwell,Koc Group,Toshkent shahri,Yakkasaroy tumani,4,106.25,979200000.0,82856.0,19200000.0,1625.0,project_min_or_estimated_from_sqm,live,,,True,ok
2026-08-25T05:00:07+00:00,salomuy,https://salomuy.uz/,201260,Viennese Waltz,Royal Towers,Toshkent shahri,Yakkasaroy tumani,1,54.0,702000000.0,59401.0,19500000.0,1650.0,project_min_or_estimated_from_sqm,live,,,True,ok
2026-08-25T05:00:07+00:00,salomuy,https://salomuy.uz/,201260,Viennese Waltz,Royal Towers,Toshkent shahri,Yakkasaroy tumani,2,55.0,702000000.0,59401.0,19500000.0,1650.0,project_min_or_estimated_from_sqm,live,,,True,ok
2026-08-25T05:00:07+00:00,salomuy,https://salomuy.uz/,200055,Assalom Do'stlik,Golden House,Toshkent shahri,Yangihayot tumani,1,29.23,,,,,project_min_or_estimated_from_sqm,live,,,True,ok
2026-08-25T05:00:07+00:00,salomuy,https://salomuy.uz/,200055,Assalom Do'stlik,Golden House,Toshkent shahri,Yangihayot tumani,2,44.7,,,,,project_min_or_estimated_from_sqm,live,,,True,ok
2026-08-25T05:00:07+00:00,salomuy,https://salomuy.uz/,200055,Assalom Do'stlik,Golden House,Toshkent shahri,Yangihayot tumani,3,57.9,,,,,project_min_or_estimated_from_sqm,live,,,True,ok
2026-08-25T05:00:07+00:00,salomuy,https://salomuy.uz/,200640,Choshtepa Garden,ADM invest,Toshkent shahri,Yangihayot tumani,2,64.3,644980000.0,54576.0,11900000.0,1007.0,project_min_or_estimated_from_sqm,live,,,True,ok
2026-08-25T05:00:07+00:00,salomuy,https://salomuy.uz/,200640,Choshtepa Garden,ADM invest,Toshkent shahri,Yangihayot tumani,3,72.6,644980000.0,54576.0,11900000.0,1007.0,project_min_or_estimated_from_sqm,live,,,True,ok
2026-08-25T05:00:07+00:00,salomuy,https://salomuy.uz/,201315,Choshtepa Residence,Life Group Business,Toshkent shahri,Yangihayot tumani,1,49.5,460800000.0,38991.0,9600000.0,812.0,project_min_or_estimated_from_sqm,live,,,True,ok
2026-08-25T05:00:07+00:00,salomuy,https://salomuy.uz/,201315,Choshtepa Residence,Life Group Business,Toshkent shahri,Yangihayot tumani,2,61.7,460800000.0,38991.0,9600000.0,812.0,project_min_or_estimated_from_sqm,live,,,True,ok
2026-08-25T05:00:07+00:00,salomuy,https://salomuy.uz/,202315,New Life Darkhan,IMORATLAR GROUP,Toshkent shahri,Yangihayot tumani,1,47.78,510000000.0,43154.0,10200000.0,863.0,project_min_or_estimated_from_sqm,live,,,True,ok
2026-08-25T05:00:07+00:00,salomuy,https://salomuy.uz/,202315,New Life Darkhan,IMORATLAR GROUP,Toshkent shahri,Yangihayot tumani,2,65.29,510000000.0,43154.0,10200000.0,863.0,project_min_or_estimated_from_sqm,live,,,True,ok
2026-08-25T05:00:07+00:00,salomuy,https://salomuy.uz/,200655,Park Avenue,Arkan Development,Toshkent shahri,Yangihayot tumani,1,48.0,576000000.0,48739.0,12000000.0,1015.0,project_min_or_estimated_from_sqm,live,,,True,ok
2026-08-25T05:00:07+00:00,salomuy,https://salomuy.uz/,200655,Park Avenue,Arkan Development,Toshkent shahri,Yangihayot tumani,2,63.4,576000000.0,48739.0,12000000.0,1015.0,project_min_or_estimated_from_sqm,live,,,True,ok
2026-08-25T05:00:07+00:00,salomuy,https://salomuy.uz/,200655,Park Avenue,Arkan Development,Toshkent shahri,Yangihayot tumani,3,114.0,576000000.0,48739.0,12000000.0,1015.0,project_min_or_estimated_from_sqm,live,,,True,ok
2026-08-25T05:00:07+00:00,salomuy,https://salomuy.uz/,200880,Yangi Darxon,B Building,Toshkent shahri,Yangihayot tumani,2,60.1,,,,,project_min_or_estimated_from_sqm,live,,,True,ok
2026-08-25T05:00:07+00:00,salomuy,https://salomuy.uz/,200880,Yangi Darxon,B Building,Toshkent shahri,Yangihayot tumani,3,70.3,,,,,project_min_or_estimated_from_sqm,live,,,True,ok
2026-08-25T05:00:07+00:00,salomuy,https://salomuy.uz/,200770,Yangi Hayot Residence,Kamol Construction,Toshkent shahri,Yangihayot tumani,1,33.0,512500000.0,43366.0,12500000.0,1058.0,project_min_or_estimated_from_sqm,live,,,True,ok
2026-08-25T05:00:07+00:00,salomuy,https://salomuy.uz/,200770,Yangi Hayot Residence,Kamol Construction,Toshkent shahri,Yangihayot tumani,2,45.5,512500000.0,43366.0,12500000.0,1058.0,project_min_or_estimated_from_sqm,live,,,True,ok
2026-08-25T05:00:07+00:00,salomuy,https://salomuy.uz/,200770,Yangi Hayot Residence,Kamol Construction,Toshkent shahri,Yangihayot tumani,3,55.0,512500000.0,43366.0,12500000.0,1058.0,project_min_or_estimated_from_sqm,live,,,True,ok
2026-08-25T05:00:07+00:00,salomuy,https://salomuy.uz/,202360,Yangi mahalla,YM Group,Toshkent shahri,Yangihayot tumani,1,26.0,,,,,project_min_or_estimated_from_sqm,live,,,True,ok
2026-08-25T05:00:07+00:00,salomuy,https://salomuy.uz/,202360,Yangi mahalla,YM Group,Toshkent shahri,Yangihayot tumani,2,43.0,,,,,project_min_or_estimated_from_sqm,live,,,True,ok
2026-08-25T05:00:07+00:00,salomuy,https://salomuy.uz/,202360,Yangi mahalla,YM Group,Toshkent shahri,Yangihayot tumani,3,82.0,,,,,project_min_or_estimated_from_sqm,live,,,True,ok
2026-08-25T05:00:07+00:00,salomuy,https://salomuy.uz/,203050,Yashil Makon,GRAND PORCELAIN,Toshkent shahri,Yangihayot tumani,1,34.4,444906000.0,37646.0,13482000.0,1141.0,project_min_or_estimated_from_sqm,live,,,True,ok
2026-08-25T05:00:07+00:00,salomuy,https://salomuy.uz/,203050,Yashil Makon,GRAND PORCELAIN,Toshkent shahri,Yangihayot tumani,2,62.2,444906000.0,37646.0,13482000.0,1141.0,project_min_or_estimated_from_sqm,live,,,True,ok
2026-08-25T05:00:07+00:00,salomuy,https://salomuy.uz/,203050,Yashil Makon,GRAND PORCELAIN,Toshkent shahri,Yangihayot tumani,3,73.3,444906000.0,37646.0,13482000.0,1141.0,project_min_or_estimated_from_sqm,live,,,True,ok
2026-08-25T05:00:07+00:00,salomuy,https://salomuy.uz/,200045,Assalom Havo,Golden House,Toshkent shahri,Yashnobod tumani,1,27.65,,,,,project_min_or_estimated_from_sqm,live,,,True,ok
2026-08-25T05:00:07+00:00,salomuy,https://salomuy.uz/,200045,Assalom Havo,Golden House,Toshkent shahri,Yashnobod tumani,2,49.17,,,,,project_min_or_estimated_from_sqm,live,,,True,ok
2026-08-25T05:00:07+00:00,salomuy,https://salomuy.uz/,200050,Assalom Sohil,Golden House,Toshkent shahri,Yashnobod tumani,2,53.69,,,,,project_min_or_estimated_from_sqm,live,,,True,ok
2026-08-25T05:00:07+00:00,salomuy,https://salomuy.uz/,200050,Assalom Sohil,Golden House,Toshkent shahri,Yashnobod tumani,3,61.23,,,,,project_min_or_estimated_from_sqm,live,,,True,ok
2026-08-25T05:00:07+00:00,salomuy,https://salomuy.uz/,202085,Aviapark,DN GROUP,Toshkent shahri,Yashnobod tumani,2,50.9,797500000.0,67481.0,14500000.0,1227.0,project_min_or_estimated_from_sqm,live,,,True,ok
2026-08-25T05:00:07+00:00,salomuy,https://salomuy.uz/,202085,Aviapark,DN GROUP,Toshkent shahri,Yashnobod tumani,3,83.7,797500000.0,67481.0,14500000.0,1227.0,project_min_or_estimated_from_sqm,live,,,True,ok
2026-08-25T05:00:07+00:00,salomuy,https://salomuy.uz/,202085,Aviapark,DN GROUP,Toshkent shahri,Yashnobod tumani,4,115.9,797500000.0,67481.0,14500000.0,1227.0,project_min_or_estimated_from_sqm,live,,,True,ok
2026-08-25T05:00:07+00:00,salomuy,https://salomuy.uz/,202000,BASHKENT Mening orzuyim,BASHKENT DEVELOPMENT,Toshkent shahri,Yashnobod tumani,0,48.76,351000000.0,29700.0,13000000.0,1100.0,project_min_or_estimated_from_sqm,live,,,True,ok
2026-08-25T05:00:07+00:00,salomuy,https://salomuy.uz/,202000,BASHKENT Mening orzuyim,BASHKENT DEVELOPMENT,Toshkent shahri,Yashnobod tumani,1,27.54,351000000.0,29700.0,13000000.0,1100.0,project_min_or_estimated_from_sqm,live,,,True,ok
2026-08-25T05:00:07+00:00,salomuy,https://salomuy.uz/,202000,BASHKENT Mening orzuyim,BASHKENT DEVELOPMENT,Toshkent shahri,Yashnobod tumani,2,49.46,351000000.0,29700.0,13000000.0,1100.0,project_min_or_estimated_from_sqm,live,,,True,ok
2026-08-25T05:00:07+00:00,salomuy,https://salomuy.uz/,202000,BASHKENT Mening orzuyim,BASHKENT DEVELOPMENT,Toshkent shahri,Yashnobod tumani,3,80.61,351000000.0,29700.0,13000000.0,1100.0,project_min_or_estimated_from_sqm,live,,,True,ok
2026-08-25T05:00:07+00:00,salomuy,https://salomuy.uz/,201915,C1 (Center One),Murad Buildings,Toshkent shahri,Yashnobod tumani,1,30.41,1500000000.0,126924.0,50000000.0,4231.0,project_min_or_estimated_from_sqm,live,,,True,ok
2026-08-25T05:00:07+00:00,salomuy,https://salomuy.uz/,201915,C1 (Center One),Murad Buildings,Toshkent shahri,Yashnobod tumani,2,49.52,1500000000.0,126924.0,50000000.0,4231.0,project_min_or_estimated_from_sqm,live,,,True,ok
2026-08-25T05:00:07+00:00,salomuy,https://salomuy.uz/,201915,C1 (Center One),Murad Buildings,Toshkent shahri,Yashnobod tumani,3,67.85,1500000000.0,126924.0,50000000.0,4231.0,project_min_or_estimated_from_sqm,live,,,True,ok
2026-08-25T05:00:07+00:00,salomuy,https://salomuy.uz/,201915,C1 (Center One),Murad Buildings,Toshkent shahri,Yashnobod tumani,4,87.86,1500000000.0,126924.0,50000000.0,4231.0,project_min_or_estimated_from_sqm,live,,,True,ok
2026-08-25T05:00:07+00:00,salomuy,https://salomuy.uz/,200735,Darkhan Avenue,Aliakbar Stroy Servis,Toshkent shahri,Yashnobod tumani,1,47.55,1140000000.0,96462.0,22800000.0,1929.0,project_min_or_estimated_from_sqm,live,,,True,ok
2026-08-25T05:00:07+00:00,salomuy,https://salomuy.uz/,200735,Darkhan Avenue,Aliakbar Stroy Servis,Toshkent shahri,Yashnobod tumani,2,62.57,1140000000.0,96462.0,22800000.0,1929.0,project_min_or_estimated_from_sqm,live,,,True,ok
2026-08-25T05:00:07+00:00,salomuy,https://salomuy.uz/,200735,Darkhan Avenue,Aliakbar Stroy Servis,Toshkent shahri,Yashnobod tumani,3,93.37,1140000000.0,96462.0,22800000.0,1929.0,project_min_or_estimated_from_sqm,live,,,True,ok
2026-08-25T05:00:07+00:00,salomuy,https://salomuy.uz/,200735,Darkhan Avenue,Aliakbar Stroy Servis,Toshkent shahri,Yashnobod tumani,4,110.82,1140000000.0,96462.0,22800000.0,1929.0,project_min_or_estimated_from_sqm,live,,,True,ok
2026-08-25T05:00:07+00:00,salomuy,https://salomuy.uz/,200500,Dreamland Parkent,DREAMLAND DEVELOPMENT,Toshkent shahri,Yashnobod tumani,1,47.0,710400000.0,60111.0,14800000.0,1252.0,project_min_or_estimated_from_sqm,live,,,True,ok
2026-08-25T05:00:07+00:00,salomuy,https://salomuy.uz/,200500,Dreamland Parkent,DREAMLAND DEVELOPMENT,Toshkent shahri,Yashnobod tumani,2,52.6,710400000.0,60111.0,14800000.0,1252.0,project_min_or_estimated_from_sqm,live,,,True,ok
2026-08-25T05:00:07+00:00,salomuy,https://salomuy.uz/,200500,Dreamland Parkent,DREAMLAND DEVELOPMENT,Toshkent shahri,Yashnobod tumani,3,73.0,710400000.0,60111.0,14800000.0,1252.0,project_min_or_estimated_from_sqm,live,,,True,ok
2026-08-25T05:00:07+00:00,salomuy,https://salomuy.uz/,200595,Grand City,Grand Capital Group,Toshkent shahri,Yashnobod tumani,0,33.0,412500000.0,34904.0,12500000.0,1058.0,project_min_or_estimated_from_sqm,live,,,True,ok
2026-08-25T05:00:07+00:00,salomuy,https://salomuy.uz/,200595,Grand City,Grand Capital Group,Toshkent shahri,Yashnobod tumani,1,34.0,412500000.0,34904.0,12500000.0,1058.0,project_min_or_estimated_from_sqm,live,,,True,ok
2026-08-25T05:00:07+00:00,salomuy,https://salomuy.uz/,200595,Grand City,Grand Capital Group,Toshkent shahri,Yashnobod tumani,2,42.0,412500000.0,34904.0,12500000.0,1058.0,project_min_or_estimated_from_sqm,live,,,True,ok
2026-08-25T05:00:07+00:00,salomuy,https://salomuy.uz/,200595,Grand City,Grand Capital Group,Toshkent shahri,Yashnobod tumani,3,56.0,412500000.0,34904.0,12500000.0,1058.0,project_min_or_estimated_from_sqm,live,,,True,ok
2026-08-25T05:00:07+00:00,salomuy,https://salomuy.uz/,203075,HAYAAT,BASHKENT DEVELOPMENT,Toshkent shahri,Yashnobod tumani,1,36.7,490000000.0,41462.0,14000000.0,1185.0,project_min_or_estimated_from_sqm,live,,,True,ok
2026-08-25T05:00:07+00:00,salomuy,https://salomuy.uz/,203075,HAYAAT,BASHKENT DEVELOPMENT,Toshkent shahri,Yashnobod tumani,2,42.6,490000000.0,41462.0,14000000.0,1185.0,project_min_or_estimated_from_sqm,live,,,True,ok
2026-08-25T05:00:07+00:00,salomuy,https://salomuy.uz/,203075,HAYAAT,BASHKENT DEVELOPMENT,Toshkent shahri,Yashnobod tumani,3,75.86,490000000.0,41462.0,14000000.0,1185.0,project_min_or_estimated_from_sqm,live,,,True,ok
2026-08-25T05:00:07+00:00,salomuy,https://salomuy.uz/,203075,HAYAAT,BASHKENT DEVELOPMENT,Toshkent shahri,Yashnobod tumani,4,99.06,490000000.0,41462.0,14000000.0,1185.0,project_min_or_estimated_from_sqm,live,,,True,ok
2026-08-25T05:00:07+00:00,salomuy,https://salomuy.uz/,202405,Harakat,NEW ERA HOMES,Toshkent shahri,Yashnobod tumani,1,32.51,464000000.0,39262.0,14500000.0,1227.0,project_min_or_estimated_from_sqm,live,,,True,ok
2026-08-25T05:00:07+00:00,salomuy,https://salomuy.uz/,202405,Harakat,NEW ERA HOMES,Toshkent shahri,Yashnobod tumani,2,35.62,464000000.0,39262.0,14500000.0,1227.0,project_min_or_estimated_from_sqm,live,,,True,ok
2026-08-25T05:00:07+00:00,salomuy,https://salomuy.uz/,202405,Harakat,NEW ERA HOMES,Toshkent shahri,Yashnobod tumani,3,59.23,464000000.0,39262.0,14500000.0,1227.0,project_min_or_estimated_from_sqm,live,,,True,ok
2026-08-25T05:00:07+00:00,salomuy,https://salomuy.uz/,200010,Harizma,Golden House,Toshkent shahri,Yashnobod tumani,1,34.06,,,,,project_min_or_estimated_from_sqm,live,,,True,ok
2026-08-25T05:00:07+00:00,salomuy,https://salomuy.uz/,200010,Harizma,Golden House,Toshkent shahri,Yashnobod tumani,2,62.0,,,,,project_min_or_estimated_from_sqm,live,,,True,ok
2026-08-25T05:00:07+00:00,salomuy,https://salomuy.uz/,200010,Harizma,Golden House,Toshkent shahri,Yashnobod tumani,3,76.1,,,,,project_min_or_estimated_from_sqm,live,,,True,ok
2026-08-25T05:00:07+00:00,salomuy,https://salomuy.uz/,202165,Horizon House,Neo House Horizon,Toshkent shahri,Yashnobod tumani,1,39.3,483000000.0,40870.0,10500000.0,888.0,project_min_or_estimated_from_sqm,live,,,True,ok
2026-08-25T05:00:07+00:00,salomuy,https://salomuy.uz/,202165,Horizon House,Neo House Horizon,Toshkent shahri,Yashnobod tumani,2,44.2,483000000.0,40870.0,10500000.0,888.0,project_min_or_estimated_from_sqm,live,,,True,ok
2026-08-25T05:00:07+00:00,salomuy,https://salomuy.uz/,202165,Horizon House,Neo House Horizon,Toshkent shahri,Yashnobod tumani,3,59.6,483000000.0,40870.0,10500000.0,888.0,project_min_or_estimated_from_sqm,live,,,True,ok
2026-08-25T05:00:07+00:00,salomuy,https://salomuy.uz/,200005,Infinity,Golden House,Toshkent shahri,Yashnobod tumani,2,137.72,7074132571.0,598586.0,51261830.0,4338.0,project_min_or_estimated_from_sqm,live,,,True,ok
2026-08-25T05:00:07+00:00,salomuy,https://salomuy.uz/,200005,Infinity,Golden House,Toshkent shahri,Yashnobod tumani,3,180.84,7074132571.0,598586.0,51261830.0,4338.0,project_min_or_estimated_from_sqm,live,,,True,ok
2026-08-25T05:00:07+00:00,salomuy,https://salomuy.uz/,202520,LivinGood,Novastroy,Toshkent shahri,Yashnobod tumani,1,25.9,631800000.0,53461.0,23400000.0,1980.0,project_min_or_estimated_from_sqm,live,,,True,ok
2026-08-25T05:00:07+00:00,salomuy,https://salomuy.uz/,202520,LivinGood,Novastroy,Toshkent shahri,Yashnobod tumani,2,37.3,631800000.0,53461.0,23400000.0,1980.0,project_min_or_estimated_from_sqm,live,,,True,ok
2026-08-25T05:00:07+00:00,salomuy,https://salomuy.uz/,202520,LivinGood,Novastroy,Toshkent shahri,Yashnobod tumani,3,52.8,631800000.0,53461.0,23400000.0,1980.0,project_min_or_estimated_from_sqm,live,,,True,ok
2026-08-25T05:00:07+00:00,salomuy,https://salomuy.uz/,200660,Meridian,Anol Group,Toshkent shahri,Yashnobod tumani,3,75.0,872040000.0,73789.0,15600000.0,1320.0,project_min_or_estimated_from_sqm,live,,,True,ok
2026-08-25T05:00:07+00:00,salomuy,https://salomuy.uz/,203125,Mezon Residence,LUMEN,Toshkent shahri,Yashnobod tumani,1,35.45,560000000.0,47385.0,16000000.0,1354.0,project_min_or_estimated_from_sqm,live,,,True,ok
2026-08-25T05:00:07+00:00,salomuy,https://salomuy.uz/,203125,Mezon Residence,LUMEN,Toshkent shahri,Yashnobod tumani,2,55.01,560000000.0,47385.0,16000000.0,1354.0,project_min_or_estimated_from_sqm,live,,,True,ok
2026-08-25T05:00:07+00:00,salomuy,https://salomuy.uz/,203125,Mezon Residence,LUMEN,Toshkent shahri,Yashnobod tumani,3,72.96,560000000.0,47385.0,16000000.0,1354.0,project_min_or_estimated_from_sqm,live,,,True,ok
2026-08-25T05:00:07+00:00,salomuy,https://salomuy.uz/,200120,Muhabbat Shahri,Xon Saroy,Toshkent shahri,Yashnobod tumani,0,36.8,242000000.0,20477.0,11000000.0,931.0,project_min_or_estimated_from_sqm,live,,,True,ok
2026-08-25T05:00:07+00:00,salomuy,https://salomuy.uz/,200120,Muhabbat Shahri,Xon Saroy,Toshkent shahri,Yashnobod tumani,1,22.1,242000000.0,20477.0,11000000.0,931.0,project_min_or_estimated_from_sqm,live,,,True,ok
2026-08-25T05:00:07+00:00,salomuy,https://salomuy.uz/,200120,Muhabbat Shahri,Xon Saroy,Toshkent shahri,Yashnobod tumani,2,45.3,242000000.0,20477.0,11000000.0,931.0,project_min_or_estimated_from_sqm,live,,,True,ok
2026-08-25T05:00:07+00:00,salomuy,https://salomuy.uz/,200030,O'z Zamin,Golden House,Toshkent shahri,Yashnobod tumani,1,35.53,,,,,project_min_or_estimated_from_sqm,live,,,True,ok
2026-08-25T05:00:07+00:00,salomuy,https://salomuy.uz/,200030,O'z Zamin,Golden House,Toshkent shahri,Yashnobod tumani,2,56.6,,,,,project_min_or_estimated_from_sqm,live,,,True,ok
2026-08-25T05:00:07+00:00,salomuy,https://salomuy.uz/,200685,Ofiyat Residence,KAYAN Development,Toshkent shahri,Yashnobod tumani,1,41.99,1208400000.0,102250.0,22800000.0,1929.0,project_min_or_estimated_from_sqm,live,,,True,ok
2026-08-25T05:00:07+00:00,salomuy,https://salomuy.uz/,200685,Ofiyat Residence,KAYAN Development,Toshkent shahri,Yashnobod tumani,2,41.68,1208400000.0,102250.0,22800000.0,1929.0,project_min_or_estimated_from_sqm,live,,,True,ok
2026-08-25T05:00:07+00:00,salomuy,https://salomuy.uz/,200685,Ofiyat Residence,KAYAN Development,Toshkent shahri,Yashnobod tumani,3,68.97,1208400000.0,102250.0,22800000.0,1929.0,project_min_or_estimated_from_sqm,live,,,True,ok
2026-08-25T05:00:07+00:00,salomuy,https://salomuy.uz/,200685,Ofiyat Residence,KAYAN Development,Toshkent shahri,Yashnobod tumani,4,112.89,1208400000.0,102250.0,22800000.0,1929.0,project_min_or_estimated_from_sqm,live,,,True,ok
2026-08-25T05:00:07+00:00,salomuy,https://salomuy.uz/,200530,Parkent Gardens,Parkent Development,Toshkent shahri,Yashnobod tumani,1,36.0,504000000.0,42647.0,14000000.0,1185.0,project_min_or_estimated_from_sqm,live,,,True,ok
2026-08-25T05:00:07+00:00,salomuy,https://salomuy.uz/,200530,Parkent Gardens,Parkent Development,Toshkent shahri,Yashnobod tumani,2,41.0,504000000.0,42647.0,14000000.0,1185.0,project_min_or_estimated_from_sqm,live,,,True,ok
2026-08-25T05:00:07+00:00,salomuy,https://salomuy.uz/,200530,Parkent Gardens,Parkent Development,Toshkent shahri,Yashnobod tumani,3,84.0,504000000.0,42647.0,14000000.0,1185.0,project_min_or_estimated_from_sqm,live,,,True,ok
2026-08-25T05:00:07+00:00,salomuy,https://salomuy.uz/,201825,RAMAZON,Xon Saroy,Toshkent shahri,Yashnobod tumani,2,42.6,418000000.0,35370.0,11000000.0,931.0,project_min_or_estimated_from_sqm,live,,,True,ok
2026-08-25T05:00:07+00:00,salomuy,https://salomuy.uz/,201825,RAMAZON,Xon Saroy,Toshkent shahri,Yashnobod tumani,3,69.1,418000000.0,35370.0,11000000.0,931.0,project_min_or_estimated_from_sqm,live,,,True,ok
2026-08-25T05:00:07+00:00,salomuy,https://salomuy.uz/,200630,RESIM TASHKENT,CENTRO GROUP,Toshkent shahri,Yashnobod tumani,1,35.48,821520000.0,69514.0,24000000.0,2031.0,project_min_or_estimated_from_sqm,live,,,True,ok
2026-08-25T05:00:07+00:00,salomuy,https://salomuy.uz/,200630,RESIM TASHKENT,CENTRO GROUP,Toshkent shahri,Yashnobod tumani,2,58.0,821520000.0,69514.0,24000000.0,2031.0,project_min_or_estimated_from_sqm,live,,,True,ok
2026-08-25T05:00:07+00:00,salomuy,https://salomuy.uz/,200630,RESIM TASHKENT,CENTRO GROUP,Toshkent shahri,Yashnobod tumani,3,105.46,821520000.0,69514.0,24000000.0,2031.0,project_min_or_estimated_from_sqm,live,,,True,ok
2026-08-25T05:00:07+00:00,salomuy,https://salomuy.uz/,202255,Sabot Residence,VINDER INVEST,Toshkent shahri,Yashnobod tumani,1,38.72,532000000.0,45016.0,14000000.0,1185.0,project_min_or_estimated_from_sqm,live,,,True,ok
2026-08-25T05:00:07+00:00,salomuy,https://salomuy.uz/,202255,Sabot Residence,VINDER INVEST,Toshkent shahri,Yashnobod tumani,2,39.87,532000000.0,45016.0,14000000.0,1185.0,project_min_or_estimated_from_sqm,live,,,True,ok
2026-08-25T05:00:07+00:00,salomuy,https://salomuy.uz/,202255,Sabot Residence,VINDER INVEST,Toshkent shahri,Yashnobod tumani,3,67.43,532000000.0,45016.0,14000000.0,1185.0,project_min_or_estimated_from_sqm,live,,,True,ok
2026-08-25T05:00:07+00:00,salomuy,https://salomuy.uz/,200460,Sad'o Business,NRG-BI,Toshkent shahri,Yashnobod tumani,0,125.92,952434000.0,80591.0,22677000.0,1919.0,project_min_or_estimated_from_sqm,live,,,True,ok
2026-08-25T05:00:07+00:00,salomuy,https://salomuy.uz/,200460,Sad'o Business,NRG-BI,Toshkent shahri,Yashnobod tumani,1,28.65,952434000.0,80591.0,22677000.0,1919.0,project_min_or_estimated_from_sqm,live,,,True,ok
2026-08-25T05:00:07+00:00,salomuy,https://salomuy.uz/,200460,Sad'o Business,NRG-BI,Toshkent shahri,Yashnobod tumani,2,40.26,952434000.0,80591.0,22677000.0,1919.0,project_min_or_estimated_from_sqm,live,,,True,ok
2026-08-25T05:00:07+00:00,salomuy,https://salomuy.uz/,200460,Sad'o Business,NRG-BI,Toshkent shahri,Yashnobod tumani,3,63.54,952434000.0,80591.0,22677000.0,1919.0,project_min_or_estimated_from_sqm,live,,,True,ok
2026-08-25T05:00:07+00:00,salomuy,https://salomuy.uz/,200460,Sad'o Business,NRG-BI,Toshkent shahri,Yashnobod tumani,4,89.77,952434000.0,80591.0,22677000.0,1919.0,project_min_or_estimated_from_sqm,live,,,True,ok
2026-08-25T05:00:07+00:00,salomuy,https://salomuy.uz/,200295,Sad'o Comfort,NRG-BI,Toshkent shahri,Yashnobod tumani,1,34.43,477990000.0,40446.0,15933000.0,1348.0,project_min_or_estimated_from_sqm,live,,,True,ok
2026-08-25T05:00:07+00:00,salomuy,https://salomuy.uz/,200295,Sad'o Comfort,NRG-BI,Toshkent shahri,Yashnobod tumani,2,44.36,477990000.0,40446.0,15933000.0,1348.0,project_min_or_estimated_from_sqm,live,,,True,ok
2026-08-25T05:00:07+00:00,salomuy,https://salomuy.uz/,200305,San'at,NRG-BI,Toshkent shahri,Yashnobod tumani,1,36.97,629000000.0,53224.0,17000000.0,1438.0,project_min_or_estimated_from_sqm,live,,,True,ok
2026-08-25T05:00:07+00:00,salomuy,https://salomuy.uz/,200305,San'at,NRG-BI,Toshkent shahri,Yashnobod tumani,2,56.8,629000000.0,53224.0,17000000.0,1438.0,project_min_or_estimated_from_sqm,live,,,True,ok
2026-08-25T05:00:07+00:00,salomuy,https://salomuy.uz/,203210,Sherdor,TXT Group,Toshkent shahri,Yashnobod tumani,1,43.9,468000000.0,39600.0,12000000.0,1015.0,project_min_or_estimated_from_sqm,live,,,True,ok
2026-08-25T05:00:07+00:00,salomuy,https://salomuy.uz/,203210,Sherdor,TXT Group,Toshkent shahri,Yashnobod tumani,2,40.1,468000000.0,39600.0,12000000.0,1015.0,project_min_or_estimated_from_sqm,live,,,True,ok
2026-08-25T05:00:07+00:00,salomuy,https://salomuy.uz/,203210,Sherdor,TXT Group,Toshkent shahri,Yashnobod tumani,3,63.9,468000000.0,39600.0,12000000.0,1015.0,project_min_or_estimated_from_sqm,live,,,True,ok
2026-08-25T05:00:07+00:00,salomuy,https://salomuy.uz/,202250,Shinam Uylar,District Development,Toshkent shahri,Yashnobod tumani,1,34.0,408000000.0,34523.0,12000000.0,1015.0,project_min_or_estimated_from_sqm,live,,,True,ok
2026-08-25T05:00:07+00:00,salomuy,https://salomuy.uz/,202250,Shinam Uylar,District Development,Toshkent shahri,Yashnobod tumani,2,64.53,408000000.0,34523.0,12000000.0,1015.0,project_min_or_estimated_from_sqm,live,,,True,ok
2026-08-25T05:00:07+00:00,salomuy,https://salomuy.uz/,202420,Shohsaroy Towers,Shohsaroy uylari,Toshkent shahri,Yashnobod tumani,0,31.44,781200000.0,66102.0,25200000.0,2132.0,project_min_or_estimated_from_sqm,live,,,True,ok
2026-08-25T05:00:07+00:00,salomuy,https://salomuy.uz/,202420,Shohsaroy Towers,Shohsaroy uylari,Toshkent shahri,Yashnobod tumani,1,34.22,781200000.0,66102.0,25200000.0,2132.0,project_min_or_estimated_from_sqm,live,,,True,ok
2026-08-25T05:00:07+00:00,salomuy,https://salomuy.uz/,202420,Shohsaroy Towers,Shohsaroy uylari,Toshkent shahri,Yashnobod tumani,2,58.72,781200000.0,66102.0,25200000.0,2132.0,project_min_or_estimated_from_sqm,live,,,True,ok
2026-08-25T05:00:07+00:00,salomuy,https://salomuy.uz/,202420,Shohsaroy Towers,Shohsaroy uylari,Toshkent shahri,Yashnobod tumani,3,73.09,781200000.0,66102.0,25200000.0,2132.0,project_min_or_estimated_from_sqm,live,,,True,ok
2026-08-25T05:00:07+00:00,salomuy,https://salomuy.uz/,202420,Shohsaroy Towers,Shohsaroy uylari,Toshkent shahri,Yashnobod tumani,4,93.02,781200000.0,66102.0,25200000.0,2132.0,project_min_or_estimated_from_sqm,live,,,True,ok
2026-08-25T05:00:07+00:00,salomuy,https://salomuy.uz/,200785,Sokin Diyor,Shohsaroy uylari,Toshkent shahri,Yashnobod tumani,0,25.8,517000000.0,43747.0,11000000.0,931.0,project_min_or_estimated_from_sqm,live,,,True,ok
2026-08-25T05:00:07+00:00,salomuy,https://salomuy.uz/,200785,Sokin Diyor,Shohsaroy uylari,Toshkent shahri,Yashnobod tumani,1,31.76,517000000.0,43747.0,11000000.0,931.0,project_min_or_estimated_from_sqm,live,,,True,ok
2026-08-25T05:00:07+00:00,salomuy,https://salomuy.uz/,200785,Sokin Diyor,Shohsaroy uylari,Toshkent shahri,Yashnobod tumani,2,48.27,517000000.0,43747.0,11000000.0,931.0,project_min_or_estimated_from_sqm,live,,,True,ok
2026-08-25T05:00:07+00:00,salomuy,https://salomuy.uz/,200785,Sokin Diyor,Shohsaroy uylari,Toshkent shahri,Yashnobod tumani,3,67.16,517000000.0,43747.0,11000000.0,931.0,project_min_or_estimated_from_sqm,live,,,True,ok
2026-08-25T05:00:07+00:00,salomuy,https://salomuy.uz/,200090,Vodiy Residence,Xon Saroy,Toshkent shahri,Yashnobod tumani,1,35.5,,,,,project_min_or_estimated_from_sqm,live,,,True,ok
2026-08-25T05:00:07+00:00,salomuy,https://salomuy.uz/,200090,Vodiy Residence,Xon Saroy,Toshkent shahri,Yashnobod tumani,2,51.4,,,,,project_min_or_estimated_from_sqm,live,,,True,ok
2026-08-25T05:00:07+00:00,salomuy,https://salomuy.uz/,200090,Vodiy Residence,Xon Saroy,Toshkent shahri,Yashnobod tumani,3,66.3,,,,,project_min_or_estimated_from_sqm,live,,,True,ok
2026-08-25T05:00:07+00:00,salomuy,https://salomuy.uz/,201805,Xon Saroy Afsonasi,Xon Saroy,Toshkent shahri,Yashnobod tumani,1,36.3,275000000.0,23269.0,11000000.0,931.0,project_min_or_estimated_from_sqm,live,,,True,ok
2026-08-25T05:00:07+00:00,salomuy,https://salomuy.uz/,201805,Xon Saroy Afsonasi,Xon Saroy,Toshkent shahri,Yashnobod tumani,2,42.9,275000000.0,23269.0,11000000.0,931.0,project_min_or_estimated_from_sqm,live,,,True,ok
2026-08-25T05:00:07+00:00,salomuy,https://salomuy.uz/,200190,Yangi Baxt,NRG-BI,Toshkent shahri,Yashnobod tumani,1,28.5,364000000.0,30800.0,13000000.0,1100.0,project_min_or_estimated_from_sqm,live,,,True,ok
2026-08-25T05:00:07+00:00,salomuy,https://salomuy.uz/,200190,Yangi Baxt,NRG-BI,Toshkent shahri,Yashnobod tumani,2,48.1,364000000.0,30800.0,13000000.0,1100.0,project_min_or_estimated_from_sqm,live,,,True,ok
2026-08-25T05:00:07+00:00,salomuy,https://salomuy.uz/,200190,Yangi Baxt,NRG-BI,Toshkent shahri,Yashnobod tumani,3,70.4,364000000.0,30800.0,13000000.0,1100.0,project_min_or_estimated_from_sqm,live,,,True,ok
2026-08-25T05:00:07+00:00,salomuy,https://salomuy.uz/,200190,Yangi Baxt,NRG-BI,Toshkent shahri,Yashnobod tumani,4,117.4,364000000.0,30800.0,13000000.0,1100.0,project_min_or_estimated_from_sqm,live,,,True,ok
2026-08-25T05:00:07+00:00,salomuy,https://salomuy.uz/,201090,Yangi Yashnobod,NORTH LAND STORE,Toshkent shahri,Yashnobod tumani,1,41.5,52800000000.0,4467735.0,1100000000.0,93078.0,project_min_or_estimated_from_sqm,live,,,True,ok
2026-08-25T05:00:07+00:00,salomuy,https://salomuy.uz/,201090,Yangi Yashnobod,NORTH LAND STORE,Toshkent shahri,Yashnobod tumani,2,61.5,52800000000.0,4467735.0,1100000000.0,93078.0,project_min_or_estimated_from_sqm,live,,,True,ok
2026-08-25T05:00:07+00:00,salomuy,https://salomuy.uz/,200370,Yangiobod Residence,ALPHA RAY,Toshkent shahri,Yashnobod tumani,1,29.2,678000000.0,57370.0,11300000.0,956.0,project_min_or_estimated_from_sqm,live,,,True,ok
2026-08-25T05:00:07+00:00,salomuy,https://salomuy.uz/,200370,Yangiobod Residence,ALPHA RAY,Toshkent shahri,Yashnobod tumani,2,60.4,678000000.0,57370.0,11300000.0,956.0,project_min_or_estimated_from_sqm,live,,,True,ok
2026-08-25T05:00:07+00:00,salomuy,https://salomuy.uz/,200370,Yangiobod Residence,ALPHA RAY,Toshkent shahri,Yashnobod tumani,3,55.3,678000000.0,57370.0,11300000.0,956.0,project_min_or_estimated_from_sqm,live,,,True,ok
2026-08-25T05:00:07+00:00,salomuy,https://salomuy.uz/,200180,Zamon,NRG-BI,Toshkent shahri,Yashnobod tumani,1,31.16,376926000.0,31894.0,11422000.0,966.0,project_min_or_estimated_from_sqm,live,,,True,ok
2026-08-25T05:00:07+00:00,salomuy,https://salomuy.uz/,200180,Zamon,NRG-BI,Toshkent shahri,Yashnobod tumani,2,47.4,376926000.0,31894.0,11422000.0,966.0,project_min_or_estimated_from_sqm,live,,,True,ok
2026-08-25T05:00:07+00:00,salomuy,https://salomuy.uz/,200180,Zamon,NRG-BI,Toshkent shahri,Yashnobod tumani,3,63.4,376926000.0,31894.0,11422000.0,966.0,project_min_or_estimated_from_sqm,live,,,True,ok
2026-08-25T05:00:07+00:00,salomuy,https://salomuy.uz/,200180,Zamon,NRG-BI,Toshkent shahri,Yashnobod tumani,4,115.53,376926000.0,31894.0,11422000.0,966.0,project_min_or_estimated_from_sqm,live,,,True,ok
2026-08-25T05:00:07+00:00,salomuy,https://salomuy.uz/,200900,Zaytunli Halovat Uylari,Zaytunli,Toshkent shahri,Yashnobod tumani,2,67.5,972000000.0,82247.0,13500000.0,1142.0,project_min_or_estimated_from_sqm,live,,,True,ok
2026-08-25T05:00:07+00:00,salomuy,https://salomuy.uz/,200900,Zaytunli Halovat Uylari,Zaytunli,Toshkent shahri,Yashnobod tumani,3,99.8,972000000.0,82247.0,13500000.0,1142.0,project_min_or_estimated_from_sqm,live,,,True,ok
2026-08-25T05:00:07+00:00,salomuy,https://salomuy.uz/,200015,Династия,Golden House,Toshkent shahri,Yashnobod tumani,2,65.93,928200000.0,78541.0,19500000.0,1650.0,project_min_or_estimated_from_sqm,live,,,True,ok
2026-08-25T05:00:07+00:00,salomuy,https://salomuy.uz/,200015,Династия,Golden House,Toshkent shahri,Yashnobod tumani,3,74.96,928200000.0,78541.0,19500000.0,1650.0,project_min_or_estimated_from_sqm,live,,,True,ok
2026-08-25T05:00:07+00:00,salomuy,https://salomuy.uz/,202390,Afsona Residence,General Construction,Toshkent shahri,Yunusobod tumani,1,33.4,528000000.0,44677.0,16000000.0,1354.0,project_min_or_estimated_from_sqm,live,,,True,ok
2026-08-25T05:00:07+00:00,salomuy,https://salomuy.uz/,202390,Afsona Residence,General Construction,Toshkent shahri,Yunusobod tumani,2,53.5,528000000.0,44677.0,16000000.0,1354.0,project_min_or_estimated_from_sqm,live,,,True,ok
2026-08-25T05:00:07+00:00,salomuy,https://salomuy.uz/,202390,Afsona Residence,General Construction,Toshkent shahri,Yunusobod tumani,3,74.5,528000000.0,44677.0,16000000.0,1354.0,project_min_or_estimated_from_sqm,live,,,True,ok
2026-08-25T05:00:07+00:00,salomuy,https://salomuy.uz/,202425,Aprel,Shohsaroy uylari,Toshkent shahri,Yunusobod tumani,1,34.77,67600000000.0,5720054.0,1300000000.0,110001.0,project_min_or_estimated_from_sqm,live,,,True,ok
2026-08-25T05:00:07+00:00,salomuy,https://salomuy.uz/,202425,Aprel,Shohsaroy uylari,Toshkent shahri,Yunusobod tumani,2,52.39,67600000000.0,5720054.0,1300000000.0,110001.0,project_min_or_estimated_from_sqm,live,,,True,ok
2026-08-25T05:00:07+00:00,salomuy,https://salomuy.uz/,202425,Aprel,Shohsaroy uylari,Toshkent shahri,Yunusobod tumani,3,68.58,67600000000.0,5720054.0,1300000000.0,110001.0,project_min_or_estimated_from_sqm,live,,,True,ok
2026-08-25T05:00:07+00:00,salomuy,https://salomuy.uz/,200515,Bodomzor,Dream House,Toshkent shahri,Yunusobod tumani,1,49.3,611000000.0,51700.0,13000000.0,1100.0,project_min_or_estimated_from_sqm,live,,,True,ok
2026-08-25T05:00:07+00:00,salomuy,https://salomuy.uz/,200515,Bodomzor,Dream House,Toshkent shahri,Yunusobod tumani,2,64.5,611000000.0,51700.0,13000000.0,1100.0,project_min_or_estimated_from_sqm,live,,,True,ok
2026-08-25T05:00:07+00:00,salomuy,https://salomuy.uz/,200515,Bodomzor,Dream House,Toshkent shahri,Yunusobod tumani,3,90.5,611000000.0,51700.0,13000000.0,1100.0,project_min_or_estimated_from_sqm,live,,,True,ok
2026-08-25T05:00:07+00:00,salomuy,https://salomuy.uz/,200790,Bridge,New Build,Toshkent shahri,Yunusobod tumani,1,44.7,702000000.0,59401.0,13500000.0,1142.0,project_min_or_estimated_from_sqm,live,,,True,ok
2026-08-25T05:00:07+00:00,salomuy,https://salomuy.uz/,200790,Bridge,New Build,Toshkent shahri,Yunusobod tumani,2,72.3,702000000.0,59401.0,13500000.0,1142.0,project_min_or_estimated_from_sqm,live,,,True,ok
2026-08-25T05:00:07+00:00,salomuy,https://salomuy.uz/,203070,Chinobod Avenue,Shohsaroy uylari,Toshkent shahri,Yunusobod tumani,1,29.05,435000000.0,36808.0,15000000.0,1269.0,project_min_or_estimated_from_sqm,live,,,True,ok
2026-08-25T05:00:07+00:00,salomuy,https://salomuy.uz/,203070,Chinobod Avenue,Shohsaroy uylari,Toshkent shahri,Yunusobod tumani,2,53.07,435000000.0,36808.0,15000000.0,1269.0,project_min_or_estimated_from_sqm,live,,,True,ok
2026-08-25T05:00:07+00:00,salomuy,https://salomuy.uz/,203070,Chinobod Avenue,Shohsaroy uylari,Toshkent shahri,Yunusobod tumani,3,62.52,435000000.0,36808.0,15000000.0,1269.0,project_min_or_estimated_from_sqm,live,,,True,ok
2026-08-25T05:00:07+00:00,salomuy,https://salomuy.uz/,203070,Chinobod Avenue,Shohsaroy uylari,Toshkent shahri,Yunusobod tumani,4,98.82,435000000.0,36808.0,15000000.0,1269.0,project_min_or_estimated_from_sqm,live,,,True,ok
2026-08-25T05:00:07+00:00,salomuy,https://salomuy.uz/,202990,DIMADI YUNUSOBOD,LIDER PROF PROEKT,Toshkent shahri,Yunusobod tumani,2,50.0,570000000.0,48231.0,11400000.0,965.0,project_min_or_estimated_from_sqm,live,,,True,ok
2026-08-25T05:00:07+00:00,salomuy,https://salomuy.uz/,202990,DIMADI YUNUSOBOD,LIDER PROF PROEKT,Toshkent shahri,Yunusobod tumani,3,74.0,570000000.0,48231.0,11400000.0,965.0,project_min_or_estimated_from_sqm,live,,,True,ok
2026-08-25T05:00:07+00:00,salomuy,https://salomuy.uz/,201110,Diamond City,Empire State,Toshkent shahri,Yunusobod tumani,1,47.1,634500000.0,53689.0,13500000.0,1142.0,project_min_or_estimated_from_sqm,live,,,True,ok
2026-08-25T05:00:07+00:00,salomuy,https://salomuy.uz/,201110,Diamond City,Empire State,Toshkent shahri,Yunusobod tumani,3,74.5,634500000.0,53689.0,13500000.0,1142.0,project_min_or_estimated_from_sqm,live,,,True,ok
2026-08-25T05:00:07+00:00,salomuy,https://salomuy.uz/,202145,Elbrus Residence,Appenzell Group,Toshkent shahri,Yunusobod tumani,3,98.0,1881600000.0,159214.0,19200000.0,1625.0,project_min_or_estimated_from_sqm,live,,,True,ok
2026-08-25T05:00:07+00:00,salomuy,https://salomuy.uz/,200615,Greenpark Bo'z Suv,Greenpark Development,Toshkent shahri,Yunusobod tumani,1,24.0,384000000.0,32493.0,16000000.0,1354.0,project_min_or_estimated_from_sqm,live,,,True,ok
2026-08-25T05:00:07+00:00,salomuy,https://salomuy.uz/,200615,Greenpark Bo'z Suv,Greenpark Development,Toshkent shahri,Yunusobod tumani,2,49.0,384000000.0,32493.0,16000000.0,1354.0,project_min_or_estimated_from_sqm,live,,,True,ok
2026-08-25T05:00:07+00:00,salomuy,https://salomuy.uz/,201235,High Town City,High Town City,Toshkent shahri,Yunusobod tumani,3,80.83,590400000.0,49957.0,14400000.0,1218.0,project_min_or_estimated_from_sqm,live,,,True,ok
2026-08-25T05:00:07+00:00,salomuy,https://salomuy.uz/,201155,Hills Blue,AYSEL group,Toshkent shahri,Yunusobod tumani,1,31.62,558000000.0,47216.0,18000000.0,1523.0,project_min_or_estimated_from_sqm,live,,,True,ok
2026-08-25T05:00:07+00:00,salomuy,https://salomuy.uz/,201155,Hills Blue,AYSEL group,Toshkent shahri,Yunusobod tumani,2,49.87,558000000.0,47216.0,18000000.0,1523.0,project_min_or_estimated_from_sqm,live,,,True,ok
2026-08-25T05:00:07+00:00,salomuy,https://salomuy.uz/,201155,Hills Blue,AYSEL group,Toshkent shahri,Yunusobod tumani,3,74.32,558000000.0,47216.0,18000000.0,1523.0,project_min_or_estimated_from_sqm,live,,,True,ok
2026-08-25T05:00:07+00:00,salomuy,https://salomuy.uz/,201155,Hills Blue,AYSEL group,Toshkent shahri,Yunusobod tumani,4,99.81,558000000.0,47216.0,18000000.0,1523.0,project_min_or_estimated_from_sqm,live,,,True,ok
2026-08-25T05:00:07+00:00,salomuy,https://salomuy.uz/,201075,Imperial Club City,Newmon Group,Toshkent shahri,Yunusobod tumani,1,29.5,1225000000.0,103655.0,24500000.0,2073.0,project_min_or_estimated_from_sqm,live,,,True,ok
2026-08-25T05:00:07+00:00,salomuy,https://salomuy.uz/,201075,Imperial Club City,Newmon Group,Toshkent shahri,Yunusobod tumani,2,52.0,1225000000.0,103655.0,24500000.0,2073.0,project_min_or_estimated_from_sqm,live,,,True,ok
2026-08-25T05:00:07+00:00,salomuy,https://salomuy.uz/,201075,Imperial Club City,Newmon Group,Toshkent shahri,Yunusobod tumani,3,77.6,1225000000.0,103655.0,24500000.0,2073.0,project_min_or_estimated_from_sqm,live,,,True,ok
2026-08-25T05:00:07+00:00,salomuy,https://salomuy.uz/,202445,MEHRIBON,TXT Group,Toshkent shahri,Yunusobod tumani,1,41.2,705000000.0,59654.0,15000000.0,1269.0,project_min_or_estimated_from_sqm,live,,,True,ok
2026-08-25T05:00:07+00:00,salomuy,https://salomuy.uz/,202445,MEHRIBON,TXT Group,Toshkent shahri,Yunusobod tumani,2,62.7,705000000.0,59654.0,15000000.0,1269.0,project_min_or_estimated_from_sqm,live,,,True,ok
2026-08-25T05:00:07+00:00,salomuy,https://salomuy.uz/,202445,MEHRIBON,TXT Group,Toshkent shahri,Yunusobod tumani,3,86.2,705000000.0,59654.0,15000000.0,1269.0,project_min_or_estimated_from_sqm,live,,,True,ok
2026-08-25T05:00:07+00:00,salomuy,https://salomuy.uz/,201835,Mezbon,Iskander Buildings,Toshkent shahri,Yunusobod tumani,1,34.88,333000000.0,28177.0,9000000.0,762.0,project_min_or_estimated_from_sqm,live,,,True,ok
2026-08-25T05:00:07+00:00,salomuy,https://salomuy.uz/,201835,Mezbon,Iskander Buildings,Toshkent shahri,Yunusobod tumani,2,42.82,333000000.0,28177.0,9000000.0,762.0,project_min_or_estimated_from_sqm,live,,,True,ok
2026-08-25T05:00:07+00:00,salomuy,https://salomuy.uz/,201835,Mezbon,Iskander Buildings,Toshkent shahri,Yunusobod tumani,3,67.19,333000000.0,28177.0,9000000.0,762.0,project_min_or_estimated_from_sqm,live,,,True,ok
2026-08-25T05:00:07+00:00,salomuy,https://salomuy.uz/,200345,Mingchinor,Genus Development,Toshkent shahri,Yunusobod tumani,1,41.9,1300000000.0,110001.0,31831538.0,2693.0,project_min_or_estimated_from_sqm,live,,,True,ok
2026-08-25T05:00:07+00:00,salomuy,https://salomuy.uz/,200345,Mingchinor,Genus Development,Toshkent shahri,Yunusobod tumani,2,48.3,1300000000.0,110001.0,31831538.0,2693.0,project_min_or_estimated_from_sqm,live,,,True,ok
2026-08-25T05:00:07+00:00,salomuy,https://salomuy.uz/,200375,Mingchinor,Millennium House,Toshkent shahri,Yunusobod tumani,3,82.1,807500000.0,68328.0,17000000.0,1438.0,project_min_or_estimated_from_sqm,live,,,True,ok
2026-08-25T05:00:07+00:00,salomuy,https://salomuy.uz/,200345,Mingchinor,Genus Development,Toshkent shahri,Yunusobod tumani,3,77.6,1300000000.0,110001.0,31831538.0,2693.0,project_min_or_estimated_from_sqm,live,,,True,ok
2026-08-25T05:00:07+00:00,salomuy,https://salomuy.uz/,200325,Musaffo,ART House,Toshkent shahri,Yunusobod tumani,1,45.6,540000000.0,45693.0,12000000.0,1015.0,project_min_or_estimated_from_sqm,live,,,True,ok
2026-08-25T05:00:07+00:00,salomuy,https://salomuy.uz/,200325,Musaffo,ART House,Toshkent shahri,Yunusobod tumani,2,66.6,540000000.0,45693.0,12000000.0,1015.0,project_min_or_estimated_from_sqm,live,,,True,ok
2026-08-25T05:00:07+00:00,salomuy,https://salomuy.uz/,200325,Musaffo,ART House,Toshkent shahri,Yunusobod tumani,3,82.0,540000000.0,45693.0,12000000.0,1015.0,project_min_or_estimated_from_sqm,live,,,True,ok
2026-08-25T05:00:07+00:00,salomuy,https://salomuy.uz/,203270,Nasim,Nuramax Group,Toshkent shahri,Yunusobod tumani,1,26.8,,,,,project_min_or_estimated_from_sqm,live,,,True,ok
2026-08-25T05:00:07+00:00,salomuy,https://salomuy.uz/,203270,Nasim,Nuramax Group,Toshkent shahri,Yunusobod tumani,2,45.9,,,,,project_min_or_estimated_from_sqm,live,,,True,ok
2026-08-25T05:00:07+00:00,salomuy,https://salomuy.uz/,201905,New Chinabad,Euro House,Toshkent shahri,Yunusobod tumani,0,31.84,509440000.0,43107.0,16000000.0,1354.0,project_min_or_estimated_from_sqm,live,,,True,ok
2026-08-25T05:00:07+00:00,salomuy,https://salomuy.uz/,201905,New Chinabad,Euro House,Toshkent shahri,Yunusobod tumani,1,46.26,509440000.0,43107.0,16000000.0,1354.0,project_min_or_estimated_from_sqm,live,,,True,ok
2026-08-25T05:00:07+00:00,salomuy,https://salomuy.uz/,201905,New Chinabad,Euro House,Toshkent shahri,Yunusobod tumani,2,58.21,509440000.0,43107.0,16000000.0,1354.0,project_min_or_estimated_from_sqm,live,,,True,ok
2026-08-25T05:00:07+00:00,salomuy,https://salomuy.uz/,200220,Nur,Namuna Development,Toshkent shahri,Yunusobod tumani,1,61.56,874000000.0,73955.0,23000000.0,1946.0,project_min_or_estimated_from_sqm,live,,,True,ok
2026-08-25T05:00:07+00:00,salomuy,https://salomuy.uz/,200220,Nur,Namuna Development,Toshkent shahri,Yunusobod tumani,2,52.01,874000000.0,73955.0,23000000.0,1946.0,project_min_or_estimated_from_sqm,live,,,True,ok
2026-08-25T05:00:07+00:00,salomuy,https://salomuy.uz/,200220,Nur,Namuna Development,Toshkent shahri,Yunusobod tumani,3,92.65,874000000.0,73955.0,23000000.0,1946.0,project_min_or_estimated_from_sqm,live,,,True,ok
2026-08-25T05:00:07+00:00,salomuy,https://salomuy.uz/,200320,Trinity,B.invest Development,Toshkent shahri,Yunusobod tumani,1,40.55,513000000.0,43408.0,13500000.0,1142.0,project_min_or_estimated_from_sqm,live,,,True,ok
2026-08-25T05:00:07+00:00,salomuy,https://salomuy.uz/,200320,Trinity,B.invest Development,Toshkent shahri,Yunusobod tumani,2,52.7,513000000.0,43408.0,13500000.0,1142.0,project_min_or_estimated_from_sqm,live,,,True,ok
2026-08-25T05:00:07+00:00,salomuy,https://salomuy.uz/,200320,Trinity,B.invest Development,Toshkent shahri,Yunusobod tumani,3,80.3,513000000.0,43408.0,13500000.0,1142.0,project_min_or_estimated_from_sqm,live,,,True,ok
2026-08-25T05:00:07+00:00,salomuy,https://salomuy.uz/,201160,Venetsiya,Venetsiya,Toshkent shahri,Yunusobod tumani,1,37.0,610500000.0,51658.0,16500000.0,1396.0,project_min_or_estimated_from_sqm,live,,,True,ok
2026-08-25T05:00:07+00:00,salomuy,https://salomuy.uz/,201160,Venetsiya,Venetsiya,Toshkent shahri,Yunusobod tumani,2,59.0,610500000.0,51658.0,16500000.0,1396.0,project_min_or_estimated_from_sqm,live,,,True,ok
2026-08-25T05:00:07+00:00,salomuy,https://salomuy.uz/,201160,Venetsiya,Venetsiya,Toshkent shahri,Yunusobod tumani,3,94.5,610500000.0,51658.0,16500000.0,1396.0,project_min_or_estimated_from_sqm,live,,,True,ok
2026-08-25T05:00:07+00:00,salomuy,https://salomuy.uz/,201160,Venetsiya,Venetsiya,Toshkent shahri,Yunusobod tumani,4,123.0,610500000.0,51658.0,16500000.0,1396.0,project_min_or_estimated_from_sqm,live,,,True,ok
2026-08-25T05:00:07+00:00,salomuy,https://salomuy.uz/,203240,White House,Business Tower,Toshkent shahri,Yunusobod tumani,1,36.7,,,,,project_min_or_estimated_from_sqm,live,,,True,ok
2026-08-25T05:00:07+00:00,salomuy,https://salomuy.uz/,203240,White House,Business Tower,Toshkent shahri,Yunusobod tumani,2,48.9,,,,,project_min_or_estimated_from_sqm,live,,,True,ok
2026-08-25T05:00:07+00:00,salomuy,https://salomuy.uz/,203240,White House,Business Tower,Toshkent shahri,Yunusobod tumani,3,94.5,,,,,project_min_or_estimated_from_sqm,live,,,True,ok
2026-08-25T05:00:07+00:00,salomuy,https://salomuy.uz/,201100,Wonderful City,Wonderful City,Toshkent shahri,Yunusobod tumani,1,43.68,514800000.0,43560.0,13200000.0,1117.0,project_min_or_estimated_from_sqm,live,,,True,ok
2026-08-25T05:00:07+00:00,salomuy,https://salomuy.uz/,201100,Wonderful City,Wonderful City,Toshkent shahri,Yunusobod tumani,2,51.01,514800000.0,43560.0,13200000.0,1117.0,project_min_or_estimated_from_sqm,live,,,True,ok
2026-08-25T05:00:07+00:00,salomuy,https://salomuy.uz/,201100,Wonderful City,Wonderful City,Toshkent shahri,Yunusobod tumani,3,88.19,514800000.0,43560.0,13200000.0,1117.0,project_min_or_estimated_from_sqm,live,,,True,ok
2026-08-25T05:00:07+00:00,salomuy,https://salomuy.uz/,201100,Wonderful City,Wonderful City,Toshkent shahri,Yunusobod tumani,4,117.47,514800000.0,43560.0,13200000.0,1117.0,project_min_or_estimated_from_sqm,live,,,True,ok
2026-08-25T05:00:07+00:00,salomuy,https://salomuy.uz/,200380,Zenit,PREMIER HOUSE DEVELOPMENT,Toshkent shahri,Yunusobod tumani,1,25.73,312500000.0,26443.0,12500000.0,1058.0,project_min_or_estimated_from_sqm,live,,,True,ok
2026-08-25T05:00:07+00:00,salomuy,https://salomuy.uz/,200380,Zenit,PREMIER HOUSE DEVELOPMENT,Toshkent shahri,Yunusobod tumani,2,37.93,312500000.0,26443.0,12500000.0,1058.0,project_min_or_estimated_from_sqm,live,,,True,ok
2026-08-25T05:00:07+00:00,salomuy,https://salomuy.uz/,200380,Zenit,PREMIER HOUSE DEVELOPMENT,Toshkent shahri,Yunusobod tumani,3,74.86,312500000.0,26443.0,12500000.0,1058.0,project_min_or_estimated_from_sqm,live,,,True,ok
2026-08-25T05:00:07+00:00,salomuy,https://salomuy.uz/,200380,Zenit,PREMIER HOUSE DEVELOPMENT,Toshkent shahri,Yunusobod tumani,4,92.52,312500000.0,26443.0,12500000.0,1058.0,project_min_or_estimated_from_sqm,live,,,True,ok
2026-08-25T05:00:07+00:00,salomuy,https://salomuy.uz/,200100,Zo'rsan,Xon Saroy,Toshkent shahri,Yunusobod tumani,1,36.4,462000000.0,39093.0,14000000.0,1185.0,project_min_or_estimated_from_sqm,live,,,True,ok
2026-08-25T05:00:07+00:00,salomuy,https://salomuy.uz/,200100,Zo'rsan,Xon Saroy,Toshkent shahri,Yunusobod tumani,2,42.8,462000000.0,39093.0,14000000.0,1185.0,project_min_or_estimated_from_sqm,live,,,True,ok
2026-08-25T05:00:07+00:00,salomuy,https://salomuy.uz/,200100,Zo'rsan,Xon Saroy,Toshkent shahri,Yunusobod tumani,3,63.1,462000000.0,39093.0,14000000.0,1185.0,project_min_or_estimated_from_sqm,live,,,True,ok
2026-08-25T05:00:07+00:00,salomuy,https://salomuy.uz/,201945,TURON,TXT Group,Toshkent viloyati,Bekobod shahri,1,58.65,300000000.0,25385.0,6000000.0,508.0,project_min_or_estimated_from_sqm,live,,,True,ok
2026-08-25T05:00:07+00:00,salomuy,https://salomuy.uz/,201945,TURON,TXT Group,Toshkent viloyati,Bekobod shahri,2,59.8,300000000.0,25385.0,6000000.0,508.0,project_min_or_estimated_from_sqm,live,,,True,ok
2026-08-25T05:00:07+00:00,salomuy,https://salomuy.uz/,201945,TURON,TXT Group,Toshkent viloyati,Bekobod shahri,3,77.2,300000000.0,25385.0,6000000.0,508.0,project_min_or_estimated_from_sqm,live,,,True,ok
2026-08-25T05:00:07+00:00,salomuy,https://salomuy.uz/,203185,Hamkor Chorvoq,Hamkor Chorvoq,Toshkent viloyati,Bo'stonliq tumani,1,32.59,450372000.0,38109.0,7800000.0,660.0,project_min_or_estimated_from_sqm,live,,,True,ok
2026-08-25T05:00:07+00:00,salomuy,https://salomuy.uz/,203185,Hamkor Chorvoq,Hamkor Chorvoq,Toshkent viloyati,Bo'stonliq tumani,2,56.32,450372000.0,38109.0,7800000.0,660.0,project_min_or_estimated_from_sqm,live,,,True,ok
2026-08-25T05:00:07+00:00,salomuy,https://salomuy.uz/,203185,Hamkor Chorvoq,Hamkor Chorvoq,Toshkent viloyati,Bo'stonliq tumani,3,67.59,450372000.0,38109.0,7800000.0,660.0,project_min_or_estimated_from_sqm,live,,,True,ok
2026-08-25T05:00:07+00:00,salomuy,https://salomuy.uz/,202955,INTERESTING CITY,INTERESTING CITY,Toshkent viloyati,Bo'stonliq tumani,1,37.0,178200000.0,15079.0,5500000.0,465.0,project_min_or_estimated_from_sqm,live,,,True,ok
2026-08-25T05:00:07+00:00,salomuy,https://salomuy.uz/,202955,INTERESTING CITY,INTERESTING CITY,Toshkent viloyati,Bo'stonliq tumani,2,44.5,178200000.0,15079.0,5500000.0,465.0,project_min_or_estimated_from_sqm,live,,,True,ok
2026-08-25T05:00:07+00:00,salomuy,https://salomuy.uz/,202955,INTERESTING CITY,INTERESTING CITY,Toshkent viloyati,Bo'stonliq tumani,3,81.0,178200000.0,15079.0,5500000.0,465.0,project_min_or_estimated_from_sqm,live,,,True,ok
2026-08-25T05:00:07+00:00,salomuy,https://salomuy.uz/,202925,Oqtosh Avenue,Oqtosh Avenue,Toshkent viloyati,Bo'stonliq tumani,1,33.2,805000000.0,68116.0,23000000.0,1946.0,project_min_or_estimated_from_sqm,live,,,True,ok
2026-08-25T05:00:07+00:00,salomuy,https://salomuy.uz/,202925,Oqtosh Avenue,Oqtosh Avenue,Toshkent viloyati,Bo'stonliq tumani,2,41.6,805000000.0,68116.0,23000000.0,1946.0,project_min_or_estimated_from_sqm,live,,,True,ok
2026-08-25T05:00:07+00:00,salomuy,https://salomuy.uz/,202925,Oqtosh Avenue,Oqtosh Avenue,Toshkent viloyati,Bo'stonliq tumani,3,57.6,805000000.0,68116.0,23000000.0,1946.0,project_min_or_estimated_from_sqm,live,,,True,ok
2026-08-25T05:00:07+00:00,salomuy,https://salomuy.uz/,202925,Oqtosh Avenue,Oqtosh Avenue,Toshkent viloyati,Bo'stonliq tumani,4,96.8,805000000.0,68116.0,23000000.0,1946.0,project_min_or_estimated_from_sqm,live,,,True,ok
2026-08-25T05:00:07+00:00,salomuy,https://salomuy.uz/,200990,Orifon,TXT Group,Toshkent viloyati,Bo'stonliq tumani,1,45.0,331500000.0,28050.0,8500000.0,719.0,project_min_or_estimated_from_sqm,live,,,True,ok
2026-08-25T05:00:07+00:00,salomuy,https://salomuy.uz/,200990,Orifon,TXT Group,Toshkent viloyati,Bo'stonliq tumani,3,105.0,331500000.0,28050.0,8500000.0,719.0,project_min_or_estimated_from_sqm,live,,,True,ok
2026-08-25T05:00:07+00:00,salomuy,https://salomuy.uz/,201930,Bahor,ISM Construction,Toshkent viloyati,Chirchiq shahri,1,42.92,234600000.0,19851.0,6900000.0,584.0,project_min_or_estimated_from_sqm,live,,,True,ok
2026-08-25T05:00:07+00:00,salomuy,https://salomuy.uz/,202265,CHIRCHIQ TOWERS,MERAS BUILDINGS,Toshkent viloyati,Chirchiq shahri,1,29.6,,,,,project_min_or_estimated_from_sqm,live,,,True,ok
2026-08-25T05:00:07+00:00,salomuy,https://salomuy.uz/,202265,CHIRCHIQ TOWERS,MERAS BUILDINGS,Toshkent viloyati,Chirchiq shahri,2,48.8,,,,,project_min_or_estimated_from_sqm,live,,,True,ok
2026-08-25T05:00:07+00:00,salomuy,https://salomuy.uz/,202540,New House Union,New House,Toshkent viloyati,Chirchiq shahri,1,44.66,528000000.0,44677.0,12000000.0,1015.0,project_min_or_estimated_from_sqm,live,,,True,ok
2026-08-25T05:00:07+00:00,salomuy,https://salomuy.uz/,202540,New House Union,New House,Toshkent viloyati,Chirchiq shahri,2,62.66,528000000.0,44677.0,12000000.0,1015.0,project_min_or_estimated_from_sqm,live,,,True,ok
2026-08-25T05:00:07+00:00,salomuy,https://salomuy.uz/,202980,YANGI CHIRCHIQ,YANGI CHIRCHIQ,Toshkent viloyati,Chirchiq shahri,1,31.8,192000000.0,16246.0,6000000.0,508.0,project_min_or_estimated_from_sqm,live,,,True,ok
2026-08-25T05:00:07+00:00,salomuy,https://salomuy.uz/,202980,YANGI CHIRCHIQ,YANGI CHIRCHIQ,Toshkent viloyati,Chirchiq shahri,2,42.9,192000000.0,16246.0,6000000.0,508.0,project_min_or_estimated_from_sqm,live,,,True,ok
2026-08-25T05:00:07+00:00,salomuy,https://salomuy.uz/,202980,YANGI CHIRCHIQ,YANGI CHIRCHIQ,Toshkent viloyati,Chirchiq shahri,3,70.4,192000000.0,16246.0,6000000.0,508.0,project_min_or_estimated_from_sqm,live,,,True,ok
2026-08-25T05:00:07+00:00,salomuy,https://salomuy.uz/,202290,YULDUZ premium,ISM Construction,Toshkent viloyati,Chirchiq shahri,1,35.77,276500000.0,23396.0,7900000.0,668.0,project_min_or_estimated_from_sqm,live,,,True,ok
2026-08-25T05:00:07+00:00,salomuy,https://salomuy.uz/,201935,РАССВЕТ,ISM Construction,Toshkent viloyati,Chirchiq shahri,1,40.8,300000000.0,25385.0,7500000.0,635.0,project_min_or_estimated_from_sqm,live,,,True,ok
2026-08-25T05:00:07+00:00,salomuy,https://salomuy.uz/,201350,Tang Saroy,Zhong Tuo,Toshkent viloyati,Nurafshon shahri,2,45.14,273000000.0,23100.0,7000000.0,592.0,project_min_or_estimated_from_sqm,live,,,True,ok
2026-08-25T05:00:07+00:00,salomuy,https://salomuy.uz/,202560,Royal House,Alter Business,Toshkent viloyati,Olmaliq shahri,1,33.0,260700000.0,22059.0,7900000.0,668.0,project_min_or_estimated_from_sqm,live,,,True,ok
2026-08-25T05:00:07+00:00,salomuy,https://salomuy.uz/,202560,Royal House,Alter Business,Toshkent viloyati,Olmaliq shahri,2,66.0,260700000.0,22059.0,7900000.0,668.0,project_min_or_estimated_from_sqm,live,,,True,ok
2026-08-25T05:00:07+00:00,salomuy,https://salomuy.uz/,200695,Do'rmon Saroyi,Kushon Building,Toshkent viloyati,Qibray tumani,1,37.8,363000000.0,30716.0,11000000.0,931.0,project_min_or_estimated_from_sqm,live,,,True,ok
2026-08-25T05:00:07+00:00,salomuy,https://salomuy.uz/,200695,Do'rmon Saroyi,Kushon Building,Toshkent viloyati,Qibray tumani,2,43.4,363000000.0,30716.0,11000000.0,931.0,project_min_or_estimated_from_sqm,live,,,True,ok
2026-08-25T05:00:07+00:00,salomuy,https://salomuy.uz/,200695,Do'rmon Saroyi,Kushon Building,Toshkent viloyati,Qibray tumani,3,97.5,363000000.0,30716.0,11000000.0,931.0,project_min_or_estimated_from_sqm,live,,,True,ok
2026-08-25T05:00:07+00:00,salomuy,https://salomuy.uz/,203190,Kislorod Park,SOHA GROUP,Toshkent viloyati,Qibray tumani,0,30.0,336000000.0,28431.0,11200000.0,948.0,project_min_or_estimated_from_sqm,live,,,True,ok
2026-08-25T05:00:07+00:00,salomuy,https://salomuy.uz/,203190,Kislorod Park,SOHA GROUP,Toshkent viloyati,Qibray tumani,1,35.0,336000000.0,28431.0,11200000.0,948.0,project_min_or_estimated_from_sqm,live,,,True,ok
2026-08-25T05:00:07+00:00,salomuy,https://salomuy.uz/,203190,Kislorod Park,SOHA GROUP,Toshkent viloyati,Qibray tumani,2,44.0,336000000.0,28431.0,11200000.0,948.0,project_min_or_estimated_from_sqm,live,,,True,ok
2026-08-25T05:00:07+00:00,salomuy,https://salomuy.uz/,200935,Sabzavot City,Muhtasham Qurilish,Toshkent viloyati,Qibray tumani,1,30.6,390000000.0,33000.0,13000000.0,1100.0,project_min_or_estimated_from_sqm,live,,,True,ok
2026-08-25T05:00:07+00:00,salomuy,https://salomuy.uz/,200935,Sabzavot City,Muhtasham Qurilish,Toshkent viloyati,Qibray tumani,2,44.71,390000000.0,33000.0,13000000.0,1100.0,project_min_or_estimated_from_sqm,live,,,True,ok
2026-08-25T05:00:07+00:00,salomuy,https://salomuy.uz/,200935,Sabzavot City,Muhtasham Qurilish,Toshkent viloyati,Qibray tumani,3,72.24,390000000.0,33000.0,13000000.0,1100.0,project_min_or_estimated_from_sqm,live,,,True,ok
2026-08-25T05:00:07+00:00,salomuy,https://salomuy.uz/,201995,EKO PARK,Imarat Development,Toshkent viloyati,Quyi Chirchiq tumani,1,26.62,160000000.0,13539.0,8000000.0,677.0,project_min_or_estimated_from_sqm,live,,,True,ok
2026-08-25T05:00:07+00:00,salomuy,https://salomuy.uz/,201995,EKO PARK,Imarat Development,Toshkent viloyati,Quyi Chirchiq tumani,2,50.6,160000000.0,13539.0,8000000.0,677.0,project_min_or_estimated_from_sqm,live,,,True,ok
2026-08-25T05:00:07+00:00,salomuy,https://salomuy.uz/,200620,Sergeli City,Imarat Development,Toshkent viloyati,Quyi Chirchiq tumani,1,22.0,180000000.0,15231.0,9000000.0,762.0,project_min_or_estimated_from_sqm,live,,,True,ok
2026-08-25T05:00:07+00:00,salomuy,https://salomuy.uz/,200620,Sergeli City,Imarat Development,Toshkent viloyati,Quyi Chirchiq tumani,2,52.7,180000000.0,15231.0,9000000.0,762.0,project_min_or_estimated_from_sqm,live,,,True,ok
2026-08-25T05:00:07+00:00,salomuy,https://salomuy.uz/,200620,Sergeli City,Imarat Development,Toshkent viloyati,Quyi Chirchiq tumani,3,68.23,180000000.0,15231.0,9000000.0,762.0,project_min_or_estimated_from_sqm,live,,,True,ok
2026-08-25T05:00:07+00:00,salomuy,https://salomuy.uz/,203155,Baland Residence,MAX DREAM BUILD,Toshkent viloyati,Toshkent tumani,1,42.6,408360000.0,34554.0,9960000.0,843.0,project_min_or_estimated_from_sqm,live,,,True,ok
2026-08-25T05:00:07+00:00,salomuy,https://salomuy.uz/,203155,Baland Residence,MAX DREAM BUILD,Toshkent viloyati,Toshkent tumani,2,41.2,408360000.0,34554.0,9960000.0,843.0,project_min_or_estimated_from_sqm,live,,,True,ok
2026-08-25T05:00:07+00:00,salomuy,https://salomuy.uz/,203155,Baland Residence,MAX DREAM BUILD,Toshkent viloyati,Toshkent tumani,3,79.8,408360000.0,34554.0,9960000.0,843.0,project_min_or_estimated_from_sqm,live,,,True,ok
2026-08-25T05:00:07+00:00,salomuy,https://salomuy.uz/,203155,Baland Residence,MAX DREAM BUILD,Toshkent viloyati,Toshkent tumani,4,84.8,408360000.0,34554.0,9960000.0,843.0,project_min_or_estimated_from_sqm,live,,,True,ok
2026-08-25T05:00:07+00:00,salomuy,https://salomuy.uz/,202380,Islomobod,TXT Group,Toshkent viloyati,Toshkent tumani,1,46.6,483000000.0,40870.0,10500000.0,888.0,project_min_or_estimated_from_sqm,live,,,True,ok
2026-08-25T05:00:07+00:00,salomuy,https://salomuy.uz/,202380,Islomobod,TXT Group,Toshkent viloyati,Toshkent tumani,2,64.85,483000000.0,40870.0,10500000.0,888.0,project_min_or_estimated_from_sqm,live,,,True,ok
2026-08-25T05:00:07+00:00,salomuy,https://salomuy.uz/,202380,Islomobod,TXT Group,Toshkent viloyati,Toshkent tumani,3,86.6,483000000.0,40870.0,10500000.0,888.0,project_min_or_estimated_from_sqm,live,,,True,ok
2026-08-25T05:00:07+00:00,salomuy,https://salomuy.uz/,202525,Keles,Dior Mega Tower,Toshkent viloyati,Toshkent tumani,2,58.8,450000000.0,38077.0,10000000.0,846.0,project_min_or_estimated_from_sqm,live,,,True,ok
2026-08-25T05:00:07+00:00,salomuy,https://salomuy.uz/,202525,Keles,Dior Mega Tower,Toshkent viloyati,Toshkent tumani,3,62.1,450000000.0,38077.0,10000000.0,846.0,project_min_or_estimated_from_sqm,live,,,True,ok
2026-08-25T05:00:07+00:00,salomuy,https://salomuy.uz/,202895,O'rmon Saroyi,VATAN Qurilish Kompaniyasi,Toshkent viloyati,Toshkent tumani,1,19.0,325500000.0,27543.0,10850000.0,918.0,project_min_or_estimated_from_sqm,live,,,True,ok
2026-08-25T05:00:07+00:00,salomuy,https://salomuy.uz/,202895,O'rmon Saroyi,VATAN Qurilish Kompaniyasi,Toshkent viloyati,Toshkent tumani,2,63.1,325500000.0,27543.0,10850000.0,918.0,project_min_or_estimated_from_sqm,live,,,True,ok
2026-08-25T05:00:07+00:00,salomuy,https://salomuy.uz/,202895,O'rmon Saroyi,VATAN Qurilish Kompaniyasi,Toshkent viloyati,Toshkent tumani,3,75.9,325500000.0,27543.0,10850000.0,918.0,project_min_or_estimated_from_sqm,live,,,True,ok
2026-08-25T05:00:07+00:00,salomuy,https://salomuy.uz/,200850,Obod,Munisal Omad,Toshkent viloyati,Toshkent tumani,1,35.6,275544000.0,23315.0,7740000.0,655.0,project_min_or_estimated_from_sqm,live,,,True,ok
2026-08-25T05:00:07+00:00,salomuy,https://salomuy.uz/,200850,Obod,Munisal Omad,Toshkent viloyati,Toshkent tumani,2,45.8,275544000.0,23315.0,7740000.0,655.0,project_min_or_estimated_from_sqm,live,,,True,ok
2026-08-25T05:00:07+00:00,salomuy,https://salomuy.uz/,200850,Obod,Munisal Omad,Toshkent viloyati,Toshkent tumani,3,77.9,275544000.0,23315.0,7740000.0,655.0,project_min_or_estimated_from_sqm,live,,,True,ok
2026-08-25T05:00:07+00:00,salomuy,https://salomuy.uz/,200150,Turkiston Avenue,Turkiston,Toshkent viloyati,Toshkent tumani,1,37.2,292900000.0,24784.0,10100000.0,855.0,project_min_or_estimated_from_sqm,live,,,True,ok
2026-08-25T05:00:07+00:00,salomuy,https://salomuy.uz/,200150,Turkiston Avenue,Turkiston,Toshkent viloyati,Toshkent tumani,2,49.4,292900000.0,24784.0,10100000.0,855.0,project_min_or_estimated_from_sqm,live,,,True,ok
2026-08-25T05:00:07+00:00,salomuy,https://salomuy.uz/,200150,Turkiston Avenue,Turkiston,Toshkent viloyati,Toshkent tumani,3,88.4,292900000.0,24784.0,10100000.0,855.0,project_min_or_estimated_from_sqm,live,,,True,ok
2026-08-25T05:00:07+00:00,salomuy,https://salomuy.uz/,201780,Yangi Sokin Hayot,Mezana Development,Toshkent viloyati,Toshkent tumani,1,30.4,342000000.0,28939.0,9000000.0,762.0,project_min_or_estimated_from_sqm,live,,,True,ok
2026-08-25T05:00:07+00:00,salomuy,https://salomuy.uz/,201780,Yangi Sokin Hayot,Mezana Development,Toshkent viloyati,Toshkent tumani,2,66.9,342000000.0,28939.0,9000000.0,762.0,project_min_or_estimated_from_sqm,live,,,True,ok
2026-08-25T05:00:07+00:00,salomuy,https://salomuy.uz/,202760,Kompakt House,CHINOR GROUP DEVELOPMENT,Toshkent viloyati,Yangiyo'l shahri,2,51.64,390000000.0,33000.0,7500000.0,635.0,project_min_or_estimated_from_sqm,live,,,True,ok
2026-08-25T05:00:07+00:00,salomuy,https://salomuy.uz/,202760,Kompakt House,CHINOR GROUP DEVELOPMENT,Toshkent viloyati,Yangiyo'l shahri,3,78.29,390000000.0,33000.0,7500000.0,635.0,project_min_or_estimated_from_sqm,live,,,True,ok
2026-08-25T05:00:07+00:00,salomuy,https://salomuy.uz/,203120,Markaz Yangi Toshkent,Markaz Group,Toshkent viloyati,Yuqorichirchiq tumani,1,25.7,277560000.0,23486.0,10800000.0,914.0,project_min_or_estimated_from_sqm,live,,,True,ok
2026-08-25T05:00:07+00:00,salomuy,https://salomuy.uz/,203120,Markaz Yangi Toshkent,Markaz Group,Toshkent viloyati,Yuqorichirchiq tumani,2,45.8,277560000.0,23486.0,10800000.0,914.0,project_min_or_estimated_from_sqm,live,,,True,ok
2026-08-25T05:00:07+00:00,salomuy,https://salomuy.uz/,203120,Markaz Yangi Toshkent,Markaz Group,Toshkent viloyati,Yuqorichirchiq tumani,3,95.6,277560000.0,23486.0,10800000.0,914.0,project_min_or_estimated_from_sqm,live,,,True,ok
2026-08-25T05:00:07+00:00,salomuy,https://salomuy.uz/,203120,Markaz Yangi Toshkent,Markaz Group,Toshkent viloyati,Yuqorichirchiq tumani,4,127.0,277560000.0,23486.0,10800000.0,914.0,project_min_or_estimated_from_sqm,live,,,True,ok
2026-08-25T05:00:07+00:00,salomuy,https://salomuy.uz/,203120,Markaz Yangi Toshkent,Markaz Group,Toshkent viloyati,Yuqorichirchiq tumani,5,190.0,277560000.0,23486.0,10800000.0,914.0,project_min_or_estimated_from_sqm,live,,,True,ok
2026-08-25T05:00:07+00:00,salomuy,https://salomuy.uz/,202995,Niagara Residence,Alfaruq,Toshkent viloyati,Yuqorichirchiq tumani,1,41.3,476000000.0,40277.0,13600000.0,1151.0,project_min_or_estimated_from_sqm,live,,,True,ok
2026-08-25T05:00:07+00:00,salomuy,https://salomuy.uz/,202995,Niagara Residence,Alfaruq,Toshkent viloyati,Yuqorichirchiq tumani,2,39.8,476000000.0,40277.0,13600000.0,1151.0,project_min_or_estimated_from_sqm,live,,,True,ok
2026-08-25T05:00:07+00:00,salomuy,https://salomuy.uz/,202995,Niagara Residence,Alfaruq,Toshkent viloyati,Yuqorichirchiq tumani,3,74.5,476000000.0,40277.0,13600000.0,1151.0,project_min_or_estimated_from_sqm,live,,,True,ok
2026-08-25T05:00:07+00:00,salomuy,https://salomuy.uz/,202500,YANGI BOZOR RESIDENCE,BOBUR SHAHZODA CITY,Toshkent viloyati,Yuqorichirchiq tumani,1,42.65,373800000.0,31630.0,8900000.0,753.0,project_min_or_estimated_from_sqm,live,,,True,ok
2026-08-25T05:00:07+00:00,salomuy,https://salomuy.uz/,202500,YANGI BOZOR RESIDENCE,BOBUR SHAHZODA CITY,Toshkent viloyati,Yuqorichirchiq tumani,2,64.24,373800000.0,31630.0,8900000.0,753.0,project_min_or_estimated_from_sqm,live,,,True,ok
2026-08-25T05:00:07+00:00,salomuy,https://salomuy.uz/,201015,Al-Qasr,Euro House,Toshkent viloyati,Zangiota tumani,1,40.15,421290000.0,35648.0,9300000.0,787.0,project_min_or_estimated_from_sqm,live,,,True,ok
2026-08-25T05:00:07+00:00,salomuy,https://salomuy.uz/,201015,Al-Qasr,Euro House,Toshkent viloyati,Zangiota tumani,2,49.86,421290000.0,35648.0,9300000.0,787.0,project_min_or_estimated_from_sqm,live,,,True,ok
2026-08-25T05:00:07+00:00,salomuy,https://salomuy.uz/,201335,Alfa City,Alfa City,Toshkent viloyati,Zangiota tumani,1,29.4,275000000.0,23269.0,12500000.0,1058.0,project_min_or_estimated_from_sqm,live,,,True,ok
2026-08-25T05:00:07+00:00,salomuy,https://salomuy.uz/,201335,Alfa City,Alfa City,Toshkent viloyati,Zangiota tumani,2,47.48,275000000.0,23269.0,12500000.0,1058.0,project_min_or_estimated_from_sqm,live,,,True,ok
2026-08-25T05:00:07+00:00,salomuy,https://salomuy.uz/,201335,Alfa City,Alfa City,Toshkent viloyati,Zangiota tumani,3,87.27,275000000.0,23269.0,12500000.0,1058.0,project_min_or_estimated_from_sqm,live,,,True,ok
2026-08-25T05:00:07+00:00,salomuy,https://salomuy.uz/,201700,Davr Residence,Binar Group,Toshkent viloyati,Zangiota tumani,1,49.8,,,,,project_min_or_estimated_from_sqm,live,,,True,ok
2026-08-25T05:00:07+00:00,salomuy,https://salomuy.uz/,201700,Davr Residence,Binar Group,Toshkent viloyati,Zangiota tumani,2,53.7,,,,,project_min_or_estimated_from_sqm,live,,,True,ok
2026-08-25T05:00:07+00:00,salomuy,https://salomuy.uz/,201700,Davr Residence,Binar Group,Toshkent viloyati,Zangiota tumani,3,72.5,,,,,project_min_or_estimated_from_sqm,live,,,True,ok
2026-08-25T05:00:07+00:00,salomuy,https://salomuy.uz/,200255,Fayz,Richeville,Toshkent viloyati,Zangiota tumani,2,61.5,432000000.0,36554.0,9600000.0,812.0,project_min_or_estimated_from_sqm,live,,,True,ok
2026-08-25T05:00:07+00:00,salomuy,https://salomuy.uz/,200315,Florya Residence,Glorious Building,Toshkent viloyati,Zangiota tumani,1,36.5,284700000.0,24090.0,7800000.0,660.0,project_min_or_estimated_from_sqm,live,,,True,ok
2026-08-25T05:00:07+00:00,salomuy,https://salomuy.uz/,200315,Florya Residence,Glorious Building,Toshkent viloyati,Zangiota tumani,2,50.0,284700000.0,24090.0,7800000.0,660.0,project_min_or_estimated_from_sqm,live,,,True,ok
2026-08-25T05:00:07+00:00,salomuy,https://salomuy.uz/,200315,Florya Residence,Glorious Building,Toshkent viloyati,Zangiota tumani,3,65.0,284700000.0,24090.0,7800000.0,660.0,project_min_or_estimated_from_sqm,live,,,True,ok
2026-08-25T05:00:07+00:00,salomuy,https://salomuy.uz/,200315,Florya Residence,Glorious Building,Toshkent viloyati,Zangiota tumani,4,120.0,284700000.0,24090.0,7800000.0,660.0,project_min_or_estimated_from_sqm,live,,,True,ok
2026-08-25T05:00:07+00:00,salomuy,https://salomuy.uz/,202415,Makon Residence,Makon Residence,Toshkent viloyati,Zangiota tumani,1,24.0,243000000.0,20562.0,9000000.0,762.0,project_min_or_estimated_from_sqm,live,,,True,ok
2026-08-25T05:00:07+00:00,salomuy,https://salomuy.uz/,202415,Makon Residence,Makon Residence,Toshkent viloyati,Zangiota tumani,2,42.7,243000000.0,20562.0,9000000.0,762.0,project_min_or_estimated_from_sqm,live,,,True,ok
2026-08-25T05:00:07+00:00,salomuy,https://salomuy.uz/,202415,Makon Residence,Makon Residence,Toshkent viloyati,Zangiota tumani,3,49.6,243000000.0,20562.0,9000000.0,762.0,project_min_or_estimated_from_sqm,live,,,True,ok
2026-08-25T05:00:07+00:00,salomuy,https://salomuy.uz/,201010,Nur Baraka,Nur Baraka,Toshkent viloyati,Zangiota tumani,2,61.2,360000000.0,30462.0,9000000.0,762.0,project_min_or_estimated_from_sqm,live,,,True,ok
2026-08-25T05:00:07+00:00,salomuy,https://salomuy.uz/,201010,Nur Baraka,Nur Baraka,Toshkent viloyati,Zangiota tumani,3,76.3,360000000.0,30462.0,9000000.0,762.0,project_min_or_estimated_from_sqm,live,,,True,ok
2026-08-25T05:00:07+00:00,salomuy,https://salomuy.uz/,203305,Vooha Residence,Xon Saroy,Toshkent viloyati,Zangiota tumani,1,27.1,242000000.0,20477.0,11000000.0,931.0,project_min_or_estimated_from_sqm,live,,,True,ok
2026-08-25T05:00:07+00:00,salomuy,https://salomuy.uz/,203305,Vooha Residence,Xon Saroy,Toshkent viloyati,Zangiota tumani,2,37.5,242000000.0,20477.0,11000000.0,931.0,project_min_or_estimated_from_sqm,live,,,True,ok
2026-08-25T05:00:07+00:00,salomuy,https://salomuy.uz/,203305,Vooha Residence,Xon Saroy,Toshkent viloyati,Zangiota tumani,3,67.2,242000000.0,20477.0,11000000.0,931.0,project_min_or_estimated_from_sqm,live,,,True,ok
2026-08-25T05:00:07+00:00,salomuy,https://salomuy.uz/,201895,YANGI AVLOD,Euro House,Toshkent viloyati,Zangiota tumani,1,45.3,421290000.0,35648.0,9300000.0,787.0,project_min_or_estimated_from_sqm,live,,,True,ok
2026-08-25T05:00:07+00:00,salomuy,https://salomuy.uz/,201895,YANGI AVLOD,Euro House,Toshkent viloyati,Zangiota tumani,2,77.0,421290000.0,35648.0,9300000.0,787.0,project_min_or_estimated_from_sqm,live,,,True,ok
2026-08-25T05:00:07+00:00,salomuy,https://salomuy.uz/,201895,YANGI AVLOD,Euro House,Toshkent viloyati,Zangiota tumani,3,89.5,421290000.0,35648.0,9300000.0,787.0,project_min_or_estimated_from_sqm,live,,,True,ok
2026-08-25T05:00:07+00:00,salomuy,https://salomuy.uz/,200335,Yangi Eshonguzar,Genus Development,Toshkent viloyati,Zangiota tumani,1,47.5,366600000.0,31020.0,7800000.0,660.0,project_min_or_estimated_from_sqm,live,,,True,ok
2026-08-25T05:00:07+00:00,salomuy,https://salomuy.uz/,200335,Yangi Eshonguzar,Genus Development,Toshkent viloyati,Zangiota tumani,2,57.0,366600000.0,31020.0,7800000.0,660.0,project_min_or_estimated_from_sqm,live,,,True,ok
2026-08-25T05:00:07+00:00,salomuy,https://salomuy.uz/,200335,Yangi Eshonguzar,Genus Development,Toshkent viloyati,Zangiota tumani,3,87.5,366600000.0,31020.0,7800000.0,660.0,project_min_or_estimated_from_sqm,live,,,True,ok
2026-08-25T05:00:07+00:00,salomuy,https://salomuy.uz/,203235,Voha Residence,XORAZM INVEST XOLDING,Xorazm viloyati,Urganch shahri,1,48.51,288000000.0,24369.0,6000000.0,508.0,project_min_or_estimated_from_sqm,live,,,True,ok
2026-08-25T05:00:07+00:00,salomuy,https://salomuy.uz/,203235,Voha Residence,XORAZM INVEST XOLDING,Xorazm viloyati,Urganch shahri,2,50.95,288000000.0,24369.0,6000000.0,508.0,project_min_or_estimated_from_sqm,live,,,True,ok
2026-08-25T05:00:07+00:00,salomuy,https://salomuy.uz/,203235,Voha Residence,XORAZM INVEST XOLDING,Xorazm viloyati,Urganch shahri,3,81.86,288000000.0,24369.0,6000000.0,508.0,project_min_or_estimated_from_sqm,live,,,True,ok
2026-08-25T05:00:07+00:00,uysot,https://uysot.uz/uz/uzbekistan/novostroyki,610,Obyekt 610,DINAMO BUILD GROUP,Buxoro viloyati,Buxoro shahri,1,49.5,389880000.0,,7876364.0,,listed_min_total,live,,,True,ok
2026-08-25T05:00:07+00:00,uysot,https://uysot.uz/uz/uzbekistan/novostroyki,610,Obyekt 610,DINAMO BUILD GROUP,Buxoro viloyati,Buxoro shahri,2,51.3,395010000.0,,7700000.0,,listed_min_total,live,,,True,ok
2026-08-25T05:00:07+00:00,uysot,https://uysot.uz/uz/uzbekistan/novostroyki,610,Obyekt 610,DINAMO BUILD GROUP,Buxoro viloyati,Buxoro shahri,3,67.1,517440000.0,,7711475.0,,listed_min_total,live,,,True,ok
2026-08-25T05:00:07+00:00,uysot,https://uysot.uz/uz/uzbekistan/novostroyki,610,Obyekt 610,DINAMO BUILD GROUP,Buxoro viloyati,Buxoro shahri,4,130.0,1170000000.0,,9000000.0,,listed_min_total,live,,,True,ok
2026-08-25T05:00:07+00:00,uysot,https://uysot.uz/uz/uzbekistan/novostroyki,378,Obyekt 378,"OOO ""ZGG G'IJDUVON HOMES""",Buxoro viloyati,G'ijduvon tumani,1,59.4,386100000.0,,6500000.0,,listed_min_total,live,,,True,ok
2026-08-25T05:00:07+00:00,uysot,https://uysot.uz/uz/uzbekistan/novostroyki,378,Obyekt 378,"OOO ""ZGG G'IJDUVON HOMES""",Buxoro viloyati,G'ijduvon tumani,2,79.1,514150000.0,,6500000.0,,listed_min_total,live,,,True,ok
2026-08-25T05:00:07+00:00,uysot,https://uysot.uz/uz/uzbekistan/novostroyki,378,Obyekt 378,"OOO ""ZGG G'IJDUVON HOMES""",Buxoro viloyati,G'ijduvon tumani,3,127.6,829400000.0,,6500000.0,,listed_min_total,live,,,True,ok
2026-08-25T05:00:07+00:00,uysot,https://uysot.uz/uz/uzbekistan/novostroyki,622,Chinor Residence,''U K ASSET GROUP'' MCHJ,Farg'ona viloyati,Farg'ona shahri,2,59.0,507400000.0,,8600000.0,,listed_min_total,live,,,True,ok
2026-08-25T05:00:07+00:00,uysot,https://uysot.uz/uz/uzbekistan/novostroyki,622,Chinor Residence,''U K ASSET GROUP'' MCHJ,Farg'ona viloyati,Farg'ona shahri,3,65.6,590400000.0,,9000000.0,,listed_min_total,live,,,True,ok
2026-08-25T05:00:07+00:00,uysot,https://uysot.uz/uz/uzbekistan/novostroyki,166,Obyekt 166,"OOO ""Aziza Credo Max""",Farg'ona viloyati,Farg'ona shahri,1,38.0,294500000.0,,7750000.0,,listed_min_total,live,,,True,ok
2026-08-25T05:00:07+00:00,uysot,https://uysot.uz/uz/uzbekistan/novostroyki,166,Obyekt 166,"OOO ""Aziza Credo Max""",Farg'ona viloyati,Farg'ona shahri,2,45.7,336037500.0,,7353118.0,,listed_min_total,live,,,True,ok
2026-08-25T05:00:07+00:00,uysot,https://uysot.uz/uz/uzbekistan/novostroyki,166,Obyekt 166,"OOO ""Aziza Credo Max""",Farg'ona viloyati,Farg'ona shahri,3,43.9,482850000.0,,10998861.0,,listed_min_total,live,,,True,ok
2026-08-25T05:00:07+00:00,uysot,https://uysot.uz/uz/uzbekistan/novostroyki,166,Obyekt 166,"OOO ""Aziza Credo Max""",Farg'ona viloyati,Farg'ona shahri,4,94.24,665700000.0,,7063879.0,,listed_min_total,live,,,True,ok
2026-08-25T05:00:07+00:00,uysot,https://uysot.uz/uz/uzbekistan/novostroyki,191,Obyekt 191,OOO «HIGHLY-MODERN HOUSES»,Farg'ona viloyati,Farg'ona shahri,1,24.15,195600000.0,,8099379.0,,listed_min_total,live,,,True,ok
2026-08-25T05:00:07+00:00,uysot,https://uysot.uz/uz/uzbekistan/novostroyki,191,Obyekt 191,OOO «HIGHLY-MODERN HOUSES»,Farg'ona viloyati,Farg'ona shahri,2,43.05,344400000.0,,8000000.0,,listed_min_total,live,,,True,ok
2026-08-25T05:00:07+00:00,uysot,https://uysot.uz/uz/uzbekistan/novostroyki,191,Obyekt 191,OOO «HIGHLY-MODERN HOUSES»,Farg'ona viloyati,Farg'ona shahri,3,91.25,730000000.0,,8000000.0,,listed_min_total,live,,,True,ok
2026-08-25T05:00:07+00:00,uysot,https://uysot.uz/uz/uzbekistan/novostroyki,410,Obyekt 410,OOO «HIGHLY-MODERN HOUSES»,Farg'ona viloyati,Farg'ona shahri,1,24.85,186375000.0,,7500000.0,,listed_min_total,live,,,True,ok
2026-08-25T05:00:07+00:00,uysot,https://uysot.uz/uz/uzbekistan/novostroyki,410,Obyekt 410,OOO «HIGHLY-MODERN HOUSES»,Farg'ona viloyati,Farg'ona shahri,2,43.65,327375000.0,,7500000.0,,listed_min_total,live,,,True,ok
2026-08-25T05:00:07+00:00,uysot,https://uysot.uz/uz/uzbekistan/novostroyki,410,Obyekt 410,OOO «HIGHLY-MODERN HOUSES»,Farg'ona viloyati,Farg'ona shahri,3,88.95,687375000.0,,7727656.0,,listed_min_total,live,,,True,ok
2026-08-25T05:00:07+00:00,uysot,https://uysot.uz/uz/uzbekistan/novostroyki,638,Obyekt 638,VODIY ORZU HOUSE ,Farg'ona viloyati,Farg'ona shahri,1,36.4,309400000.0,,8500000.0,,listed_min_total,live,,,True,ok
2026-08-25T05:00:07+00:00,uysot,https://uysot.uz/uz/uzbekistan/novostroyki,638,Obyekt 638,VODIY ORZU HOUSE ,Farg'ona viloyati,Farg'ona shahri,2,64.8,550800000.0,,8500000.0,,listed_min_total,live,,,True,ok
2026-08-25T05:00:07+00:00,uysot,https://uysot.uz/uz/uzbekistan/novostroyki,173,Obyekt 173,"OOO ""Aziza Credo Max""",Jizzax viloyati,Jizzax shahri,1,41.8,292600000.0,,7000000.0,,listed_min_total,live,,,True,ok
2026-08-25T05:00:07+00:00,uysot,https://uysot.uz/uz/uzbekistan/novostroyki,173,Obyekt 173,"OOO ""Aziza Credo Max""",Jizzax viloyati,Jizzax shahri,2,61.9,433300000.0,,7000000.0,,listed_min_total,live,,,True,ok
2026-08-25T05:00:07+00:00,uysot,https://uysot.uz/uz/uzbekistan/novostroyki,194,Obyekt 194,"OOO ""Aziza Credo Max""",Jizzax viloyati,Jizzax shahri,1,39.0,292500000.0,,7500000.0,,listed_min_total,live,,,True,ok
2026-08-25T05:00:07+00:00,uysot,https://uysot.uz/uz/uzbekistan/novostroyki,194,Obyekt 194,"OOO ""Aziza Credo Max""",Jizzax viloyati,Jizzax shahri,2,66.0,483000000.0,,7318182.0,,listed_min_total,live,,,True,ok
2026-08-25T05:00:07+00:00,uysot,https://uysot.uz/uz/uzbekistan/novostroyki,194,Obyekt 194,"OOO ""Aziza Credo Max""",Jizzax viloyati,Jizzax shahri,3,99.0,742500000.0,,7500000.0,,listed_min_total,live,,,True,ok
2026-08-25T05:00:07+00:00,uysot,https://uysot.uz/uz/uzbekistan/novostroyki,194,Obyekt 194,"OOO ""Aziza Credo Max""",Jizzax viloyati,Jizzax shahri,4,105.5,791250000.0,,7500000.0,,listed_min_total,live,,,True,ok
2026-08-25T05:00:07+00:00,uysot,https://uysot.uz/uz/uzbekistan/novostroyki,406,Obyekt 406,"""AMER GOLD JIZZAX"" MCHJ",Jizzax viloyati,Jizzax shahri,2,66.9,508500000.0,,7600897.0,,listed_min_total,live,,,True,ok
2026-08-25T05:00:07+00:00,uysot,https://uysot.uz/uz/uzbekistan/novostroyki,406,Obyekt 406,"""AMER GOLD JIZZAX"" MCHJ",Jizzax viloyati,Jizzax shahri,3,71.9,683050000.0,,9500000.0,,listed_min_total,live,,,True,ok
2026-08-25T05:00:07+00:00,uysot,https://uysot.uz/uz/uzbekistan/novostroyki,558,Obyekt 558,"OOO ""Aziza Credo Max""",Jizzax viloyati,Zomin tumani,1,38.7,291750000.0,,7538760.0,,listed_min_total,live,,,True,ok
2026-08-25T05:00:07+00:00,uysot,https://uysot.uz/uz/uzbekistan/novostroyki,558,Obyekt 558,"OOO ""Aziza Credo Max""",Jizzax viloyati,Zomin tumani,2,40.5,384750000.0,,9500000.0,,listed_min_total,live,,,True,ok
2026-08-25T05:00:07+00:00,uysot,https://uysot.uz/uz/uzbekistan/novostroyki,558,Obyekt 558,"OOO ""Aziza Credo Max""",Jizzax viloyati,Zomin tumani,3,75.7,588750000.0,,7777411.0,,listed_min_total,live,,,True,ok
2026-08-25T05:00:07+00:00,uysot,https://uysot.uz/uz/uzbekistan/novostroyki,106,Obyekt 106,“GARANT UCHQUDUQ” MCHJ,Navoiy viloyati,Uchquduq tumani,2,51.2,358400000.0,,7000000.0,,listed_min_total,live,,,True,ok
2026-08-25T05:00:07+00:00,uysot,https://uysot.uz/uz/uzbekistan/novostroyki,106,Obyekt 106,“GARANT UCHQUDUQ” MCHJ,Navoiy viloyati,Uchquduq tumani,3,94.24,659680000.0,,7000000.0,,listed_min_total,live,,,True,ok
2026-08-25T05:00:07+00:00,uysot,https://uysot.uz/uz/uzbekistan/novostroyki,625,Yoshlar Shaharchasi,Xo'jaqo'rg'on,Samarqand viloyati,Kattaqurg'on tumani,1,34.39,189145000.0,,5500000.0,,listed_min_total,live,,,True,ok
2026-08-25T05:00:07+00:00,uysot,https://uysot.uz/uz/uzbekistan/novostroyki,625,Yoshlar Shaharchasi,Xo'jaqo'rg'on,Samarqand viloyati,Kattaqurg'on tumani,2,46.54,255970000.0,,5500000.0,,listed_min_total,live,,,True,ok
2026-08-25T05:00:07+00:00,uysot,https://uysot.uz/uz/uzbekistan/novostroyki,625,Yoshlar Shaharchasi,Xo'jaqo'rg'on,Samarqand viloyati,Kattaqurg'on tumani,3,69.49,382195000.0,,5500000.0,,listed_min_total,live,,,True,ok
2026-08-25T05:00:07+00:00,uysot,https://uysot.uz/uz/uzbekistan/novostroyki,639,NURLI MAKON,NOVA HOUSE,Samarqand viloyati,Samarqand shahri,1,25.4,254000000.0,,10000000.0,,listed_min_total,live,,,True,ok
2026-08-25T05:00:07+00:00,uysot,https://uysot.uz/uz/uzbekistan/novostroyki,639,NURLI MAKON,NOVA HOUSE,Samarqand viloyati,Samarqand shahri,2,42.3,390600000.0,,9234043.0,,listed_min_total,live,,,True,ok
2026-08-25T05:00:07+00:00,uysot,https://uysot.uz/uz/uzbekistan/novostroyki,639,NURLI MAKON,NOVA HOUSE,Samarqand viloyati,Samarqand shahri,3,65.2,586800000.0,,9000000.0,,listed_min_total,live,,,True,ok
2026-08-25T05:00:07+00:00,uysot,https://uysot.uz/uz/uzbekistan/novostroyki,639,NURLI MAKON,NOVA HOUSE,Samarqand viloyati,Samarqand shahri,4,77.3,642400000.0,,8310479.0,,listed_min_total,live,,,True,ok
2026-08-25T05:00:07+00:00,uysot,https://uysot.uz/uz/uzbekistan/novostroyki,488,Obyekt 488,"OOO ""VIP PRINT"" MCHJ",Samarqand viloyati,Samarqand shahri,1,37.7,377000000.0,,10000000.0,,listed_min_total,live,,,True,ok
2026-08-25T05:00:07+00:00,uysot,https://uysot.uz/uz/uzbekistan/novostroyki,488,Obyekt 488,"OOO ""VIP PRINT"" MCHJ",Samarqand viloyati,Samarqand shahri,2,55.8,567720000.0,,10174194.0,,listed_min_total,live,,,True,ok
2026-08-25T05:00:07+00:00,uysot,https://uysot.uz/uz/uzbekistan/novostroyki,488,Obyekt 488,"OOO ""VIP PRINT"" MCHJ",Samarqand viloyati,Samarqand shahri,3,77.3,737010000.0,,9534411.0,,listed_min_total,live,,,True,ok
2026-08-25T05:00:07+00:00,uysot,https://uysot.uz/uz/uzbekistan/novostroyki,174,Obyekt 174,"OOO ""Aziza Credo Max""",Samarqand viloyati,Samarqand tumani,1,37.2,353400000.0,,9500000.0,,listed_min_total,live,,,True,ok
2026-08-25T05:00:07+00:00,uysot,https://uysot.uz/uz/uzbekistan/novostroyki,174,Obyekt 174,"OOO ""Aziza Credo Max""",Samarqand viloyati,Samarqand tumani,2,58.5,614250000.0,,10500000.0,,listed_min_total,live,,,True,ok
2026-08-25T05:00:07+00:00,uysot,https://uysot.uz/uz/uzbekistan/novostroyki,174,Obyekt 174,"OOO ""Aziza Credo Max""",Samarqand viloyati,Samarqand tumani,3,87.4,874000000.0,,10000000.0,,listed_min_total,live,,,True,ok
2026-08-25T05:00:07+00:00,uysot,https://uysot.uz/uz/uzbekistan/novostroyki,174,Obyekt 174,"OOO ""Aziza Credo Max""",Samarqand viloyati,Samarqand tumani,4,132.6,1086000000.0,,8190045.0,,listed_min_total,live,,,True,ok
2026-08-25T05:00:07+00:00,uysot,https://uysot.uz/uz/uzbekistan/novostroyki,175,Obyekt 175,"OOO ""Aziza Credo Max""",Samarqand viloyati,Samarqand tumani,1,35.4,353400000.0,,9983051.0,,listed_min_total,live,,,True,ok
2026-08-25T05:00:07+00:00,uysot,https://uysot.uz/uz/uzbekistan/novostroyki,175,Obyekt 175,"OOO ""Aziza Credo Max""",Samarqand viloyati,Samarqand tumani,2,49.8,522900000.0,,10500000.0,,listed_min_total,live,,,True,ok
2026-08-25T05:00:07+00:00,uysot,https://uysot.uz/uz/uzbekistan/novostroyki,175,Obyekt 175,"OOO ""Aziza Credo Max""",Samarqand viloyati,Samarqand tumani,3,87.4,742900000.0,,8500000.0,,listed_min_total,live,,,True,ok
2026-08-25T05:00:07+00:00,uysot,https://uysot.uz/uz/uzbekistan/novostroyki,175,Obyekt 175,"OOO ""Aziza Credo Max""",Samarqand viloyati,Samarqand tumani,4,210.3,1804800000.0,,8582026.0,,listed_min_total,live,,,True,ok
2026-08-25T05:00:07+00:00,uysot,https://uysot.uz/uz/uzbekistan/novostroyki,189,Obyekt 189,"OOO ""Aziza Credo Max""",Samarqand viloyati,Urgut tumani,2,65.5,524000000.0,,8000000.0,,listed_min_total,live,,,True,ok
2026-08-25T05:00:07+00:00,uysot,https://uysot.uz/uz/uzbekistan/novostroyki,189,Obyekt 189,"OOO ""Aziza Credo Max""",Samarqand viloyati,Urgut tumani,3,83.1,664800000.0,,8000000.0,,listed_min_total,live,,,True,ok
2026-08-25T05:00:07+00:00,uysot,https://uysot.uz/uz/uzbekistan/novostroyki,189,Obyekt 189,"OOO ""Aziza Credo Max""",Samarqand viloyati,Urgut tumani,4,97.6,780800000.0,,8000000.0,,listed_min_total,live,,,True,ok
2026-08-25T05:00:07+00:00,uysot,https://uysot.uz/uz/uzbekistan/novostroyki,263,Obyekt 263,"OOO ""Aziza Credo Max""",Samarqand viloyati,Urgut tumani,2,39.3,255450000.0,,6500000.0,,listed_min_total,live,,,True,ok
2026-08-25T05:00:07+00:00,uysot,https://uysot.uz/uz/uzbekistan/novostroyki,481,Obyekt 481,"""GULISTON NIHOL QURILISH"" MCHJ",Sirdaryo viloyati,Guliston shahri,1,42.8,396750000.0,,9269860.0,,listed_min_total,live,,,True,ok
2026-08-25T05:00:07+00:00,uysot,https://uysot.uz/uz/uzbekistan/novostroyki,481,Obyekt 481,"""GULISTON NIHOL QURILISH"" MCHJ",Sirdaryo viloyati,Guliston shahri,2,57.67,446325000.0,,7739293.0,,listed_min_total,live,,,True,ok
2026-08-25T05:00:07+00:00,uysot,https://uysot.uz/uz/uzbekistan/novostroyki,481,Obyekt 481,"""GULISTON NIHOL QURILISH"" MCHJ",Sirdaryo viloyati,Guliston shahri,3,59.96,509660000.0,,8500000.0,,listed_min_total,live,,,True,ok
2026-08-25T05:00:07+00:00,uysot,https://uysot.uz/uz/uzbekistan/novostroyki,485,Obyekt 485,"OOO ""Aziza Credo Max""",Sirdaryo viloyati,Guliston shahri,2,68.6,524650000.0,,7647959.0,,listed_min_total,live,,,True,ok
2026-08-25T05:00:07+00:00,uysot,https://uysot.uz/uz/uzbekistan/novostroyki,615,BEKTEMIR RESIDENCE,BEKTIMIR HILLS DEVELOPMENT,Toshkent shahri,Bektemir tumani,1,35.0,405650000.0,,11590000.0,,listed_min_total,live,,,True,ok
2026-08-25T05:00:07+00:00,uysot,https://uysot.uz/uz/uzbekistan/novostroyki,615,BEKTEMIR RESIDENCE,BEKTIMIR HILLS DEVELOPMENT,Toshkent shahri,Bektemir tumani,2,50.0,591700000.0,,11834000.0,,listed_min_total,live,,,True,ok
2026-08-25T05:00:07+00:00,uysot,https://uysot.uz/uz/uzbekistan/novostroyki,615,BEKTEMIR RESIDENCE,BEKTIMIR HILLS DEVELOPMENT,Toshkent shahri,Bektemir tumani,3,92.0,1067016000.0,,11598000.0,,listed_min_total,live,,,True,ok
2026-08-25T05:00:07+00:00,uysot,https://uysot.uz/uz/uzbekistan/novostroyki,615,BEKTEMIR RESIDENCE,BEKTIMIR HILLS DEVELOPMENT,Toshkent shahri,Bektemir tumani,4,123.0,1395558000.0,,11346000.0,,listed_min_total,live,,,True,ok
2026-08-25T05:00:07+00:00,uysot,https://uysot.uz/uz/uzbekistan/novostroyki,528,Do'mbirobod Tower,Immeuble Moderns,Toshkent shahri,Chilonzor tumani,1,46.0,534750000.0,,11625000.0,,listed_min_total,live,,,True,ok
2026-08-25T05:00:07+00:00,uysot,https://uysot.uz/uz/uzbekistan/novostroyki,528,Do'mbirobod Tower,Immeuble Moderns,Toshkent shahri,Chilonzor tumani,3,75.1,878670000.0,,11700000.0,,listed_min_total,live,,,True,ok
2026-08-25T05:00:07+00:00,uysot,https://uysot.uz/uz/uzbekistan/novostroyki,506,Obyekt 506,MEXRJON,Toshkent shahri,Mirobod tumani,1,45.33,951930000.0,,21000000.0,,listed_min_total,live,,,True,ok
2026-08-25T05:00:07+00:00,uysot,https://uysot.uz/uz/uzbekistan/novostroyki,506,Obyekt 506,MEXRJON,Toshkent shahri,Mirobod tumani,2,62.62,1224405000.0,,19552938.0,,listed_min_total,live,,,True,ok
2026-08-25T05:00:07+00:00,uysot,https://uysot.uz/uz/uzbekistan/novostroyki,506,Obyekt 506,MEXRJON,Toshkent shahri,Mirobod tumani,3,80.51,1690710000.0,,21000000.0,,listed_min_total,live,,,True,ok
2026-08-25T05:00:07+00:00,uysot,https://uysot.uz/uz/uzbekistan/novostroyki,521,Obyekt 521,OOO “DISCUS FLOUR”,Toshkent shahri,Mirobod tumani,1,39.5,572750000.0,,14500000.0,,listed_min_total,live,,,True,ok
2026-08-25T05:00:07+00:00,uysot,https://uysot.uz/uz/uzbekistan/novostroyki,521,Obyekt 521,OOO “DISCUS FLOUR”,Toshkent shahri,Mirobod tumani,2,47.2,684400000.0,,14500000.0,,listed_min_total,live,,,True,ok
2026-08-25T05:00:07+00:00,uysot,https://uysot.uz/uz/uzbekistan/novostroyki,521,Obyekt 521,OOO “DISCUS FLOUR”,Toshkent shahri,Mirobod tumani,3,85.7,1242650000.0,,14500000.0,,listed_min_total,live,,,True,ok
2026-08-25T05:00:07+00:00,uysot,https://uysot.uz/uz/uzbekistan/novostroyki,476,JOMIY RESIDENCE,"""CHINOR GROUP DEVELOPMENT"" MCHJ",Toshkent shahri,Olmazor tumani,1,33.16,630040000.0,,19000000.0,,listed_min_total,live,,,True,ok
2026-08-25T05:00:07+00:00,uysot,https://uysot.uz/uz/uzbekistan/novostroyki,476,JOMIY RESIDENCE,"""CHINOR GROUP DEVELOPMENT"" MCHJ",Toshkent shahri,Olmazor tumani,2,60.06,960960000.0,,16000000.0,,listed_min_total,live,,,True,ok
2026-08-25T05:00:07+00:00,uysot,https://uysot.uz/uz/uzbekistan/novostroyki,476,JOMIY RESIDENCE,"""CHINOR GROUP DEVELOPMENT"" MCHJ",Toshkent shahri,Olmazor tumani,3,82.48,1279200000.0,,15509214.0,,listed_min_total,live,,,True,ok
2026-08-25T05:00:07+00:00,uysot,https://uysot.uz/uz/uzbekistan/novostroyki,487,Obyekt 487," ""AUSTRALIA"" MCHJ",Toshkent shahri,Olmazor tumani,1,31.45,456025000.0,,14500000.0,,listed_min_total,live,,,True,ok
2026-08-25T05:00:07+00:00,uysot,https://uysot.uz/uz/uzbekistan/novostroyki,487,Obyekt 487," ""AUSTRALIA"" MCHJ",Toshkent shahri,Olmazor tumani,2,50.45,731670000.0,,14502874.0,,listed_min_total,live,,,True,ok
2026-08-25T05:00:07+00:00,uysot,https://uysot.uz/uz/uzbekistan/novostroyki,487,Obyekt 487," ""AUSTRALIA"" MCHJ",Toshkent shahri,Olmazor tumani,3,40.92,716100000.0,,17500000.0,,listed_min_total,live,,,True,ok
2026-08-25T05:00:07+00:00,uysot,https://uysot.uz/uz/uzbekistan/novostroyki,641,Obyekt 641,BUILDING CONNECTION,Toshkent shahri,Olmazor tumani,2,53.3,766543800.0,,14381685.0,,listed_min_total,live,,,True,ok
2026-08-25T05:00:07+00:00,uysot,https://uysot.uz/uz/uzbekistan/novostroyki,641,Obyekt 641,BUILDING CONNECTION,Toshkent shahri,Olmazor tumani,3,83.67,1195649400.0,,14290061.0,,listed_min_total,live,,,True,ok
2026-08-25T05:00:07+00:00,uysot,https://uysot.uz/uz/uzbekistan/novostroyki,414,Obyekt 414, BOG'I SHAMOL UYLARI,Toshkent shahri,Sergeli tumani,1,40.2,499083000.0,,12415000.0,,listed_min_total,live,,,True,ok
2026-08-25T05:00:07+00:00,uysot,https://uysot.uz/uz/uzbekistan/novostroyki,414,Obyekt 414, BOG'I SHAMOL UYLARI,Toshkent shahri,Sergeli tumani,2,67.6,759360000.0,,11233136.0,,listed_min_total,live,,,True,ok
2026-08-25T05:00:07+00:00,uysot,https://uysot.uz/uz/uzbekistan/novostroyki,258,Obyekt 258,"OOO ""G'AZALKENT RESIDENCE""",Toshkent viloyati,Bo'stonliq tumani,1,39.85,358650000.0,,9000000.0,,listed_min_total,live,,,True,ok
2026-08-25T05:00:07+00:00,uysot,https://uysot.uz/uz/uzbekistan/novostroyki,258,Obyekt 258,"OOO ""G'AZALKENT RESIDENCE""",Toshkent viloyati,Bo'stonliq tumani,2,56.08,476680000.0,,8500000.0,,listed_min_total,live,,,True,ok
2026-08-25T05:00:07+00:00,uysot,https://uysot.uz/uz/uzbekistan/novostroyki,258,Obyekt 258,"OOO ""G'AZALKENT RESIDENCE""",Toshkent viloyati,Bo'stonliq tumani,3,63.0,595000000.0,,9444444.0,,listed_min_total,live,,,True,ok
2026-08-25T05:00:07+00:00,uysot,https://uysot.uz/uz/uzbekistan/novostroyki,258,Obyekt 258,"OOO ""G'AZALKENT RESIDENCE""",Toshkent viloyati,Bo'stonliq tumani,4,97.0,1050000000.0,,10824742.0,,listed_min_total,live,,,True,ok
2026-08-25T05:00:07+00:00,uysot,https://uysot.uz/uz/uzbekistan/novostroyki,417,Obyekt 417,ERA LUX MONTAJ,Toshkent viloyati,Chirchiq shahri,1,41.0,360800000.0,,8800000.0,,listed_min_total,live,,,True,ok
2026-08-25T05:00:07+00:00,uysot,https://uysot.uz/uz/uzbekistan/novostroyki,417,Obyekt 417,ERA LUX MONTAJ,Toshkent viloyati,Chirchiq shahri,2,46.6,339625000.0,,7288090.0,,listed_min_total,live,,,True,ok
2026-08-25T05:00:07+00:00,uysot,https://uysot.uz/uz/uzbekistan/novostroyki,417,Obyekt 417,ERA LUX MONTAJ,Toshkent viloyati,Chirchiq shahri,3,70.7,563920000.0,,7976238.0,,listed_min_total,live,,,True,ok
2026-08-25T05:00:07+00:00,uysot,https://uysot.uz/uz/uzbekistan/novostroyki,417,Obyekt 417,ERA LUX MONTAJ,Toshkent viloyati,Chirchiq shahri,4,101.0,949400000.0,,9400000.0,,listed_min_total,live,,,True,ok
2026-08-25T05:00:07+00:00,uysot,https://uysot.uz/uz/uzbekistan/novostroyki,604,Obyekt 604,Alter Business,Toshkent viloyati,Olmaliq shahri,1,33.0,260700000.0,,7900000.0,,listed_min_total,live,,,True,ok
2026-08-25T05:00:07+00:00,uysot,https://uysot.uz/uz/uzbekistan/novostroyki,604,Obyekt 604,Alter Business,Toshkent viloyati,Olmaliq shahri,2,60.4,477160000.0,,7900000.0,,listed_min_total,live,,,True,ok
2026-08-25T05:00:07+00:00,uysot,https://uysot.uz/uz/uzbekistan/novostroyki,604,Obyekt 604,Alter Business,Toshkent viloyati,Olmaliq shahri,3,76.9,607510000.0,,7900000.0,,listed_min_total,live,,,True,ok
2026-08-25T05:00:07+00:00,uysot,https://uysot.uz/uz/uzbekistan/novostroyki,539,Obyekt 539,PISKENT CONSTRUCT,Toshkent viloyati,Piskent tumani,1,37.7,320450000.0,,8500000.0,,listed_min_total,live,,,True,ok
2026-08-25T05:00:07+00:00,uysot,https://uysot.uz/uz/uzbekistan/novostroyki,539,Obyekt 539,PISKENT CONSTRUCT,Toshkent viloyati,Piskent tumani,2,46.6,396100000.0,,8500000.0,,listed_min_total,live,,,True,ok
2026-08-25T05:00:07+00:00,uysot,https://uysot.uz/uz/uzbekistan/novostroyki,540,Obyekt 540,PISKENT CONSTRUCT,Toshkent viloyati,Piskent tumani,1,37.59,413490000.0,,11000000.0,,listed_min_total,live,,,True,ok
2026-08-25T05:00:07+00:00,uysot,https://uysot.uz/uz/uzbekistan/novostroyki,540,Obyekt 540,PISKENT CONSTRUCT,Toshkent viloyati,Piskent tumani,2,47.2,438400000.0,,9288136.0,,listed_min_total,live,,,True,ok
2026-08-25T05:00:07+00:00,uysot,https://uysot.uz/uz/uzbekistan/novostroyki,540,Obyekt 540,PISKENT CONSTRUCT,Toshkent viloyati,Piskent tumani,3,72.2,794200000.0,,11000000.0,,listed_min_total,live,,,True,ok
2026-08-25T05:00:07+00:00,uysot,https://uysot.uz/uz/uzbekistan/novostroyki,566,KELAJAK RESIDENCE,“O‘zshahar qurilish invest” IK MCHJ,Toshkent viloyati,Yuqorichirchiq tumani,1,38.9,696755000.0,,17911440.0,,listed_min_total,live,,,True,ok
2026-08-25T05:00:07+00:00,uysot,https://uysot.uz/uz/uzbekistan/novostroyki,566,KELAJAK RESIDENCE,“O‘zshahar qurilish invest” IK MCHJ,Toshkent viloyati,Yuqorichirchiq tumani,2,50.0,867500000.0,,17350000.0,,listed_min_total,live,,,True,ok
2026-08-25T05:00:07+00:00,uysot,https://uysot.uz/uz/uzbekistan/novostroyki,566,KELAJAK RESIDENCE,“O‘zshahar qurilish invest” IK MCHJ,Toshkent viloyati,Yuqorichirchiq tumani,3,77.8,1287590000.0,,16550000.0,,listed_min_total,live,,,True,ok
2026-08-25T05:00:07+00:00,uysot,https://uysot.uz/uz/uzbekistan/novostroyki,525,YANGI BOZOR RESIDENCE,BOBUR SHAHZODA CITY,Toshkent viloyati,Yuqorichirchiq tumani,1,26.4,205920000.0,,7800000.0,,listed_min_total,live,,,True,ok
2026-08-25T05:00:07+00:00,uysot,https://uysot.uz/uz/uzbekistan/novostroyki,525,YANGI BOZOR RESIDENCE,BOBUR SHAHZODA CITY,Toshkent viloyati,Yuqorichirchiq tumani,2,46.02,621270000.0,,13500000.0,,listed_min_total,live,,,True,ok
2026-08-25T05:00:07+00:00,uysot,https://uysot.uz/uz/uzbekistan/novostroyki,525,YANGI BOZOR RESIDENCE,BOBUR SHAHZODA CITY,Toshkent viloyati,Yuqorichirchiq tumani,3,78.69,1377075000.0,,17500000.0,,listed_min_total,live,,,True,ok
2026-08-25T05:00:07+00:00,uysot,https://uysot.uz/uz/uzbekistan/novostroyki,590,MAKON RESIDENCE,MAKON RESIDENCE,Toshkent viloyati,Zangiota tumani,1,24.0,242100000.0,,10087500.0,,listed_min_total,live,,,True,ok
2026-08-25T05:00:07+00:00,uysot,https://uysot.uz/uz/uzbekistan/novostroyki,590,MAKON RESIDENCE,MAKON RESIDENCE,Toshkent viloyati,Zangiota tumani,2,26.9,242100000.0,,9000000.0,,listed_min_total,live,,,True,ok
2026-08-25T05:00:07+00:00,uysot,https://uysot.uz/uz/uzbekistan/novostroyki,590,MAKON RESIDENCE,MAKON RESIDENCE,Toshkent viloyati,Zangiota tumani,3,49.6,714240000.0,,14400000.0,,listed_min_total,live,,,True,ok
2026-08-25T05:00:07+00:00,yangiuylar,https://yangiuylar.uz/novostroyka/bektemir-residence-194,194,Bektemir Residence,Bektemir Hills Development,Toshkent shahri,Bektemir tumani,2,54.0,651780000.0,,12070000.0,,estimated_total_from_sqm,live,,,True,ok
2026-08-25T05:00:07+00:00,yangiuylar,https://yangiuylar.uz/novostroyka/bektemir-residence-194,194,Bektemir Residence,Bektemir Hills Development,Toshkent shahri,Bektemir tumani,3,88.0,1062160000.0,,12070000.0,,estimated_total_from_sqm,live,,,True,ok
2026-08-25T05:00:07+00:00,yangiuylar,https://yangiuylar.uz/novostroyka/shirin-hayot-220,220,Shirin Hayot,Xon Saroy,Toshkent shahri,Bektemir tumani,1,26.8,,,,,estimated_total_from_sqm,live,,,True,ok
2026-08-25T05:00:07+00:00,yangiuylar,https://yangiuylar.uz/novostroyka/shirin-hayot-220,220,Shirin Hayot,Xon Saroy,Toshkent shahri,Bektemir tumani,2,47.3,,,,,estimated_total_from_sqm,live,,,True,ok
2026-08-25T05:00:07+00:00,yangiuylar,https://yangiuylar.uz/novostroyka/barxan-residence-145,145,Barxan Residence,Barxan Residence,Toshkent shahri,Chilonzor tumani,1,33.67,383838000.0,,11400000.0,,estimated_total_from_sqm,live,,,True,ok
2026-08-25T05:00:07+00:00,yangiuylar,https://yangiuylar.uz/novostroyka/barxan-residence-145,145,Barxan Residence,Barxan Residence,Toshkent shahri,Chilonzor tumani,2,49.84,568176000.0,,11400000.0,,estimated_total_from_sqm,live,,,True,ok
2026-08-25T05:00:07+00:00,yangiuylar,https://yangiuylar.uz/novostroyka/barxan-residence-145,145,Barxan Residence,Barxan Residence,Toshkent shahri,Chilonzor tumani,3,60.65,691410000.0,,11400000.0,,estimated_total_from_sqm,live,,,True,ok
2026-08-25T05:00:07+00:00,yangiuylar,https://yangiuylar.uz/novostroyka/do'mbirobod-residence-130,130,Do’mbirobod Residence,BM Group,Toshkent shahri,Chilonzor tumani,1,29.5,351050000.0,,11900000.0,,estimated_total_from_sqm,live,,,True,ok
2026-08-25T05:00:07+00:00,yangiuylar,https://yangiuylar.uz/novostroyka/do'mbirobod-residence-130,130,Do’mbirobod Residence,BM Group,Toshkent shahri,Chilonzor tumani,2,52.6,625940000.0,,11900000.0,,estimated_total_from_sqm,live,,,True,ok
2026-08-25T05:00:07+00:00,yangiuylar,https://yangiuylar.uz/novostroyka/joziba-268,268,Joziba,Ziynat Capital,Toshkent shahri,Chilonzor tumani,1,78.55,1217525000.0,,15500000.0,,estimated_total_from_sqm,live,,,True,ok
2026-08-25T05:00:07+00:00,yangiuylar,https://yangiuylar.uz/novostroyka/joziba-268,268,Joziba,Ziynat Capital,Toshkent shahri,Chilonzor tumani,2,65.72,1018660000.0,,15500000.0,,estimated_total_from_sqm,live,,,True,ok
2026-08-25T05:00:07+00:00,yangiuylar,https://yangiuylar.uz/novostroyka/joziba-268,268,Joziba,Ziynat Capital,Toshkent shahri,Chilonzor tumani,3,134.1,2078550000.0,,15500000.0,,estimated_total_from_sqm,live,,,True,ok
2026-08-25T05:00:07+00:00,yangiuylar,https://yangiuylar.uz/novostroyka/orzular-maskani-196,196,Orzular Maskani,Zamon Binolar,Toshkent shahri,Chilonzor tumani,2,51.2,706560000.0,,13800000.0,,estimated_total_from_sqm,live,,,True,ok
2026-08-25T05:00:07+00:00,yangiuylar,https://yangiuylar.uz/novostroyka/orzular-maskani-196,196,Orzular Maskani,Zamon Binolar,Toshkent shahri,Chilonzor tumani,3,81.3,1121940000.0,,13800000.0,,estimated_total_from_sqm,live,,,True,ok
2026-08-25T05:00:07+00:00,yangiuylar,https://yangiuylar.uz/novostroyka/qatortol-residence-222,222,Qatortol Residence,Dream House Development,Toshkent shahri,Chilonzor tumani,1,43.0,743900000.0,,17300000.0,,estimated_total_from_sqm,live,,,True,ok
2026-08-25T05:00:07+00:00,yangiuylar,https://yangiuylar.uz/novostroyka/qatortol-residence-222,222,Qatortol Residence,Dream House Development,Toshkent shahri,Chilonzor tumani,2,66.0,1141800000.0,,17300000.0,,estimated_total_from_sqm,live,,,True,ok
2026-08-25T05:00:07+00:00,yangiuylar,https://yangiuylar.uz/novostroyka/qatortol-residence-222,222,Qatortol Residence,Dream House Development,Toshkent shahri,Chilonzor tumani,3,76.0,1314800000.0,,17300000.0,,estimated_total_from_sqm,live,,,True,ok
2026-08-25T05:00:07+00:00,yangiuylar,https://yangiuylar.uz/novostroyka/vision-150,150,Vision,Neo House,Toshkent shahri,Chilonzor tumani,1,53.5,882750000.0,,16500000.0,,estimated_total_from_sqm,live,,,True,ok
2026-08-25T05:00:07+00:00,yangiuylar,https://yangiuylar.uz/novostroyka/vision-150,150,Vision,Neo House,Toshkent shahri,Chilonzor tumani,2,112.8,1861200000.0,,16500000.0,,estimated_total_from_sqm,live,,,True,ok
2026-08-25T05:00:07+00:00,yangiuylar,https://yangiuylar.uz/novostroyka/vision-150,150,Vision,Neo House,Toshkent shahri,Chilonzor tumani,3,98.8,1630200000.0,,16500000.0,,estimated_total_from_sqm,live,,,True,ok
2026-08-25T05:00:07+00:00,yangiuylar,https://yangiuylar.uz/novostroyka/vision-150,150,Vision,Neo House,Toshkent shahri,Chilonzor tumani,4,112.0,1848000000.0,,16500000.0,,estimated_total_from_sqm,live,,,True,ok
2026-08-25T05:00:07+00:00,yangiuylar,https://yangiuylar.uz/novostroyka/vision-150,150,Vision,Neo House,Toshkent shahri,Chilonzor tumani,5,185.3,3057450000.0,,16500000.0,,estimated_total_from_sqm,live,,,True,ok
2026-08-25T05:00:07+00:00,yangiuylar,https://yangiuylar.uz/novostroyka/crown-zamon-146,146,Crown Zamon,CROWN DEVELOPMENT,Toshkent shahri,Mirobod tumani,1,28.54,428100000.0,,15000000.0,,estimated_total_from_sqm,live,,,True,ok
2026-08-25T05:00:07+00:00,yangiuylar,https://yangiuylar.uz/novostroyka/crown-zamon-146,146,Crown Zamon,CROWN DEVELOPMENT,Toshkent shahri,Mirobod tumani,2,53.28,799200000.0,,15000000.0,,estimated_total_from_sqm,live,,,True,ok
2026-08-25T05:00:07+00:00,yangiuylar,https://yangiuylar.uz/novostroyka/fazo-251,251,Fazo,Xon Saroy,Toshkent shahri,Mirobod tumani,1,33.2,543816000.0,,16380000.0,,estimated_total_from_sqm,live,,,True,ok
2026-08-25T05:00:07+00:00,yangiuylar,https://yangiuylar.uz/novostroyka/fazo-251,251,Fazo,Xon Saroy,Toshkent shahri,Mirobod tumani,2,42.8,701064000.0,,16380000.0,,estimated_total_from_sqm,live,,,True,ok
2026-08-25T05:00:07+00:00,yangiuylar,https://yangiuylar.uz/novostroyka/new-zealand-136,136,Furqat Residence,New Zealand,Toshkent shahri,Mirobod tumani,1,32.6,521600000.0,,16000000.0,,estimated_total_from_sqm,live,,,True,ok
2026-08-25T05:00:07+00:00,yangiuylar,https://yangiuylar.uz/novostroyka/new-zealand-136,136,Furqat Residence,New Zealand,Toshkent shahri,Mirobod tumani,2,49.6,793600000.0,,16000000.0,,estimated_total_from_sqm,live,,,True,ok
2026-08-25T05:00:07+00:00,yangiuylar,https://yangiuylar.uz/novostroyka/new-zealand-136,136,Furqat Residence,New Zealand,Toshkent shahri,Mirobod tumani,3,59.5,952000000.0,,16000000.0,,estimated_total_from_sqm,live,,,True,ok
2026-08-25T05:00:07+00:00,yangiuylar,https://yangiuylar.uz/novostroyka/golden-lake-308,308,Golden Lake,Centris Development,Toshkent shahri,Mirobod tumani,1,30.0,570000000.0,,19000000.0,,estimated_total_from_sqm,live,,,True,ok
2026-08-25T05:00:07+00:00,yangiuylar,https://yangiuylar.uz/novostroyka/golden-lake-308,308,Golden Lake,Centris Development,Toshkent shahri,Mirobod tumani,2,56.0,1064000000.0,,19000000.0,,estimated_total_from_sqm,live,,,True,ok
2026-08-25T05:00:07+00:00,yangiuylar,https://yangiuylar.uz/novostroyka/golden-lake-308,308,Golden Lake,Centris Development,Toshkent shahri,Mirobod tumani,3,78.0,1482000000.0,,19000000.0,,estimated_total_from_sqm,live,,,True,ok
2026-08-25T05:00:07+00:00,yangiuylar,https://yangiuylar.uz/novostroyka/mirador-324,324,Mirador,Kayan Development,Toshkent shahri,Mirobod tumani,1,26.3,,,,,estimated_total_from_sqm,live,,,True,ok
2026-08-25T05:00:07+00:00,yangiuylar,https://yangiuylar.uz/novostroyka/mirador-324,324,Mirador,Kayan Development,Toshkent shahri,Mirobod tumani,2,44.7,,,,,estimated_total_from_sqm,live,,,True,ok
2026-08-25T05:00:07+00:00,yangiuylar,https://yangiuylar.uz/novostroyka/mirador-324,324,Mirador,Kayan Development,Toshkent shahri,Mirobod tumani,3,62.8,,,,,estimated_total_from_sqm,live,,,True,ok
2026-08-25T05:00:07+00:00,yangiuylar,https://yangiuylar.uz/novostroyka/mirador-324,324,Mirador,Kayan Development,Toshkent shahri,Mirobod tumani,4,84.5,,,,,estimated_total_from_sqm,live,,,True,ok
2026-08-25T05:00:07+00:00,yangiuylar,https://yangiuylar.uz/novostroyka/nrg-meros-318,318,NRG Meros,NRG-BI,Toshkent shahri,Mirobod tumani,1,39.78,735930000.0,,18500000.0,,estimated_total_from_sqm,live,,,True,ok
2026-08-25T05:00:07+00:00,yangiuylar,https://yangiuylar.uz/novostroyka/nrg-meros-318,318,NRG Meros,NRG-BI,Toshkent shahri,Mirobod tumani,2,48.86,903910000.0,,18500000.0,,estimated_total_from_sqm,live,,,True,ok
2026-08-25T05:00:07+00:00,yangiuylar,https://yangiuylar.uz/novostroyka/nrg-meros-318,318,NRG Meros,NRG-BI,Toshkent shahri,Mirobod tumani,3,63.24,1169940000.0,,18500000.0,,estimated_total_from_sqm,live,,,True,ok
2026-08-25T05:00:07+00:00,yangiuylar,https://yangiuylar.uz/novostroyka/nrg-meros-318,318,NRG Meros,NRG-BI,Toshkent shahri,Mirobod tumani,4,100.66,1862210000.0,,18500000.0,,estimated_total_from_sqm,live,,,True,ok
2026-08-25T05:00:07+00:00,yangiuylar,https://yangiuylar.uz/novostroyka/o'z-makon-85,85,O'z Makon,Golden House,Toshkent shahri,Mirobod tumani,1,28.97,550430000.0,,19000000.0,,estimated_total_from_sqm,live,,,True,ok
2026-08-25T05:00:07+00:00,yangiuylar,https://yangiuylar.uz/novostroyka/o'z-makon-85,85,O'z Makon,Golden House,Toshkent shahri,Mirobod tumani,2,36.38,691220000.0,,19000000.0,,estimated_total_from_sqm,live,,,True,ok
2026-08-25T05:00:07+00:00,yangiuylar,https://yangiuylar.uz/novostroyka/o'z-makon-85,85,O'z Makon,Golden House,Toshkent shahri,Mirobod tumani,3,56.31,1069890000.0,,19000000.0,,estimated_total_from_sqm,live,,,True,ok
2026-08-25T05:00:07+00:00,yangiuylar,https://yangiuylar.uz/novostroyka/o'z-makon-85,85,O'z Makon,Golden House,Toshkent shahri,Mirobod tumani,4,78.28,1487320000.0,,19000000.0,,estimated_total_from_sqm,live,,,True,ok
2026-08-25T05:00:07+00:00,yangiuylar,https://yangiuylar.uz/novostroyka/sun-124,124,SUN,Human2Human,Toshkent shahri,Mirobod tumani,1,34.6,588200000.0,,17000000.0,,estimated_total_from_sqm,live,,,True,ok
2026-08-25T05:00:07+00:00,yangiuylar,https://yangiuylar.uz/novostroyka/sun-124,124,SUN,Human2Human,Toshkent shahri,Mirobod tumani,2,40.4,686800000.0,,17000000.0,,estimated_total_from_sqm,live,,,True,ok
2026-08-25T05:00:07+00:00,yangiuylar,https://yangiuylar.uz/novostroyka/sun-124,124,SUN,Human2Human,Toshkent shahri,Mirobod tumani,3,53.1,902700000.0,,17000000.0,,estimated_total_from_sqm,live,,,True,ok
2026-08-25T05:00:07+00:00,yangiuylar,https://yangiuylar.uz/novostroyka/sun-124,124,SUN,Human2Human,Toshkent shahri,Mirobod tumani,4,80.1,1361700000.0,,17000000.0,,estimated_total_from_sqm,live,,,True,ok
2026-08-25T05:00:07+00:00,yangiuylar,https://yangiuylar.uz/novostroyka/savr-avenue-127,127,Savr Avenue,Vero Group,Toshkent shahri,Mirobod tumani,1,27.7,443200000.0,,16000000.0,,estimated_total_from_sqm,live,,,True,ok
2026-08-25T05:00:07+00:00,yangiuylar,https://yangiuylar.uz/novostroyka/savr-avenue-127,127,Savr Avenue,Vero Group,Toshkent shahri,Mirobod tumani,2,48.2,771200000.0,,16000000.0,,estimated_total_from_sqm,live,,,True,ok
2026-08-25T05:00:07+00:00,yangiuylar,https://yangiuylar.uz/novostroyka/savr-avenue-127,127,Savr Avenue,Vero Group,Toshkent shahri,Mirobod tumani,3,75.7,1211200000.0,,16000000.0,,estimated_total_from_sqm,live,,,True,ok
2026-08-25T05:00:07+00:00,yangiuylar,https://yangiuylar.uz/novostroyka/venera-residence-142,142,Venera Residence,NAU COMPANY,Toshkent shahri,Mirobod tumani,1,44.91,1430832600.0,,31860000.0,,estimated_total_from_sqm,live,,,True,ok
2026-08-25T05:00:07+00:00,yangiuylar,https://yangiuylar.uz/novostroyka/venera-residence-142,142,Venera Residence,NAU COMPANY,Toshkent shahri,Mirobod tumani,2,44.75,1425735000.0,,31860000.0,,estimated_total_from_sqm,live,,,True,ok
2026-08-25T05:00:07+00:00,yangiuylar,https://yangiuylar.uz/novostroyka/venera-residence-142,142,Venera Residence,NAU COMPANY,Toshkent shahri,Mirobod tumani,3,71.16,2267157600.0,,31860000.0,,estimated_total_from_sqm,live,,,True,ok
2026-08-25T05:00:07+00:00,yangiuylar,https://yangiuylar.uz/novostroyka/assalom-bog'lar-83,83,Assalom Bog'lar,Golden House,Toshkent shahri,Mirzo Ulug'bek tumani,1,29.6,402560000.0,,13600000.0,,estimated_total_from_sqm,live,,,True,ok
2026-08-25T05:00:07+00:00,yangiuylar,https://yangiuylar.uz/novostroyka/assalom-bog'lar-83,83,Assalom Bog'lar,Golden House,Toshkent shahri,Mirzo Ulug'bek tumani,2,55.06,748816000.0,,13600000.0,,estimated_total_from_sqm,live,,,True,ok
2026-08-25T05:00:07+00:00,yangiuylar,https://yangiuylar.uz/novostroyka/assalom-bog'lar-83,83,Assalom Bog'lar,Golden House,Toshkent shahri,Mirzo Ulug'bek tumani,3,81.25,1105000000.0,,13600000.0,,estimated_total_from_sqm,live,,,True,ok
2026-08-25T05:00:07+00:00,yangiuylar,https://yangiuylar.uz/novostroyka/golden-hills-138,138,Golden Hills,THE BEST STROY,Toshkent shahri,Mirzo Ulug'bek tumani,1,42.84,591192000.0,,13800000.0,,estimated_total_from_sqm,live,,,True,ok
2026-08-25T05:00:07+00:00,yangiuylar,https://yangiuylar.uz/novostroyka/golden-hills-138,138,Golden Hills,THE BEST STROY,Toshkent shahri,Mirzo Ulug'bek tumani,2,56.42,778596000.0,,13800000.0,,estimated_total_from_sqm,live,,,True,ok
2026-08-25T05:00:07+00:00,yangiuylar,https://yangiuylar.uz/novostroyka/golden-hills-138,138,Golden Hills,THE BEST STROY,Toshkent shahri,Mirzo Ulug'bek tumani,3,95.76,1321488000.0,,13800000.0,,estimated_total_from_sqm,live,,,True,ok
2026-08-25T05:00:07+00:00,yangiuylar,https://yangiuylar.uz/novostroyka/moskva-155,155,Moskva,Diamond Castle ,Toshkent shahri,Mirzo Ulug'bek tumani,1,52.0,1643200000.0,,31600000.0,,estimated_total_from_sqm,live,,,True,ok
2026-08-25T05:00:07+00:00,yangiuylar,https://yangiuylar.uz/novostroyka/moskva-155,155,Moskva,Diamond Castle ,Toshkent shahri,Mirzo Ulug'bek tumani,2,51.5,1627400000.0,,31600000.0,,estimated_total_from_sqm,live,,,True,ok
2026-08-25T05:00:07+00:00,yangiuylar,https://yangiuylar.uz/novostroyka/moskva-155,155,Moskva,Diamond Castle ,Toshkent shahri,Mirzo Ulug'bek tumani,3,105.0,3318000000.0,,31600000.0,,estimated_total_from_sqm,live,,,True,ok
2026-08-25T05:00:07+00:00,yangiuylar,https://yangiuylar.uz/novostroyka/moskva-155,155,Moskva,Diamond Castle ,Toshkent shahri,Mirzo Ulug'bek tumani,4,113.0,3570800000.0,,31600000.0,,estimated_total_from_sqm,live,,,True,ok
2026-08-25T05:00:07+00:00,yangiuylar,https://yangiuylar.uz/novostroyka/flagman-158,158,NRG Flagman,NRG-BI,Toshkent shahri,Mirzo Ulug'bek tumani,2,55.1,727320000.0,,13200000.0,,estimated_total_from_sqm,live,,,True,ok
2026-08-25T05:00:07+00:00,yangiuylar,https://yangiuylar.uz/novostroyka/flagman-158,158,NRG Flagman,NRG-BI,Toshkent shahri,Mirzo Ulug'bek tumani,3,78.03,1029996000.0,,13200000.0,,estimated_total_from_sqm,live,,,True,ok
2026-08-25T05:00:07+00:00,yangiuylar,https://yangiuylar.uz/novostroyka/flagman-158,158,NRG Flagman,NRG-BI,Toshkent shahri,Mirzo Ulug'bek tumani,4,140.98,1860936000.0,,13200000.0,,estimated_total_from_sqm,live,,,True,ok
2026-08-25T05:00:07+00:00,yangiuylar,https://yangiuylar.uz/novostroyka/nrg-voha-317,317,NRG Voha,NRG-BI,Toshkent shahri,Mirzo Ulug'bek tumani,2,46.16,1430960000.0,,31000000.0,,estimated_total_from_sqm,live,,,True,ok
2026-08-25T05:00:07+00:00,yangiuylar,https://yangiuylar.uz/novostroyka/nrg-voha-317,317,NRG Voha,NRG-BI,Toshkent shahri,Mirzo Ulug'bek tumani,3,72.4,2244400000.0,,31000000.0,,estimated_total_from_sqm,live,,,True,ok
2026-08-25T05:00:07+00:00,yangiuylar,https://yangiuylar.uz/novostroyka/nrg-voha-317,317,NRG Voha,NRG-BI,Toshkent shahri,Mirzo Ulug'bek tumani,4,92.99,2882690000.0,,31000000.0,,estimated_total_from_sqm,live,,,True,ok
2026-08-25T05:00:07+00:00,yangiuylar,https://yangiuylar.uz/novostroyka/nrg-voha-317,317,NRG Voha,NRG-BI,Toshkent shahri,Mirzo Ulug'bek tumani,5,162.18,5027580000.0,,31000000.0,,estimated_total_from_sqm,live,,,True,ok
2026-08-25T05:00:07+00:00,yangiuylar,https://yangiuylar.uz/novostroyka/nrg-bi-4u-tashkent-319,319,NRG-BI 4U Tashkent,NRG-BI,Toshkent shahri,Mirzo Ulug'bek tumani,1,33.42,802080000.0,,24000000.0,,estimated_total_from_sqm,live,,,True,ok
2026-08-25T05:00:07+00:00,yangiuylar,https://yangiuylar.uz/novostroyka/nrg-bi-4u-tashkent-319,319,NRG-BI 4U Tashkent,NRG-BI,Toshkent shahri,Mirzo Ulug'bek tumani,2,37.52,900480000.0,,24000000.0,,estimated_total_from_sqm,live,,,True,ok
2026-08-25T05:00:07+00:00,yangiuylar,https://yangiuylar.uz/novostroyka/nrg-bi-4u-tashkent-319,319,NRG-BI 4U Tashkent,NRG-BI,Toshkent shahri,Mirzo Ulug'bek tumani,3,57.7,1384800000.0,,24000000.0,,estimated_total_from_sqm,live,,,True,ok
2026-08-25T05:00:07+00:00,yangiuylar,https://yangiuylar.uz/novostroyka/nrg-bi-4u-tashkent-319,319,NRG-BI 4U Tashkent,NRG-BI,Toshkent shahri,Mirzo Ulug'bek tumani,4,91.65,2199600000.0,,24000000.0,,estimated_total_from_sqm,live,,,True,ok
2026-08-25T05:00:07+00:00,yangiuylar,https://yangiuylar.uz/novostroyka/nrg-bi-4u-tashkent-319,319,NRG-BI 4U Tashkent,NRG-BI,Toshkent shahri,Mirzo Ulug'bek tumani,5,149.5,3588000000.0,,24000000.0,,estimated_total_from_sqm,live,,,True,ok
2026-08-25T05:00:07+00:00,yangiuylar,https://yangiuylar.uz/novostroyka/botanika-saroyi-106,106,NRG-BI Botanika Saroyi,NRG-BI,Toshkent shahri,Mirzo Ulug'bek tumani,1,36.98,737751000.0,,19950000.0,,estimated_total_from_sqm,live,,,True,ok
2026-08-25T05:00:07+00:00,yangiuylar,https://yangiuylar.uz/novostroyka/botanika-saroyi-106,106,NRG-BI Botanika Saroyi,NRG-BI,Toshkent shahri,Mirzo Ulug'bek tumani,2,57.85,1154107500.0,,19950000.0,,estimated_total_from_sqm,live,,,True,ok
2026-08-25T05:00:07+00:00,yangiuylar,https://yangiuylar.uz/novostroyka/botanika-saroyi-106,106,NRG-BI Botanika Saroyi,NRG-BI,Toshkent shahri,Mirzo Ulug'bek tumani,3,74.57,1487671500.0,,19950000.0,,estimated_total_from_sqm,live,,,True,ok
2026-08-25T05:00:07+00:00,yangiuylar,https://yangiuylar.uz/novostroyka/o'z-mahal-2,2,O'z Mahal,Golden House,Toshkent shahri,Mirzo Ulug'bek tumani,1,44.91,709578000.0,,15800000.0,,estimated_total_from_sqm,live,,,True,ok
2026-08-25T05:00:07+00:00,yangiuylar,https://yangiuylar.uz/novostroyka/o'z-mahal-2,2,O'z Mahal,Golden House,Toshkent shahri,Mirzo Ulug'bek tumani,2,59.13,934254000.0,,15800000.0,,estimated_total_from_sqm,live,,,True,ok
2026-08-25T05:00:07+00:00,yangiuylar,https://yangiuylar.uz/novostroyka/o'z-mahal-2,2,O'z Mahal,Golden House,Toshkent shahri,Mirzo Ulug'bek tumani,3,75.77,1197166000.0,,15800000.0,,estimated_total_from_sqm,live,,,True,ok
2026-08-25T05:00:07+00:00,yangiuylar,https://yangiuylar.uz/novostroyka/o'z-mahal-2,2,O'z Mahal,Golden House,Toshkent shahri,Mirzo Ulug'bek tumani,4,106.18,1677644000.0,,15800000.0,,estimated_total_from_sqm,live,,,True,ok
2026-08-25T05:00:07+00:00,yangiuylar,https://yangiuylar.uz/novostroyka/oltintepa-198,198,Oltintepa,World Class House,Toshkent shahri,Mirzo Ulug'bek tumani,1,41.0,492000000.0,,12000000.0,,estimated_total_from_sqm,live,,,True,ok
2026-08-25T05:00:07+00:00,yangiuylar,https://yangiuylar.uz/novostroyka/oltintepa-198,198,Oltintepa,World Class House,Toshkent shahri,Mirzo Ulug'bek tumani,2,64.0,768000000.0,,12000000.0,,estimated_total_from_sqm,live,,,True,ok
2026-08-25T05:00:07+00:00,yangiuylar,https://yangiuylar.uz/novostroyka/oltintepa-198,198,Oltintepa,World Class House,Toshkent shahri,Mirzo Ulug'bek tumani,3,100.0,1200000000.0,,12000000.0,,estimated_total_from_sqm,live,,,True,ok
2026-08-25T05:00:07+00:00,yangiuylar,https://yangiuylar.uz/novostroyka/pushkin-248,248,Pushkin,Tower Up ,Toshkent shahri,Mirzo Ulug'bek tumani,2,60.81,1247821200.0,,20520000.0,,estimated_total_from_sqm,live,,,True,ok
2026-08-25T05:00:07+00:00,yangiuylar,https://yangiuylar.uz/novostroyka/pushkin-248,248,Pushkin,Tower Up ,Toshkent shahri,Mirzo Ulug'bek tumani,3,60.82,1248026400.0,,20520000.0,,estimated_total_from_sqm,live,,,True,ok
2026-08-25T05:00:07+00:00,yangiuylar,https://yangiuylar.uz/novostroyka/pushkin-248,248,Pushkin,Tower Up ,Toshkent shahri,Mirzo Ulug'bek tumani,4,103.16,2116843200.0,,20520000.0,,estimated_total_from_sqm,live,,,True,ok
2026-08-25T05:00:07+00:00,yangiuylar,https://yangiuylar.uz/novostroyka/regnum-plaza-5,5,Regnum Plaza,Murad Buildings,Toshkent shahri,Mirzo Ulug'bek tumani,1,44.3,1151800000.0,,26000000.0,,estimated_total_from_sqm,live,,,True,ok
2026-08-25T05:00:07+00:00,yangiuylar,https://yangiuylar.uz/novostroyka/regnum-plaza-5,5,Regnum Plaza,Murad Buildings,Toshkent shahri,Mirzo Ulug'bek tumani,2,50.42,1310920000.0,,26000000.0,,estimated_total_from_sqm,live,,,True,ok
2026-08-25T05:00:07+00:00,yangiuylar,https://yangiuylar.uz/novostroyka/regnum-plaza-5,5,Regnum Plaza,Murad Buildings,Toshkent shahri,Mirzo Ulug'bek tumani,3,76.24,1982240000.0,,26000000.0,,estimated_total_from_sqm,live,,,True,ok
2026-08-25T05:00:07+00:00,yangiuylar,https://yangiuylar.uz/novostroyka/regnum-plaza-5,5,Regnum Plaza,Murad Buildings,Toshkent shahri,Mirzo Ulug'bek tumani,4,125.24,3256240000.0,,26000000.0,,estimated_total_from_sqm,live,,,True,ok
2026-08-25T05:00:07+00:00,yangiuylar,https://yangiuylar.uz/novostroyka/saadiyat-171,171,Saadiyat,Murad Buildings,Toshkent shahri,Mirzo Ulug'bek tumani,1,35.76,822480000.0,,23000000.0,,estimated_total_from_sqm,live,,,True,ok
2026-08-25T05:00:07+00:00,yangiuylar,https://yangiuylar.uz/novostroyka/saadiyat-171,171,Saadiyat,Murad Buildings,Toshkent shahri,Mirzo Ulug'bek tumani,2,46.05,1059150000.0,,23000000.0,,estimated_total_from_sqm,live,,,True,ok
2026-08-25T05:00:07+00:00,yangiuylar,https://yangiuylar.uz/novostroyka/saadiyat-171,171,Saadiyat,Murad Buildings,Toshkent shahri,Mirzo Ulug'bek tumani,3,73.47,1689810000.0,,23000000.0,,estimated_total_from_sqm,live,,,True,ok
2026-08-25T05:00:07+00:00,yangiuylar,https://yangiuylar.uz/novostroyka/saadiyat-171,171,Saadiyat,Murad Buildings,Toshkent shahri,Mirzo Ulug'bek tumani,4,90.78,2087940000.0,,23000000.0,,estimated_total_from_sqm,live,,,True,ok
2026-08-25T05:00:07+00:00,yangiuylar,https://yangiuylar.uz/novostroyka/sayram-plaza-165,165,Sayram Plaza,Ist-Batterflay,Toshkent shahri,Mirzo Ulug'bek tumani,1,40.96,532480000.0,,13000000.0,,estimated_total_from_sqm,live,,,True,ok
2026-08-25T05:00:07+00:00,yangiuylar,https://yangiuylar.uz/novostroyka/sayram-plaza-165,165,Sayram Plaza,Ist-Batterflay,Toshkent shahri,Mirzo Ulug'bek tumani,2,58.37,758810000.0,,13000000.0,,estimated_total_from_sqm,live,,,True,ok
2026-08-25T05:00:07+00:00,yangiuylar,https://yangiuylar.uz/novostroyka/sayram-plaza-165,165,Sayram Plaza,Ist-Batterflay,Toshkent shahri,Mirzo Ulug'bek tumani,3,76.8,998400000.0,,13000000.0,,estimated_total_from_sqm,live,,,True,ok
2026-08-25T05:00:07+00:00,yangiuylar,https://yangiuylar.uz/novostroyka/vatan-residence-98,98,Vatan Residence,Xon Saroy,Toshkent shahri,Mirzo Ulug'bek tumani,1,36.78,653212800.0,,17760000.0,,estimated_total_from_sqm,live,,,True,ok
2026-08-25T05:00:07+00:00,yangiuylar,https://yangiuylar.uz/novostroyka/vatan-residence-98,98,Vatan Residence,Xon Saroy,Toshkent shahri,Mirzo Ulug'bek tumani,2,42.7,758352000.0,,17760000.0,,estimated_total_from_sqm,live,,,True,ok
2026-08-25T05:00:07+00:00,yangiuylar,https://yangiuylar.uz/novostroyka/vatan-residence-98,98,Vatan Residence,Xon Saroy,Toshkent shahri,Mirzo Ulug'bek tumani,3,68.4,1214784000.0,,17760000.0,,estimated_total_from_sqm,live,,,True,ok
2026-08-25T05:00:07+00:00,yangiuylar,https://yangiuylar.uz/novostroyka/china-house-188,188,Yangi O'zbekiston,China House,Toshkent shahri,Mirzo Ulug'bek tumani,1,35.2,545600000.0,,15500000.0,,estimated_total_from_sqm,live,,,True,ok
2026-08-25T05:00:07+00:00,yangiuylar,https://yangiuylar.uz/novostroyka/china-house-188,188,Yangi O'zbekiston,China House,Toshkent shahri,Mirzo Ulug'bek tumani,2,63.1,978050000.0,,15500000.0,,estimated_total_from_sqm,live,,,True,ok
2026-08-25T05:00:07+00:00,yangiuylar,https://yangiuylar.uz/novostroyka/aurum-311,311,Aurum,Great House,Toshkent shahri,Olmazor tumani,1,42.9,600600000.0,,14000000.0,,estimated_total_from_sqm,live,,,True,ok
2026-08-25T05:00:07+00:00,yangiuylar,https://yangiuylar.uz/novostroyka/aurum-311,311,Aurum,Great House,Toshkent shahri,Olmazor tumani,2,73.9,1034600000.0,,14000000.0,,estimated_total_from_sqm,live,,,True,ok
2026-08-25T05:00:07+00:00,yangiuylar,https://yangiuylar.uz/novostroyka/aurum-311,311,Aurum,Great House,Toshkent shahri,Olmazor tumani,3,72.3,1012200000.0,,14000000.0,,estimated_total_from_sqm,live,,,True,ok
2026-08-25T05:00:07+00:00,yangiuylar,https://yangiuylar.uz/novostroyka/jomiy-residence-274,274,Jomiy Residence,Chinor Group Development,Toshkent shahri,Olmazor tumani,1,33.16,464240000.0,,14000000.0,,estimated_total_from_sqm,live,,,True,ok
2026-08-25T05:00:07+00:00,yangiuylar,https://yangiuylar.uz/novostroyka/jomiy-residence-274,274,Jomiy Residence,Chinor Group Development,Toshkent shahri,Olmazor tumani,2,58.68,821520000.0,,14000000.0,,estimated_total_from_sqm,live,,,True,ok
2026-08-25T05:00:07+00:00,yangiuylar,https://yangiuylar.uz/novostroyka/jomiy-residence-274,274,Jomiy Residence,Chinor Group Development,Toshkent shahri,Olmazor tumani,3,77.11,1079540000.0,,14000000.0,,estimated_total_from_sqm,live,,,True,ok
2026-08-25T05:00:07+00:00,yangiuylar,https://yangiuylar.uz/novostroyka/nrg-jomiy-323,323,NRG Jomiy,NRG-BI,Toshkent shahri,Olmazor tumani,1,40.6,598038000.0,,14730000.0,,estimated_total_from_sqm,live,,,True,ok
2026-08-25T05:00:07+00:00,yangiuylar,https://yangiuylar.uz/novostroyka/nrg-jomiy-323,323,NRG Jomiy,NRG-BI,Toshkent shahri,Olmazor tumani,2,46.06,678463800.0,,14730000.0,,estimated_total_from_sqm,live,,,True,ok
2026-08-25T05:00:07+00:00,yangiuylar,https://yangiuylar.uz/novostroyka/nrg-jomiy-323,323,NRG Jomiy,NRG-BI,Toshkent shahri,Olmazor tumani,3,65.4,963342000.0,,14730000.0,,estimated_total_from_sqm,live,,,True,ok
2026-08-25T05:00:07+00:00,yangiuylar,https://yangiuylar.uz/novostroyka/nrg-jomiy-323,323,NRG Jomiy,NRG-BI,Toshkent shahri,Olmazor tumani,4,88.6,1305078000.0,,14730000.0,,estimated_total_from_sqm,live,,,True,ok
2026-08-25T05:00:07+00:00,yangiuylar,https://yangiuylar.uz/novostroyka/riverside-residence-164,164,Riverside Residence,Riverside Residence,Toshkent shahri,Olmazor tumani,2,54.0,594000000.0,,11000000.0,,estimated_total_from_sqm,live,,,True,ok
2026-08-25T05:00:07+00:00,yangiuylar,https://yangiuylar.uz/novostroyka/riverside-residence-164,164,Riverside Residence,Riverside Residence,Toshkent shahri,Olmazor tumani,3,81.7,898700000.0,,11000000.0,,estimated_total_from_sqm,live,,,True,ok
2026-08-25T05:00:07+00:00,yangiuylar,https://yangiuylar.uz/novostroyka/riverside-residence-164,164,Riverside Residence,Riverside Residence,Toshkent shahri,Olmazor tumani,4,107.5,1182500000.0,,11000000.0,,estimated_total_from_sqm,live,,,True,ok
2026-08-25T05:00:07+00:00,yangiuylar,https://yangiuylar.uz/novostroyka/yaqinlar-264,264,Yaqinlar,Building Connection,Toshkent shahri,Olmazor tumani,1,31.76,412880000.0,,13000000.0,,estimated_total_from_sqm,live,,,True,ok
2026-08-25T05:00:07+00:00,yangiuylar,https://yangiuylar.uz/novostroyka/yaqinlar-264,264,Yaqinlar,Building Connection,Toshkent shahri,Olmazor tumani,2,52.24,679120000.0,,13000000.0,,estimated_total_from_sqm,live,,,True,ok
2026-08-25T05:00:07+00:00,yangiuylar,https://yangiuylar.uz/novostroyka/yaqinlar-264,264,Yaqinlar,Building Connection,Toshkent shahri,Olmazor tumani,3,83.02,1079260000.0,,13000000.0,,estimated_total_from_sqm,live,,,True,ok
2026-08-25T05:00:07+00:00,yangiuylar,https://yangiuylar.uz/novostroyka/stroitelnyj-torgovyj-centr-jomiy-mall-265,265,Строительный торговый центр «Jomiy Mall»,The Pirzada Group,Toshkent shahri,Olmazor tumani,1,28.84,703696000.0,,24400000.0,,estimated_total_from_sqm,live,,,True,ok
2026-08-25T05:00:07+00:00,yangiuylar,https://yangiuylar.uz/novostroyka/aero-town-121,121,Aero Town,Kala group,Toshkent shahri,Sergeli tumani,2,57.27,698694000.0,,12200000.0,,estimated_total_from_sqm,live,,,True,ok
2026-08-25T05:00:07+00:00,yangiuylar,https://yangiuylar.uz/novostroyka/aero-town-121,121,Aero Town,Kala group,Toshkent shahri,Sergeli tumani,3,71.9,877180000.0,,12200000.0,,estimated_total_from_sqm,live,,,True,ok
2026-08-25T05:00:07+00:00,yangiuylar,https://yangiuylar.uz/novostroyka/dreamland-aeroport-184,184,Dreamland Aeroport,Dreamland Development,Toshkent shahri,Sergeli tumani,1,39.4,520080000.0,,13200000.0,,estimated_total_from_sqm,live,,,True,ok
2026-08-25T05:00:07+00:00,yangiuylar,https://yangiuylar.uz/novostroyka/dreamland-aeroport-184,184,Dreamland Aeroport,Dreamland Development,Toshkent shahri,Sergeli tumani,2,55.0,726000000.0,,13200000.0,,estimated_total_from_sqm,live,,,True,ok
2026-08-25T05:00:07+00:00,yangiuylar,https://yangiuylar.uz/novostroyka/dreamland-aeroport-184,184,Dreamland Aeroport,Dreamland Development,Toshkent shahri,Sergeli tumani,3,75.7,999240000.0,,13200000.0,,estimated_total_from_sqm,live,,,True,ok
2026-08-25T05:00:07+00:00,yangiuylar,https://yangiuylar.uz/novostroyka/favorit-residence-328,328,Favorit Residence,Favorit Residence,Toshkent shahri,Sergeli tumani,1,116.67,1341705000.0,,11500000.0,,estimated_total_from_sqm,live,,,True,ok
2026-08-25T05:00:07+00:00,yangiuylar,https://yangiuylar.uz/novostroyka/favorit-residence-328,328,Favorit Residence,Favorit Residence,Toshkent shahri,Sergeli tumani,2,65.23,750145000.0,,11500000.0,,estimated_total_from_sqm,live,,,True,ok
2026-08-25T05:00:07+00:00,yangiuylar,https://yangiuylar.uz/novostroyka/modern-sergeli-91,91,Modern Sergeli,Modern Sergeli,Toshkent shahri,Sergeli tumani,1,48.0,581760000.0,,12120000.0,,estimated_total_from_sqm,live,,,True,ok
2026-08-25T05:00:07+00:00,yangiuylar,https://yangiuylar.uz/novostroyka/modern-sergeli-91,91,Modern Sergeli,Modern Sergeli,Toshkent shahri,Sergeli tumani,2,68.0,824160000.0,,12120000.0,,estimated_total_from_sqm,live,,,True,ok
2026-08-25T05:00:07+00:00,yangiuylar,https://yangiuylar.uz/novostroyka/modern-sergeli-91,91,Modern Sergeli,Modern Sergeli,Toshkent shahri,Sergeli tumani,3,89.0,1078680000.0,,12120000.0,,estimated_total_from_sqm,live,,,True,ok
2026-08-25T05:00:07+00:00,yangiuylar,https://yangiuylar.uz/novostroyka/navro'z-residence-211,211,Navro'z Residence,China House,Toshkent shahri,Sergeli tumani,1,37.7,452400000.0,,12000000.0,,estimated_total_from_sqm,live,,,True,ok
2026-08-25T05:00:07+00:00,yangiuylar,https://yangiuylar.uz/novostroyka/navro'z-residence-211,211,Navro'z Residence,China House,Toshkent shahri,Sergeli tumani,2,43.38,520560000.0,,12000000.0,,estimated_total_from_sqm,live,,,True,ok
2026-08-25T05:00:07+00:00,yangiuylar,https://yangiuylar.uz/novostroyka/navro'z-residence-211,211,Navro'z Residence,China House,Toshkent shahri,Sergeli tumani,3,75.4,904800000.0,,12000000.0,,estimated_total_from_sqm,live,,,True,ok
2026-08-25T05:00:07+00:00,yangiuylar,https://yangiuylar.uz/novostroyka/sergeli-bunyodobod-247,247,Sergeli Bunyodobod,Baxt Development,Toshkent shahri,Sergeli tumani,2,41.1,439770000.0,,10700000.0,,estimated_total_from_sqm,live,,,True,ok
2026-08-25T05:00:07+00:00,yangiuylar,https://yangiuylar.uz/novostroyka/sergeli-bunyodobod-247,247,Sergeli Bunyodobod,Baxt Development,Toshkent shahri,Sergeli tumani,3,54.1,578870000.0,,10700000.0,,estimated_total_from_sqm,live,,,True,ok
2026-08-25T05:00:07+00:00,yangiuylar,https://yangiuylar.uz/novostroyka/twins-122,122,Twins,New Build Development,Toshkent shahri,Sergeli tumani,2,67.7,825940000.0,,12200000.0,,estimated_total_from_sqm,live,,,True,ok
2026-08-25T05:00:07+00:00,yangiuylar,https://yangiuylar.uz/novostroyka/twins-122,122,Twins,New Build Development,Toshkent shahri,Sergeli tumani,3,96.5,1177300000.0,,12200000.0,,estimated_total_from_sqm,live,,,True,ok
2026-08-25T05:00:07+00:00,yangiuylar,https://yangiuylar.uz/novostroyka/yangi-o'zbekiston-massivi-199,199,Yangi O’zbekiston Massivi,Tower Up ,Toshkent shahri,Sergeli tumani,1,31.0,434000000.0,,14000000.0,,estimated_total_from_sqm,live,,,True,ok
2026-08-25T05:00:07+00:00,yangiuylar,https://yangiuylar.uz/novostroyka/yangi-o'zbekiston-massivi-199,199,Yangi O’zbekiston Massivi,Tower Up ,Toshkent shahri,Sergeli tumani,2,51.0,714000000.0,,14000000.0,,estimated_total_from_sqm,live,,,True,ok
2026-08-25T05:00:07+00:00,yangiuylar,https://yangiuylar.uz/novostroyka/yangi-o'zbekiston-massivi-199,199,Yangi O’zbekiston Massivi,Tower Up ,Toshkent shahri,Sergeli tumani,3,65.0,910000000.0,,14000000.0,,estimated_total_from_sqm,live,,,True,ok
2026-08-25T05:00:07+00:00,yangiuylar,https://yangiuylar.uz/novostroyka/broadway-plaza-271,271,Broadway Plaza,The Pirzada Group,Toshkent shahri,Shayxontohur tumani,1,14.2,519720000.0,,36600000.0,,estimated_total_from_sqm,live,,,True,ok
2026-08-25T05:00:07+00:00,yangiuylar,https://yangiuylar.uz/novostroyka/nafas-sebzor-176,176,Nafas Sebzor,Taxtapul Avenue,Toshkent shahri,Shayxontohur tumani,1,27.7,470900000.0,,17000000.0,,estimated_total_from_sqm,live,,,True,ok
2026-08-25T05:00:07+00:00,yangiuylar,https://yangiuylar.uz/novostroyka/nafas-sebzor-176,176,Nafas Sebzor,Taxtapul Avenue,Toshkent shahri,Shayxontohur tumani,2,44.2,751400000.0,,17000000.0,,estimated_total_from_sqm,live,,,True,ok
2026-08-25T05:00:07+00:00,yangiuylar,https://yangiuylar.uz/novostroyka/nafas-sebzor-176,176,Nafas Sebzor,Taxtapul Avenue,Toshkent shahri,Shayxontohur tumani,3,74.25,1262250000.0,,17000000.0,,estimated_total_from_sqm,live,,,True,ok
2026-08-25T05:00:07+00:00,yangiuylar,https://yangiuylar.uz/novostroyka/park-city-labzak-79,79,Park City Labzak,Park City Labzak,Toshkent shahri,Shayxontohur tumani,2,43.87,,,,,estimated_total_from_sqm,live,,,True,ok
2026-08-25T05:00:07+00:00,yangiuylar,https://yangiuylar.uz/novostroyka/aman-residence-258,258,Aman Residence,Aman Residence,Toshkent shahri,Uchtepa tumani,1,30.7,334630000.0,,10900000.0,,estimated_total_from_sqm,live,,,True,ok
2026-08-25T05:00:07+00:00,yangiuylar,https://yangiuylar.uz/novostroyka/aman-residence-258,258,Aman Residence,Aman Residence,Toshkent shahri,Uchtepa tumani,2,49.3,537370000.0,,10900000.0,,estimated_total_from_sqm,live,,,True,ok
2026-08-25T05:00:07+00:00,yangiuylar,https://yangiuylar.uz/novostroyka/aman-residence-258,258,Aman Residence,Aman Residence,Toshkent shahri,Uchtepa tumani,3,60.0,654000000.0,,10900000.0,,estimated_total_from_sqm,live,,,True,ok
2026-08-25T05:00:07+00:00,yangiuylar,https://yangiuylar.uz/novostroyka/depo-residence-73,73,Depo Residence,Depo Residence,Toshkent shahri,Uchtepa tumani,1,43.5,500250000.0,,11500000.0,,estimated_total_from_sqm,live,,,True,ok
2026-08-25T05:00:07+00:00,yangiuylar,https://yangiuylar.uz/novostroyka/depo-residence-73,73,Depo Residence,Depo Residence,Toshkent shahri,Uchtepa tumani,2,63.0,724500000.0,,11500000.0,,estimated_total_from_sqm,live,,,True,ok
2026-08-25T05:00:07+00:00,yangiuylar,https://yangiuylar.uz/novostroyka/depo-residence-73,73,Depo Residence,Depo Residence,Toshkent shahri,Uchtepa tumani,3,86.3,992450000.0,,11500000.0,,estimated_total_from_sqm,live,,,True,ok
2026-08-25T05:00:07+00:00,yangiuylar,https://yangiuylar.uz/novostroyka/lutfiy-garden-243,243,Lutfiy Garden,Uchtepa Avenue ,Toshkent shahri,Uchtepa tumani,1,45.2,519800000.0,,11500000.0,,estimated_total_from_sqm,live,,,True,ok
2026-08-25T05:00:07+00:00,yangiuylar,https://yangiuylar.uz/novostroyka/lutfiy-garden-243,243,Lutfiy Garden,Uchtepa Avenue ,Toshkent shahri,Uchtepa tumani,2,55.5,638250000.0,,11500000.0,,estimated_total_from_sqm,live,,,True,ok
2026-08-25T05:00:07+00:00,yangiuylar,https://yangiuylar.uz/novostroyka/lutfiy-garden-243,243,Lutfiy Garden,Uchtepa Avenue ,Toshkent shahri,Uchtepa tumani,3,107.2,1232800000.0,,11500000.0,,estimated_total_from_sqm,live,,,True,ok
2026-08-25T05:00:07+00:00,yangiuylar,https://yangiuylar.uz/novostroyka/mening-uyim-93,93,Mening Uyim,Soud Grop,Toshkent shahri,Uchtepa tumani,1,31.6,271760000.0,,8600000.0,,estimated_total_from_sqm,live,,,True,ok
2026-08-25T05:00:07+00:00,yangiuylar,https://yangiuylar.uz/novostroyka/mening-uyim-93,93,Mening Uyim,Soud Grop,Toshkent shahri,Uchtepa tumani,2,58.24,500864000.0,,8600000.0,,estimated_total_from_sqm,live,,,True,ok
2026-08-25T05:00:07+00:00,yangiuylar,https://yangiuylar.uz/novostroyka/mening-uyim-93,93,Mening Uyim,Soud Grop,Toshkent shahri,Uchtepa tumani,3,103.6,890960000.0,,8600000.0,,estimated_total_from_sqm,live,,,True,ok
2026-08-25T05:00:07+00:00,yangiuylar,https://yangiuylar.uz/novostroyka/o'rikzor-residence-232,232,O'rikzor Residence,Land House,Toshkent shahri,Uchtepa tumani,1,38.6,443900000.0,,11500000.0,,estimated_total_from_sqm,live,,,True,ok
2026-08-25T05:00:07+00:00,yangiuylar,https://yangiuylar.uz/novostroyka/o'rikzor-residence-232,232,O'rikzor Residence,Land House,Toshkent shahri,Uchtepa tumani,2,52.7,606050000.0,,11500000.0,,estimated_total_from_sqm,live,,,True,ok
2026-08-25T05:00:07+00:00,yangiuylar,https://yangiuylar.uz/novostroyka/o'rikzor-residence-232,232,O'rikzor Residence,Land House,Toshkent shahri,Uchtepa tumani,3,67.6,777400000.0,,11500000.0,,estimated_total_from_sqm,live,,,True,ok
2026-08-25T05:00:07+00:00,yangiuylar,https://yangiuylar.uz/novostroyka/obod-maskan-314,314,Obod Maskan,Art House,Toshkent shahri,Uchtepa tumani,2,40.08,521040000.0,,13000000.0,,estimated_total_from_sqm,live,,,True,ok
2026-08-25T05:00:07+00:00,yangiuylar,https://yangiuylar.uz/novostroyka/obod-maskan-314,314,Obod Maskan,Art House,Toshkent shahri,Uchtepa tumani,3,86.0,1118000000.0,,13000000.0,,estimated_total_from_sqm,live,,,True,ok
2026-08-25T05:00:07+00:00,yangiuylar,https://yangiuylar.uz/novostroyka/soy-bo'yi-80,80,Soy Bo'yi,Murad Buildings,Toshkent shahri,Uchtepa tumani,1,40.56,730080000.0,,18000000.0,,estimated_total_from_sqm,live,,,True,ok
2026-08-25T05:00:07+00:00,yangiuylar,https://yangiuylar.uz/novostroyka/soy-bo'yi-80,80,Soy Bo'yi,Murad Buildings,Toshkent shahri,Uchtepa tumani,2,46.59,838620000.0,,18000000.0,,estimated_total_from_sqm,live,,,True,ok
2026-08-25T05:00:07+00:00,yangiuylar,https://yangiuylar.uz/novostroyka/soy-bo'yi-80,80,Soy Bo'yi,Murad Buildings,Toshkent shahri,Uchtepa tumani,3,69.11,1243980000.0,,18000000.0,,estimated_total_from_sqm,live,,,True,ok
2026-08-25T05:00:07+00:00,yangiuylar,https://yangiuylar.uz/novostroyka/soy-bo'yi-80,80,Soy Bo'yi,Murad Buildings,Toshkent shahri,Uchtepa tumani,4,111.64,2009520000.0,,18000000.0,,estimated_total_from_sqm,live,,,True,ok
2026-08-25T05:00:07+00:00,yangiuylar,https://yangiuylar.uz/novostroyka/uchtepa-avenue-48,48,Uchtepa Avenue,Uchtepa Avenue ,Toshkent shahri,Uchtepa tumani,1,45.1,586300000.0,,13000000.0,,estimated_total_from_sqm,live,,,True,ok
2026-08-25T05:00:07+00:00,yangiuylar,https://yangiuylar.uz/novostroyka/uchtepa-avenue-48,48,Uchtepa Avenue,Uchtepa Avenue ,Toshkent shahri,Uchtepa tumani,2,43.3,562900000.0,,13000000.0,,estimated_total_from_sqm,live,,,True,ok
2026-08-25T05:00:07+00:00,yangiuylar,https://yangiuylar.uz/novostroyka/uchtepa-avenue-48,48,Uchtepa Avenue,Uchtepa Avenue ,Toshkent shahri,Uchtepa tumani,3,60.5,786500000.0,,13000000.0,,estimated_total_from_sqm,live,,,True,ok
2026-08-25T05:00:07+00:00,yangiuylar,https://yangiuylar.uz/novostroyka/uchtepa-avenue-48,48,Uchtepa Avenue,Uchtepa Avenue ,Toshkent shahri,Uchtepa tumani,4,99.0,1287000000.0,,13000000.0,,estimated_total_from_sqm,live,,,True,ok
2026-08-25T05:00:07+00:00,yangiuylar,https://yangiuylar.uz/novostroyka/bobur-residence-96,96,Bobur Residence,Silver Flex,Toshkent shahri,Yakkasaroy tumani,2,42.3,846000000.0,,20000000.0,,estimated_total_from_sqm,live,,,True,ok
2026-08-25T05:00:07+00:00,yangiuylar,https://yangiuylar.uz/novostroyka/bobur-residence-96,96,Bobur Residence,Silver Flex,Toshkent shahri,Yakkasaroy tumani,3,72.0,1440000000.0,,20000000.0,,estimated_total_from_sqm,live,,,True,ok
2026-08-25T05:00:07+00:00,yangiuylar,https://yangiuylar.uz/novostroyka/bobur-residence-96,96,Bobur Residence,Silver Flex,Toshkent shahri,Yakkasaroy tumani,4,114.0,2280000000.0,,20000000.0,,estimated_total_from_sqm,live,,,True,ok
2026-08-25T05:00:07+00:00,yangiuylar,https://yangiuylar.uz/novostroyka/celebrity-residence-261,261,Celebrity Residence,Interra ,Toshkent shahri,Yakkasaroy tumani,1,33.0,643500000.0,,19500000.0,,estimated_total_from_sqm,live,,,True,ok
2026-08-25T05:00:07+00:00,yangiuylar,https://yangiuylar.uz/novostroyka/celebrity-residence-261,261,Celebrity Residence,Interra ,Toshkent shahri,Yakkasaroy tumani,2,50.8,990600000.0,,19500000.0,,estimated_total_from_sqm,live,,,True,ok
2026-08-25T05:00:07+00:00,yangiuylar,https://yangiuylar.uz/novostroyka/celebrity-residence-261,261,Celebrity Residence,Interra ,Toshkent shahri,Yakkasaroy tumani,3,75.0,1462500000.0,,19500000.0,,estimated_total_from_sqm,live,,,True,ok
2026-08-25T05:00:07+00:00,yangiuylar,https://yangiuylar.uz/novostroyka/celebrity-residence-261,261,Celebrity Residence,Interra ,Toshkent shahri,Yakkasaroy tumani,4,172.7,3367650000.0,,19500000.0,,estimated_total_from_sqm,live,,,True,ok
2026-08-25T05:00:07+00:00,yangiuylar,https://yangiuylar.uz/novostroyka/istanbul-city-102,102,Istanbul City,Istanbul City,Toshkent shahri,Yakkasaroy tumani,1,33.43,581682000.0,,17400000.0,,estimated_total_from_sqm,live,,,True,ok
2026-08-25T05:00:07+00:00,yangiuylar,https://yangiuylar.uz/novostroyka/istanbul-city-102,102,Istanbul City,Istanbul City,Toshkent shahri,Yakkasaroy tumani,2,50.16,872784000.0,,17400000.0,,estimated_total_from_sqm,live,,,True,ok
2026-08-25T05:00:07+00:00,yangiuylar,https://yangiuylar.uz/novostroyka/istanbul-city-102,102,Istanbul City,Istanbul City,Toshkent shahri,Yakkasaroy tumani,3,70.85,1232790000.0,,17400000.0,,estimated_total_from_sqm,live,,,True,ok
2026-08-25T05:00:07+00:00,yangiuylar,https://yangiuylar.uz/novostroyka/istanbul-city-102,102,Istanbul City,Istanbul City,Toshkent shahri,Yakkasaroy tumani,4,138.86,2416164000.0,,17400000.0,,estimated_total_from_sqm,live,,,True,ok
2026-08-25T05:00:07+00:00,yangiuylar,https://yangiuylar.uz/novostroyka/mavera-town-157,157,Mavera Town,Mavera Town,Toshkent shahri,Yakkasaroy tumani,2,52.8,1161600000.0,,22000000.0,,estimated_total_from_sqm,live,,,True,ok
2026-08-25T05:00:07+00:00,yangiuylar,https://yangiuylar.uz/novostroyka/mavera-town-157,157,Mavera Town,Mavera Town,Toshkent shahri,Yakkasaroy tumani,3,78.2,1720400000.0,,22000000.0,,estimated_total_from_sqm,live,,,True,ok
2026-08-25T05:00:07+00:00,yangiuylar,https://yangiuylar.uz/novostroyka/mavera-town-157,157,Mavera Town,Mavera Town,Toshkent shahri,Yakkasaroy tumani,4,89.6,1971200000.0,,22000000.0,,estimated_total_from_sqm,live,,,True,ok
2026-08-25T05:00:07+00:00,yangiuylar,https://yangiuylar.uz/novostroyka/newport-27,27,Newport,UNIO,Toshkent shahri,Yakkasaroy tumani,2,42.0,798000000.0,,19000000.0,,estimated_total_from_sqm,live,,,True,ok
2026-08-25T05:00:07+00:00,yangiuylar,https://yangiuylar.uz/novostroyka/newport-27,27,Newport,UNIO,Toshkent shahri,Yakkasaroy tumani,3,85.99,1633810000.0,,19000000.0,,estimated_total_from_sqm,live,,,True,ok
2026-08-25T05:00:07+00:00,yangiuylar,https://yangiuylar.uz/novostroyka/newport-27,27,Newport,UNIO,Toshkent shahri,Yakkasaroy tumani,4,150.0,2850000000.0,,19000000.0,,estimated_total_from_sqm,live,,,True,ok
2026-08-25T05:00:07+00:00,yangiuylar,https://yangiuylar.uz/novostroyka/yakkasaroy-palace-117,117,Yakkasaroy Palace,Elite Development,Toshkent shahri,Yakkasaroy tumani,1,36.5,565750000.0,,15500000.0,,estimated_total_from_sqm,live,,,True,ok
2026-08-25T05:00:07+00:00,yangiuylar,https://yangiuylar.uz/novostroyka/yakkasaroy-palace-117,117,Yakkasaroy Palace,Elite Development,Toshkent shahri,Yakkasaroy tumani,2,53.0,821500000.0,,15500000.0,,estimated_total_from_sqm,live,,,True,ok
2026-08-25T05:00:07+00:00,yangiuylar,https://yangiuylar.uz/novostroyka/yakkasaroy-palace-117,117,Yakkasaroy Palace,Elite Development,Toshkent shahri,Yakkasaroy tumani,3,70.08,1086240000.0,,15500000.0,,estimated_total_from_sqm,live,,,True,ok
2026-08-25T05:00:07+00:00,yangiuylar,https://yangiuylar.uz/novostroyka/yakkasaroy-palace-117,117,Yakkasaroy Palace,Elite Development,Toshkent shahri,Yakkasaroy tumani,4,87.3,1353150000.0,,15500000.0,,estimated_total_from_sqm,live,,,True,ok
2026-08-25T05:00:07+00:00,yangiuylar,https://yangiuylar.uz/novostroyka/new-life-darkhon-223,223,New Life Darkhon,Imorat House,Toshkent shahri,Yangihayot tumani,1,50.91,397098000.0,,7800000.0,,estimated_total_from_sqm,live,,,True,ok
2026-08-25T05:00:07+00:00,yangiuylar,https://yangiuylar.uz/novostroyka/new-life-darkhon-223,223,New Life Darkhon,Imorat House,Toshkent shahri,Yangihayot tumani,2,68.16,531648000.0,,7800000.0,,estimated_total_from_sqm,live,,,True,ok
2026-08-25T05:00:07+00:00,yangiuylar,https://yangiuylar.uz/novostroyka/nur-hayat-new-classics-49,49,Nur Hayat New Classics,Nur Hayat,Toshkent shahri,Yangihayot tumani,1,37.93,455160000.0,,12000000.0,,estimated_total_from_sqm,live,,,True,ok
2026-08-25T05:00:07+00:00,yangiuylar,https://yangiuylar.uz/novostroyka/nur-hayat-new-classics-49,49,Nur Hayat New Classics,Nur Hayat,Toshkent shahri,Yangihayot tumani,2,56.18,674160000.0,,12000000.0,,estimated_total_from_sqm,live,,,True,ok
2026-08-25T05:00:07+00:00,yangiuylar,https://yangiuylar.uz/novostroyka/nur-hayat-new-classics-49,49,Nur Hayat New Classics,Nur Hayat,Toshkent shahri,Yangihayot tumani,3,119.29,1431480000.0,,12000000.0,,estimated_total_from_sqm,live,,,True,ok
2026-08-25T05:00:07+00:00,yangiuylar,https://yangiuylar.uz/novostroyka/nur-hayat-new-classics-49,49,Nur Hayat New Classics,Nur Hayat,Toshkent shahri,Yangihayot tumani,4,172.7,2072400000.0,,12000000.0,,estimated_total_from_sqm,live,,,True,ok
2026-08-25T05:00:07+00:00,yangiuylar,https://yangiuylar.uz/novostroyka/park-avenue-175,175,Park Avenue,Arkan Development,Toshkent shahri,Yangihayot tumani,1,48.0,600000000.0,,12500000.0,,estimated_total_from_sqm,live,,,True,ok
2026-08-25T05:00:07+00:00,yangiuylar,https://yangiuylar.uz/novostroyka/park-avenue-175,175,Park Avenue,Arkan Development,Toshkent shahri,Yangihayot tumani,2,59.5,743750000.0,,12500000.0,,estimated_total_from_sqm,live,,,True,ok
2026-08-25T05:00:07+00:00,yangiuylar,https://yangiuylar.uz/novostroyka/park-avenue-175,175,Park Avenue,Arkan Development,Toshkent shahri,Yangihayot tumani,3,114.0,1425000000.0,,12500000.0,,estimated_total_from_sqm,live,,,True,ok
2026-08-25T05:00:07+00:00,yangiuylar,https://yangiuylar.uz/novostroyka/yangi-darhon-41,41,Yangi Darhon,B Building,Toshkent shahri,Yangihayot tumani,2,60.1,655090000.0,,10900000.0,,estimated_total_from_sqm,live,,,True,ok
2026-08-25T05:00:07+00:00,yangiuylar,https://yangiuylar.uz/novostroyka/yangi-darhon-41,41,Yangi Darhon,B Building,Toshkent shahri,Yangihayot tumani,3,70.3,766270000.0,,10900000.0,,estimated_total_from_sqm,live,,,True,ok
2026-08-25T05:00:07+00:00,yangiuylar,https://yangiuylar.uz/novostroyka/yangi-hayot-234,234,Yangi Hayot,Modern City Construct,Toshkent shahri,Yangihayot tumani,1,23.48,352200000.0,,15000000.0,,estimated_total_from_sqm,live,,,True,ok
2026-08-25T05:00:07+00:00,yangiuylar,https://yangiuylar.uz/novostroyka/yangi-hayot-234,234,Yangi Hayot,Modern City Construct,Toshkent shahri,Yangihayot tumani,2,41.41,621150000.0,,15000000.0,,estimated_total_from_sqm,live,,,True,ok
2026-08-25T05:00:07+00:00,yangiuylar,https://yangiuylar.uz/novostroyka/yangihayot-residence-55,55,Yangihayot Residence,Kamol Construction,Toshkent shahri,Yangihayot tumani,1,33.0,396000000.0,,12000000.0,,estimated_total_from_sqm,live,,,True,ok
2026-08-25T05:00:07+00:00,yangiuylar,https://yangiuylar.uz/novostroyka/yangihayot-residence-55,55,Yangihayot Residence,Kamol Construction,Toshkent shahri,Yangihayot tumani,2,41.0,492000000.0,,12000000.0,,estimated_total_from_sqm,live,,,True,ok
2026-08-25T05:00:07+00:00,yangiuylar,https://yangiuylar.uz/novostroyka/yangihayot-residence-55,55,Yangihayot Residence,Kamol Construction,Toshkent shahri,Yangihayot tumani,3,71.5,858000000.0,,12000000.0,,estimated_total_from_sqm,live,,,True,ok
2026-08-25T05:00:07+00:00,yangiuylar,https://yangiuylar.uz/novostroyka/assalom-do'stlik-253,253,Assalom Do'stlik,Golden House,Toshkent shahri,Yashnobod tumani,1,24.01,384160000.0,,16000000.0,,estimated_total_from_sqm,live,,,True,ok
2026-08-25T05:00:07+00:00,yangiuylar,https://yangiuylar.uz/novostroyka/assalom-do'stlik-253,253,Assalom Do'stlik,Golden House,Toshkent shahri,Yashnobod tumani,2,44.7,715200000.0,,16000000.0,,estimated_total_from_sqm,live,,,True,ok
2026-08-25T05:00:07+00:00,yangiuylar,https://yangiuylar.uz/novostroyka/assalom-do'stlik-253,253,Assalom Do'stlik,Golden House,Toshkent shahri,Yashnobod tumani,3,57.77,924320000.0,,16000000.0,,estimated_total_from_sqm,live,,,True,ok
2026-08-25T05:00:07+00:00,yangiuylar,https://yangiuylar.uz/novostroyka/assalom-havo-257,257,Assalom Havo,Golden House,Toshkent shahri,Yashnobod tumani,1,28.87,340666000.0,,11800000.0,,estimated_total_from_sqm,live,,,True,ok
2026-08-25T05:00:07+00:00,yangiuylar,https://yangiuylar.uz/novostroyka/assalom-havo-257,257,Assalom Havo,Golden House,Toshkent shahri,Yashnobod tumani,2,40.78,481204000.0,,11800000.0,,estimated_total_from_sqm,live,,,True,ok
2026-08-25T05:00:07+00:00,yangiuylar,https://yangiuylar.uz/novostroyka/assalom-sohil-84,84,Assalom Sohil,Golden House,Toshkent shahri,Yashnobod tumani,2,36.21,416415000.0,,11500000.0,,estimated_total_from_sqm,live,,,True,ok
2026-08-25T05:00:07+00:00,yangiuylar,https://yangiuylar.uz/novostroyka/assalom-sohil-84,84,Assalom Sohil,Golden House,Toshkent shahri,Yashnobod tumani,3,51.55,592825000.0,,11500000.0,,estimated_total_from_sqm,live,,,True,ok
2026-08-25T05:00:07+00:00,yangiuylar,https://yangiuylar.uz/novostroyka/san'at-160,160,BI San'at,NRG-BI,Toshkent shahri,Yashnobod tumani,1,36.97,554550000.0,,15000000.0,,estimated_total_from_sqm,live,,,True,ok
2026-08-25T05:00:07+00:00,yangiuylar,https://yangiuylar.uz/novostroyka/san'at-160,160,BI San'at,NRG-BI,Toshkent shahri,Yashnobod tumani,2,40.45,606750000.0,,15000000.0,,estimated_total_from_sqm,live,,,True,ok
2026-08-25T05:00:07+00:00,yangiuylar,https://yangiuylar.uz/novostroyka/san'at-160,160,BI San'at,NRG-BI,Toshkent shahri,Yashnobod tumani,3,78.33,1174950000.0,,15000000.0,,estimated_total_from_sqm,live,,,True,ok
2026-08-25T05:00:07+00:00,yangiuylar,https://yangiuylar.uz/novostroyka/blue-bay-house-240,240,Blue Bay House,Blue Bay House ,Toshkent shahri,Yashnobod tumani,2,50.93,499114000.0,,9800000.0,,estimated_total_from_sqm,live,,,True,ok
2026-08-25T05:00:07+00:00,yangiuylar,https://yangiuylar.uz/novostroyka/blue-bay-house-240,240,Blue Bay House,Blue Bay House ,Toshkent shahri,Yashnobod tumani,3,67.62,662676000.0,,9800000.0,,estimated_total_from_sqm,live,,,True,ok
2026-08-25T05:00:07+00:00,yangiuylar,https://yangiuylar.uz/novostroyka/blue-bay-house-240,240,Blue Bay House,Blue Bay House ,Toshkent shahri,Yashnobod tumani,4,98.26,962948000.0,,9800000.0,,estimated_total_from_sqm,live,,,True,ok
2026-08-25T05:00:07+00:00,yangiuylar,https://yangiuylar.uz/novostroyka/bunyodkor-132,132,Bunyodkor,New Modern House,Toshkent shahri,Yashnobod tumani,1,37.36,261520000.0,,7000000.0,,estimated_total_from_sqm,live,,,True,ok
2026-08-25T05:00:07+00:00,yangiuylar,https://yangiuylar.uz/novostroyka/bunyodkor-132,132,Bunyodkor,New Modern House,Toshkent shahri,Yashnobod tumani,2,50.35,352450000.0,,7000000.0,,estimated_total_from_sqm,live,,,True,ok
2026-08-25T05:00:07+00:00,yangiuylar,https://yangiuylar.uz/novostroyka/bunyodkor-132,132,Bunyodkor,New Modern House,Toshkent shahri,Yashnobod tumani,3,70.78,495460000.0,,7000000.0,,estimated_total_from_sqm,live,,,True,ok
2026-08-25T05:00:07+00:00,yangiuylar,https://yangiuylar.uz/novostroyka/darkhan-avenue-126,126,Darkhan Avenue,Darkhan Avenue,Toshkent shahri,Yashnobod tumani,2,49.92,1297920000.0,,26000000.0,,estimated_total_from_sqm,live,,,True,ok
2026-08-25T05:00:07+00:00,yangiuylar,https://yangiuylar.uz/novostroyka/darkhan-avenue-126,126,Darkhan Avenue,Darkhan Avenue,Toshkent shahri,Yashnobod tumani,3,98.5,2561000000.0,,26000000.0,,estimated_total_from_sqm,live,,,True,ok
2026-08-25T05:00:07+00:00,yangiuylar,https://yangiuylar.uz/novostroyka/darkhan-avenue-126,126,Darkhan Avenue,Darkhan Avenue,Toshkent shahri,Yashnobod tumani,4,117.19,3046940000.0,,26000000.0,,estimated_total_from_sqm,live,,,True,ok
2026-08-25T05:00:07+00:00,yangiuylar,https://yangiuylar.uz/novostroyka/dreamland-do'stlik-185,185,Dreamland Do'stlik,Dreamland Development,Toshkent shahri,Yashnobod tumani,1,42.8,564960000.0,,13200000.0,,estimated_total_from_sqm,live,,,True,ok
2026-08-25T05:00:07+00:00,yangiuylar,https://yangiuylar.uz/novostroyka/dreamland-do'stlik-185,185,Dreamland Do'stlik,Dreamland Development,Toshkent shahri,Yashnobod tumani,2,55.2,728640000.0,,13200000.0,,estimated_total_from_sqm,live,,,True,ok
2026-08-25T05:00:07+00:00,yangiuylar,https://yangiuylar.uz/novostroyka/dreamland-do'stlik-185,185,Dreamland Do'stlik,Dreamland Development,Toshkent shahri,Yashnobod tumani,3,84.0,1108800000.0,,13200000.0,,estimated_total_from_sqm,live,,,True,ok
2026-08-25T05:00:07+00:00,yangiuylar,https://yangiuylar.uz/novostroyka/dreamland-parkent-105,105,Dreamland Parkent,Dreamland Development,Toshkent shahri,Yashnobod tumani,1,46.4,686720000.0,,14800000.0,,estimated_total_from_sqm,live,,,True,ok
2026-08-25T05:00:07+00:00,yangiuylar,https://yangiuylar.uz/novostroyka/dreamland-parkent-105,105,Dreamland Parkent,Dreamland Development,Toshkent shahri,Yashnobod tumani,2,52.6,778480000.0,,14800000.0,,estimated_total_from_sqm,live,,,True,ok
2026-08-25T05:00:07+00:00,yangiuylar,https://yangiuylar.uz/novostroyka/dreamland-parkent-105,105,Dreamland Parkent,Dreamland Development,Toshkent shahri,Yashnobod tumani,3,73.0,1080400000.0,,14800000.0,,estimated_total_from_sqm,live,,,True,ok
2026-08-25T05:00:07+00:00,yangiuylar,https://yangiuylar.uz/novostroyka/eman-riverside-327,327,Eman Riverside,Eman Residence,Toshkent shahri,Yashnobod tumani,1,26.0,390000000.0,,15000000.0,,estimated_total_from_sqm,live,,,True,ok
2026-08-25T05:00:07+00:00,yangiuylar,https://yangiuylar.uz/novostroyka/gorod-52,52,Gorod,Mirador Group ,Toshkent shahri,Yashnobod tumani,1,45.0,697500000.0,,15500000.0,,estimated_total_from_sqm,live,,,True,ok
2026-08-25T05:00:07+00:00,yangiuylar,https://yangiuylar.uz/novostroyka/gorod-52,52,Gorod,Mirador Group ,Toshkent shahri,Yashnobod tumani,2,58.7,909850000.0,,15500000.0,,estimated_total_from_sqm,live,,,True,ok
2026-08-25T05:00:07+00:00,yangiuylar,https://yangiuylar.uz/novostroyka/gorod-52,52,Gorod,Mirador Group ,Toshkent shahri,Yashnobod tumani,3,89.8,1391900000.0,,15500000.0,,estimated_total_from_sqm,live,,,True,ok
2026-08-25T05:00:07+00:00,yangiuylar,https://yangiuylar.uz/novostroyka/harizma-252,252,Harizma,Golden House,Toshkent shahri,Yashnobod tumani,1,37.58,676440000.0,,18000000.0,,estimated_total_from_sqm,live,,,True,ok
2026-08-25T05:00:07+00:00,yangiuylar,https://yangiuylar.uz/novostroyka/harizma-252,252,Harizma,Golden House,Toshkent shahri,Yashnobod tumani,2,58.79,1058220000.0,,18000000.0,,estimated_total_from_sqm,live,,,True,ok
2026-08-25T05:00:07+00:00,yangiuylar,https://yangiuylar.uz/novostroyka/muhabbat-shahri-129,129,Muhabbat shahri,Xon Saroy,Toshkent shahri,Yashnobod tumani,1,21.8,290485000.0,,13325000.0,,estimated_total_from_sqm,live,,,True,ok
2026-08-25T05:00:07+00:00,yangiuylar,https://yangiuylar.uz/novostroyka/muhabbat-shahri-129,129,Muhabbat shahri,Xon Saroy,Toshkent shahri,Yashnobod tumani,2,40.9,544992500.0,,13325000.0,,estimated_total_from_sqm,live,,,True,ok
2026-08-25T05:00:07+00:00,yangiuylar,https://yangiuylar.uz/novostroyka/nrg-yangi-baxt-321,321,NRG Yangi Baxt,NRG-BI,Toshkent shahri,Yashnobod tumani,1,28.09,309879891.0,,11031680.0,,estimated_total_from_sqm,live,,,True,ok
2026-08-25T05:00:07+00:00,yangiuylar,https://yangiuylar.uz/novostroyka/nrg-yangi-baxt-321,321,NRG Yangi Baxt,NRG-BI,Toshkent shahri,Yashnobod tumani,2,47.1,519592128.0,,11031680.0,,estimated_total_from_sqm,live,,,True,ok
2026-08-25T05:00:07+00:00,yangiuylar,https://yangiuylar.uz/novostroyka/nrg-yangi-baxt-321,321,NRG Yangi Baxt,NRG-BI,Toshkent shahri,Yashnobod tumani,3,70.4,776630272.0,,11031680.0,,estimated_total_from_sqm,live,,,True,ok
2026-08-25T05:00:07+00:00,yangiuylar,https://yangiuylar.uz/novostroyka/nrg-zamon-322,322,NRG Zamon,NRG-BI,Toshkent shahri,Yashnobod tumani,1,39.6,475200000.0,,12000000.0,,estimated_total_from_sqm,live,,,True,ok
2026-08-25T05:00:07+00:00,yangiuylar,https://yangiuylar.uz/novostroyka/nrg-zamon-322,322,NRG Zamon,NRG-BI,Toshkent shahri,Yashnobod tumani,2,42.1,505200000.0,,12000000.0,,estimated_total_from_sqm,live,,,True,ok
2026-08-25T05:00:07+00:00,yangiuylar,https://yangiuylar.uz/novostroyka/nrg-zamon-322,322,NRG Zamon,NRG-BI,Toshkent shahri,Yashnobod tumani,3,63.4,760800000.0,,12000000.0,,estimated_total_from_sqm,live,,,True,ok
2026-08-25T05:00:07+00:00,yangiuylar,https://yangiuylar.uz/novostroyka/nrg-zamon-322,322,NRG Zamon,NRG-BI,Toshkent shahri,Yashnobod tumani,4,90.96,1091520000.0,,12000000.0,,estimated_total_from_sqm,live,,,True,ok
2026-08-25T05:00:07+00:00,yangiuylar,https://yangiuylar.uz/novostroyka/o'z-zamin-260,260,O'z Zamin,Golden House,Toshkent shahri,Yashnobod tumani,1,29.0,406000000.0,,14000000.0,,estimated_total_from_sqm,live,,,True,ok
2026-08-25T05:00:07+00:00,yangiuylar,https://yangiuylar.uz/novostroyka/o'z-zamin-260,260,O'z Zamin,Golden House,Toshkent shahri,Yashnobod tumani,2,35.53,497420000.0,,14000000.0,,estimated_total_from_sqm,live,,,True,ok
2026-08-25T05:00:07+00:00,yangiuylar,https://yangiuylar.uz/novostroyka/o'z-zamin-260,260,O'z Zamin,Golden House,Toshkent shahri,Yashnobod tumani,3,50.88,712320000.0,,14000000.0,,estimated_total_from_sqm,live,,,True,ok
2026-08-25T05:00:07+00:00,yangiuylar,https://yangiuylar.uz/novostroyka/olmos-residence-2-277,277,Olmos Residence 2,Grand Impex Line,Toshkent shahri,Yashnobod tumani,2,44.0,325600000.0,,7400000.0,,estimated_total_from_sqm,live,,,True,ok
2026-08-25T05:00:07+00:00,yangiuylar,https://yangiuylar.uz/novostroyka/olmos-residence-2-277,277,Olmos Residence 2,Grand Impex Line,Toshkent shahri,Yashnobod tumani,3,74.5,551300000.0,,7400000.0,,estimated_total_from_sqm,live,,,True,ok
2026-08-25T05:00:07+00:00,yangiuylar,https://yangiuylar.uz/novostroyka/olmos-residence-2-277,277,Olmos Residence 2,Grand Impex Line,Toshkent shahri,Yashnobod tumani,4,85.2,630480000.0,,7400000.0,,estimated_total_from_sqm,live,,,True,ok
2026-08-25T05:00:07+00:00,yangiuylar,https://yangiuylar.uz/novostroyka/parkent-gardens-193,193,Parkent Gardens,Parkent Development,Toshkent shahri,Yashnobod tumani,1,34.0,476000000.0,,14000000.0,,estimated_total_from_sqm,live,,,True,ok
2026-08-25T05:00:07+00:00,yangiuylar,https://yangiuylar.uz/novostroyka/parkent-gardens-193,193,Parkent Gardens,Parkent Development,Toshkent shahri,Yashnobod tumani,2,50.0,700000000.0,,14000000.0,,estimated_total_from_sqm,live,,,True,ok
2026-08-25T05:00:07+00:00,yangiuylar,https://yangiuylar.uz/novostroyka/parkent-gardens-193,193,Parkent Gardens,Parkent Development,Toshkent shahri,Yashnobod tumani,3,95.0,1330000000.0,,14000000.0,,estimated_total_from_sqm,live,,,True,ok
2026-08-25T05:00:07+00:00,yangiuylar,https://yangiuylar.uz/novostroyka/ramazon-250,250,Ramazon,Xon Saroy,Toshkent shahri,Yashnobod tumani,2,42.0,655200000.0,,15600000.0,,estimated_total_from_sqm,live,,,True,ok
2026-08-25T05:00:07+00:00,yangiuylar,https://yangiuylar.uz/novostroyka/ramazon-250,250,Ramazon,Xon Saroy,Toshkent shahri,Yashnobod tumani,3,69.1,1077960000.0,,15600000.0,,estimated_total_from_sqm,live,,,True,ok
2026-08-25T05:00:07+00:00,yangiuylar,https://yangiuylar.uz/novostroyka/resim-taskent-304,304,Resim Taşkent,Centro Group ,Toshkent shahri,Yashnobod tumani,1,45.36,,,,,estimated_total_from_sqm,live,,,True,ok
2026-08-25T05:00:07+00:00,yangiuylar,https://yangiuylar.uz/novostroyka/resim-taskent-304,304,Resim Taşkent,Centro Group ,Toshkent shahri,Yashnobod tumani,2,84.51,,,,,estimated_total_from_sqm,live,,,True,ok
2026-08-25T05:00:07+00:00,yangiuylar,https://yangiuylar.uz/novostroyka/resim-taskent-304,304,Resim Taşkent,Centro Group ,Toshkent shahri,Yashnobod tumani,3,93.02,,,,,estimated_total_from_sqm,live,,,True,ok
2026-08-25T05:00:07+00:00,yangiuylar,https://yangiuylar.uz/novostroyka/resim-taskent-304,304,Resim Taşkent,Centro Group ,Toshkent shahri,Yashnobod tumani,4,162.19,,,,,estimated_total_from_sqm,live,,,True,ok
2026-08-25T05:00:07+00:00,yangiuylar,https://yangiuylar.uz/novostroyka/sabot-residence-267,267,Sabot Residence,VINDER INVEST,Toshkent shahri,Yashnobod tumani,1,38.72,503360000.0,,13000000.0,,estimated_total_from_sqm,live,,,True,ok
2026-08-25T05:00:07+00:00,yangiuylar,https://yangiuylar.uz/novostroyka/sabot-residence-267,267,Sabot Residence,VINDER INVEST,Toshkent shahri,Yashnobod tumani,2,55.88,726440000.0,,13000000.0,,estimated_total_from_sqm,live,,,True,ok
2026-08-25T05:00:07+00:00,yangiuylar,https://yangiuylar.uz/novostroyka/sabot-residence-267,267,Sabot Residence,VINDER INVEST,Toshkent shahri,Yashnobod tumani,3,81.33,1057290000.0,,13000000.0,,estimated_total_from_sqm,live,,,True,ok
2026-08-25T05:00:07+00:00,yangiuylar,https://yangiuylar.uz/novostroyka/sad'o-159,159,Sad'o,NRG-BI,Toshkent shahri,Yashnobod tumani,1,37.97,550565000.0,,14500000.0,,estimated_total_from_sqm,live,,,True,ok
2026-08-25T05:00:07+00:00,yangiuylar,https://yangiuylar.uz/novostroyka/sad'o-159,159,Sad'o,NRG-BI,Toshkent shahri,Yashnobod tumani,2,41.26,598270000.0,,14500000.0,,estimated_total_from_sqm,live,,,True,ok
2026-08-25T05:00:07+00:00,yangiuylar,https://yangiuylar.uz/novostroyka/sad'o-159,159,Sad'o,NRG-BI,Toshkent shahri,Yashnobod tumani,3,67.85,983825000.0,,14500000.0,,estimated_total_from_sqm,live,,,True,ok
2026-08-25T05:00:07+00:00,yangiuylar,https://yangiuylar.uz/novostroyka/shinam-uylar-197,197,Shinam Uylar,District Development,Toshkent shahri,Yashnobod tumani,1,31.1,370090000.0,,11900000.0,,estimated_total_from_sqm,live,,,True,ok
2026-08-25T05:00:07+00:00,yangiuylar,https://yangiuylar.uz/novostroyka/shinam-uylar-197,197,Shinam Uylar,District Development,Toshkent shahri,Yashnobod tumani,2,60.28,717332000.0,,11900000.0,,estimated_total_from_sqm,live,,,True,ok
2026-08-25T05:00:07+00:00,yangiuylar,https://yangiuylar.uz/novostroyka/shinam-uylar-197,197,Shinam Uylar,District Development,Toshkent shahri,Yashnobod tumani,3,73.93,879767000.0,,11900000.0,,estimated_total_from_sqm,live,,,True,ok
2026-08-25T05:00:07+00:00,yangiuylar,https://yangiuylar.uz/novostroyka/turon-153,153,Turon,Renaissance Building Company,Toshkent shahri,Yashnobod tumani,1,42.0,651000000.0,,15500000.0,,estimated_total_from_sqm,live,,,True,ok
2026-08-25T05:00:07+00:00,yangiuylar,https://yangiuylar.uz/novostroyka/turon-153,153,Turon,Renaissance Building Company,Toshkent shahri,Yashnobod tumani,2,57.0,883500000.0,,15500000.0,,estimated_total_from_sqm,live,,,True,ok
2026-08-25T05:00:07+00:00,yangiuylar,https://yangiuylar.uz/novostroyka/vodiy-residence-221,221,Vodiy Residence,Xon Saroy,Toshkent shahri,Yashnobod tumani,1,35.5,,,,,estimated_total_from_sqm,live,,,True,ok
2026-08-25T05:00:07+00:00,yangiuylar,https://yangiuylar.uz/novostroyka/vodiy-residence-221,221,Vodiy Residence,Xon Saroy,Toshkent shahri,Yashnobod tumani,2,51.4,,,,,estimated_total_from_sqm,live,,,True,ok
2026-08-25T05:00:07+00:00,yangiuylar,https://yangiuylar.uz/novostroyka/vodiy-residence-221,221,Vodiy Residence,Xon Saroy,Toshkent shahri,Yashnobod tumani,3,66.4,,,,,estimated_total_from_sqm,live,,,True,ok
2026-08-25T05:00:07+00:00,yangiuylar,https://yangiuylar.uz/novostroyka/xon-saroy-afsonasi-143,143,Xon Saroy Afsonasi,Xon Saroy,Toshkent shahri,Yashnobod tumani,1,24.4,,,,,estimated_total_from_sqm,live,,,True,ok
2026-08-25T05:00:07+00:00,yangiuylar,https://yangiuylar.uz/novostroyka/xon-saroy-afsonasi-143,143,Xon Saroy Afsonasi,Xon Saroy,Toshkent shahri,Yashnobod tumani,2,54.8,,,,,estimated_total_from_sqm,live,,,True,ok
2026-08-25T05:00:07+00:00,yangiuylar,https://yangiuylar.uz/novostroyka/zaytunli-22,22,Zaytunli,Zaytunli,Toshkent shahri,Yashnobod tumani,1,41.8,501600000.0,,12000000.0,,estimated_total_from_sqm,live,,,True,ok
2026-08-25T05:00:07+00:00,yangiuylar,https://yangiuylar.uz/novostroyka/zaytunli-22,22,Zaytunli,Zaytunli,Toshkent shahri,Yashnobod tumani,2,67.2,806400000.0,,12000000.0,,estimated_total_from_sqm,live,,,True,ok
2026-08-25T05:00:07+00:00,yangiuylar,https://yangiuylar.uz/novostroyka/zaytunli-22,22,Zaytunli,Zaytunli,Toshkent shahri,Yashnobod tumani,3,74.4,892800000.0,,12000000.0,,estimated_total_from_sqm,live,,,True,ok
2026-08-25T05:00:07+00:00,yangiuylar,https://yangiuylar.uz/novostroyka/zilan-residence-115,115,Zilan Residence,Zilan Residence,Toshkent shahri,Yashnobod tumani,1,43.8,639480000.0,,14600000.0,,estimated_total_from_sqm,live,,,True,ok
2026-08-25T05:00:07+00:00,yangiuylar,https://yangiuylar.uz/novostroyka/zilan-residence-115,115,Zilan Residence,Zilan Residence,Toshkent shahri,Yashnobod tumani,2,58.8,858480000.0,,14600000.0,,estimated_total_from_sqm,live,,,True,ok
2026-08-25T05:00:07+00:00,yangiuylar,https://yangiuylar.uz/novostroyka/zilan-residence-115,115,Zilan Residence,Zilan Residence,Toshkent shahri,Yashnobod tumani,3,87.6,1278960000.0,,14600000.0,,estimated_total_from_sqm,live,,,True,ok
2026-08-25T05:00:07+00:00,yangiuylar,https://yangiuylar.uz/novostroyka/zilan-residence-115,115,Zilan Residence,Zilan Residence,Toshkent shahri,Yashnobod tumani,4,109.7,1601620000.0,,14600000.0,,estimated_total_from_sqm,live,,,True,ok
2026-08-25T05:00:07+00:00,yangiuylar,https://yangiuylar.uz/novostroyka/bridge-114,114,Bridge,New Build,Toshkent shahri,Yunusobod tumani,1,52.3,700820000.0,,13400000.0,,estimated_total_from_sqm,live,,,True,ok
2026-08-25T05:00:07+00:00,yangiuylar,https://yangiuylar.uz/novostroyka/bridge-114,114,Bridge,New Build,Toshkent shahri,Yunusobod tumani,2,69.7,933980000.0,,13400000.0,,estimated_total_from_sqm,live,,,True,ok
2026-08-25T05:00:07+00:00,yangiuylar,https://yangiuylar.uz/novostroyka/bridge-114,114,Bridge,New Build,Toshkent shahri,Yunusobod tumani,3,97.8,1310520000.0,,13400000.0,,estimated_total_from_sqm,live,,,True,ok
2026-08-25T05:00:07+00:00,yangiuylar,https://yangiuylar.uz/novostroyka/high-town-city-303,303,High Town City,TSC-HK-INVESTMENT,Toshkent shahri,Yunusobod tumani,3,74.0,1073000000.0,,14500000.0,,estimated_total_from_sqm,live,,,True,ok
2026-08-25T05:00:07+00:00,yangiuylar,https://yangiuylar.uz/novostroyka/high-town-city-303,303,High Town City,TSC-HK-INVESTMENT,Toshkent shahri,Yunusobod tumani,4,95.0,1377500000.0,,14500000.0,,estimated_total_from_sqm,live,,,True,ok
2026-08-25T05:00:07+00:00,yangiuylar,https://yangiuylar.uz/novostroyka/islomobod-307,307,Islomobod,TXT Group,Toshkent shahri,Yunusobod tumani,1,46.6,489300000.0,,10500000.0,,estimated_total_from_sqm,live,,,True,ok
2026-08-25T05:00:07+00:00,yangiuylar,https://yangiuylar.uz/novostroyka/islomobod-307,307,Islomobod,TXT Group,Toshkent shahri,Yunusobod tumani,2,53.0,556500000.0,,10500000.0,,estimated_total_from_sqm,live,,,True,ok
2026-08-25T05:00:07+00:00,yangiuylar,https://yangiuylar.uz/novostroyka/islomobod-307,307,Islomobod,TXT Group,Toshkent shahri,Yunusobod tumani,3,86.6,909300000.0,,10500000.0,,estimated_total_from_sqm,live,,,True,ok
2026-08-25T05:00:07+00:00,yangiuylar,https://yangiuylar.uz/novostroyka/mezbon-215,215,Mezbon,Iskander Buildings,Toshkent shahri,Yunusobod tumani,1,34.88,316291840.0,,9068000.0,,estimated_total_from_sqm,live,,,True,ok
2026-08-25T05:00:07+00:00,yangiuylar,https://yangiuylar.uz/novostroyka/mezbon-215,215,Mezbon,Iskander Buildings,Toshkent shahri,Yunusobod tumani,2,42.85,388563800.0,,9068000.0,,estimated_total_from_sqm,live,,,True,ok
2026-08-25T05:00:07+00:00,yangiuylar,https://yangiuylar.uz/novostroyka/mezbon-215,215,Mezbon,Iskander Buildings,Toshkent shahri,Yunusobod tumani,3,67.19,609278920.0,,9068000.0,,estimated_total_from_sqm,live,,,True,ok
2026-08-25T05:00:07+00:00,yangiuylar,https://yangiuylar.uz/novostroyka/musaffo-112,112,Musaffo,Art House,Toshkent shahri,Yunusobod tumani,1,45.6,638400000.0,,14000000.0,,estimated_total_from_sqm,live,,,True,ok
2026-08-25T05:00:07+00:00,yangiuylar,https://yangiuylar.uz/novostroyka/musaffo-112,112,Musaffo,Art House,Toshkent shahri,Yunusobod tumani,2,66.6,932400000.0,,14000000.0,,estimated_total_from_sqm,live,,,True,ok
2026-08-25T05:00:07+00:00,yangiuylar,https://yangiuylar.uz/novostroyka/musaffo-112,112,Musaffo,Art House,Toshkent shahri,Yunusobod tumani,3,82.0,1148000000.0,,14000000.0,,estimated_total_from_sqm,live,,,True,ok
2026-08-25T05:00:07+00:00,yangiuylar,https://yangiuylar.uz/novostroyka/trinity-109,109,Trinity,B.Invest Development,Toshkent shahri,Yunusobod tumani,1,38.05,608800000.0,,16000000.0,,estimated_total_from_sqm,live,,,True,ok
2026-08-25T05:00:07+00:00,yangiuylar,https://yangiuylar.uz/novostroyka/trinity-109,109,Trinity,B.Invest Development,Toshkent shahri,Yunusobod tumani,2,50.3,804800000.0,,16000000.0,,estimated_total_from_sqm,live,,,True,ok
2026-08-25T05:00:07+00:00,yangiuylar,https://yangiuylar.uz/novostroyka/trinity-109,109,Trinity,B.Invest Development,Toshkent shahri,Yunusobod tumani,3,80.3,1284800000.0,,16000000.0,,estimated_total_from_sqm,live,,,True,ok
2026-08-25T05:00:07+00:00,yangiuylar,https://yangiuylar.uz/novostroyka/turkiston-110,110,Turkiston Avenue,Turkiston Development,Toshkent shahri,Yunusobod tumani,1,49.9,479040000.0,,9600000.0,,estimated_total_from_sqm,live,,,True,ok
2026-08-25T05:00:07+00:00,yangiuylar,https://yangiuylar.uz/novostroyka/turkiston-110,110,Turkiston Avenue,Turkiston Development,Toshkent shahri,Yunusobod tumani,2,50.5,484800000.0,,9600000.0,,estimated_total_from_sqm,live,,,True,ok
2026-08-25T05:00:07+00:00,yangiuylar,https://yangiuylar.uz/novostroyka/turkiston-110,110,Turkiston Avenue,Turkiston Development,Toshkent shahri,Yunusobod tumani,3,72.2,693120000.0,,9600000.0,,estimated_total_from_sqm,live,,,True,ok
2026-08-25T05:00:07+00:00,yangiuylar,https://yangiuylar.uz/novostroyka/turkiston-110,110,Turkiston Avenue,Turkiston Development,Toshkent shahri,Yunusobod tumani,4,75.0,720000000.0,,9600000.0,,estimated_total_from_sqm,live,,,True,ok
2026-08-25T05:00:07+00:00,yangiuylar,https://yangiuylar.uz/novostroyka/venetsiya-280,280,Venetsiya,Venetsiya,Toshkent shahri,Yunusobod tumani,1,37.0,,,,,estimated_total_from_sqm,live,,,True,ok
2026-08-25T05:00:07+00:00,yangiuylar,https://yangiuylar.uz/novostroyka/venetsiya-280,280,Venetsiya,Venetsiya,Toshkent shahri,Yunusobod tumani,2,56.5,,,,,estimated_total_from_sqm,live,,,True,ok
2026-08-25T05:00:07+00:00,yangiuylar,https://yangiuylar.uz/novostroyka/venetsiya-280,280,Venetsiya,Venetsiya,Toshkent shahri,Yunusobod tumani,4,123.0,,,,,estimated_total_from_sqm,live,,,True,ok
2026-08-25T05:00:07+00:00,yangiuylar,https://yangiuylar.uz/novostroyka/yunusabad-residence-108,108,Yunusabad Residence,Yunusabad Residence,Toshkent shahri,Yunusobod tumani,1,42.09,883890000.0,,21000000.0,,estimated_total_from_sqm,live,,,True,ok
2026-08-25T05:00:07+00:00,yangiuylar,https://yangiuylar.uz/novostroyka/yunusabad-residence-108,108,Yunusabad Residence,Yunusabad Residence,Toshkent shahri,Yunusobod tumani,2,66.65,1399650000.0,,21000000.0,,estimated_total_from_sqm,live,,,True,ok
2026-08-25T05:00:07+00:00,yangiuylar,https://yangiuylar.uz/novostroyka/yunusabad-residence-108,108,Yunusabad Residence,Yunusabad Residence,Toshkent shahri,Yunusobod tumani,3,72.0,1512000000.0,,21000000.0,,estimated_total_from_sqm,live,,,True,ok
2026-08-25T05:00:07+00:00,yangiuylar,https://yangiuylar.uz/novostroyka/zenit-94,94,Zenit,Premier House ,Toshkent shahri,Yunusobod tumani,1,25.74,321750000.0,,12500000.0,,estimated_total_from_sqm,live,,,True,ok
2026-08-25T05:00:07+00:00,yangiuylar,https://yangiuylar.uz/novostroyka/zenit-94,94,Zenit,Premier House ,Toshkent shahri,Yunusobod tumani,2,38.28,478500000.0,,12500000.0,,estimated_total_from_sqm,live,,,True,ok
2026-08-25T05:00:07+00:00,yangiuylar,https://yangiuylar.uz/novostroyka/zenit-94,94,Zenit,Premier House ,Toshkent shahri,Yunusobod tumani,3,51.58,644750000.0,,12500000.0,,estimated_total_from_sqm,live,,,True,ok
2026-08-25T05:00:07+00:00,yangiuylar,https://yangiuylar.uz/novostroyka/zenit-94,94,Zenit,Premier House ,Toshkent shahri,Yunusobod tumani,4,92.52,1156500000.0,,12500000.0,,estimated_total_from_sqm,live,,,True,ok
2026-08-25T05:00:07+00:00,yangiuylar,https://yangiuylar.uz/novostroyka/zo'rsan-51,51,Zo'rsan,Xon Saroy,Toshkent shahri,Yunusobod tumani,1,36.6,,,,,estimated_total_from_sqm,live,,,True,ok
2026-08-25T05:00:07+00:00,yangiuylar,https://yangiuylar.uz/novostroyka/zo'rsan-51,51,Zo'rsan,Xon Saroy,Toshkent shahri,Yunusobod tumani,3,65.0,,,,,estimated_total_from_sqm,live,,,True,ok
2026-08-25T05:00:07+00:00,yangiuylar,https://yangiuylar.uz/novostroyka/turon-241,241,Turon,TXT Group,Toshkent viloyati,Bekobod shahri,1,50.9,305400000.0,,6000000.0,,estimated_total_from_sqm,live,,,True,ok
2026-08-25T05:00:07+00:00,yangiuylar,https://yangiuylar.uz/novostroyka/turon-241,241,Turon,TXT Group,Toshkent viloyati,Bekobod shahri,2,59.8,358800000.0,,6000000.0,,estimated_total_from_sqm,live,,,True,ok
2026-08-25T05:00:07+00:00,yangiuylar,https://yangiuylar.uz/novostroyka/turon-241,241,Turon,TXT Group,Toshkent viloyati,Bekobod shahri,3,77.2,463200000.0,,6000000.0,,estimated_total_from_sqm,live,,,True,ok
2026-08-25T05:00:07+00:00,yangiuylar,https://yangiuylar.uz/novostroyka/bochka-resort-217,217,Bochka Resort,Bochka Resort,Toshkent viloyati,Bo'stonliq tumani,1,24.85,385175000.0,,15500000.0,,estimated_total_from_sqm,live,,,True,ok
2026-08-25T05:00:07+00:00,yangiuylar,https://yangiuylar.uz/novostroyka/bochka-resort-217,217,Bochka Resort,Bochka Resort,Toshkent viloyati,Bo'stonliq tumani,2,39.55,613025000.0,,15500000.0,,estimated_total_from_sqm,live,,,True,ok
2026-08-25T05:00:07+00:00,yangiuylar,https://yangiuylar.uz/novostroyka/bochka-resort-217,217,Bochka Resort,Bochka Resort,Toshkent viloyati,Bo'stonliq tumani,3,61.88,959140000.0,,15500000.0,,estimated_total_from_sqm,live,,,True,ok
2026-08-25T05:00:07+00:00,yangiuylar,https://yangiuylar.uz/novostroyka/orifon-225,225,Orifon,TXT Group,Toshkent viloyati,Bo'stonliq tumani,1,39.85,338725000.0,,8500000.0,,estimated_total_from_sqm,live,,,True,ok
2026-08-25T05:00:07+00:00,yangiuylar,https://yangiuylar.uz/novostroyka/orifon-225,225,Orifon,TXT Group,Toshkent viloyati,Bo'stonliq tumani,2,56.08,476680000.0,,8500000.0,,estimated_total_from_sqm,live,,,True,ok
2026-08-25T05:00:07+00:00,yangiuylar,https://yangiuylar.uz/novostroyka/orifon-225,225,Orifon,TXT Group,Toshkent viloyati,Bo'stonliq tumani,3,70.0,595000000.0,,8500000.0,,estimated_total_from_sqm,live,,,True,ok
2026-08-25T05:00:07+00:00,yangiuylar,https://yangiuylar.uz/novostroyka/ozoda-apartment-269,269,Ozoda Apartment,Ziynat Capital,Toshkent viloyati,Bo'stonliq tumani,1,28.0,518000000.0,,18500000.0,,estimated_total_from_sqm,live,,,True,ok
2026-08-25T05:00:07+00:00,yangiuylar,https://yangiuylar.uz/novostroyka/ozoda-apartment-269,269,Ozoda Apartment,Ziynat Capital,Toshkent viloyati,Bo'stonliq tumani,2,34.0,629000000.0,,18500000.0,,estimated_total_from_sqm,live,,,True,ok
2026-08-25T05:00:07+00:00,yangiuylar,https://yangiuylar.uz/novostroyka/ozoda-apartment-269,269,Ozoda Apartment,Ziynat Capital,Toshkent viloyati,Bo'stonliq tumani,4,114.0,2109000000.0,,18500000.0,,estimated_total_from_sqm,live,,,True,ok
2026-08-25T05:00:07+00:00,yangiuylar,https://yangiuylar.uz/novostroyka/sahar-resort-315,315,Sahar Resort,Hamall One Group,Toshkent viloyati,Bo'stonliq tumani,3,134.8,1611129600.0,,11952000.0,,estimated_total_from_sqm,live,,,True,ok
2026-08-25T05:00:07+00:00,yangiuylar,https://yangiuylar.uz/novostroyka/sahar-resort-315,315,Sahar Resort,Hamall One Group,Toshkent viloyati,Bo'stonliq tumani,5,646.9,7731748800.0,,11952000.0,,estimated_total_from_sqm,live,,,True,ok
2026-08-25T05:00:07+00:00,yangiuylar,https://yangiuylar.uz/novostroyka/sahar-resort-315,315,Sahar Resort,Hamall One Group,Toshkent viloyati,Bo'stonliq tumani,6,904.8,10814169600.0,,11952000.0,,estimated_total_from_sqm,live,,,True,ok
2026-08-25T05:00:07+00:00,yangiuylar,https://yangiuylar.uz/novostroyka/chinara-park-281,281,Chinara Park,Era Lux Montaj,Toshkent viloyati,Chirchiq shahri,2,41.0,221400000.0,,5400000.0,,estimated_total_from_sqm,live,,,True,ok
2026-08-25T05:00:07+00:00,yangiuylar,https://yangiuylar.uz/novostroyka/chinara-park-281,281,Chinara Park,Era Lux Montaj,Toshkent viloyati,Chirchiq shahri,3,58.5,315900000.0,,5400000.0,,estimated_total_from_sqm,live,,,True,ok
2026-08-25T05:00:07+00:00,yangiuylar,https://yangiuylar.uz/novostroyka/hayot-residence-228,228,Hayot Residence,Global House,Toshkent viloyati,Chirchiq shahri,1,42.2,261640000.0,,6200000.0,,estimated_total_from_sqm,live,,,True,ok
2026-08-25T05:00:07+00:00,yangiuylar,https://yangiuylar.uz/novostroyka/hayot-residence-228,228,Hayot Residence,Global House,Toshkent viloyati,Chirchiq shahri,2,48.0,297600000.0,,6200000.0,,estimated_total_from_sqm,live,,,True,ok
2026-08-25T05:00:07+00:00,yangiuylar,https://yangiuylar.uz/novostroyka/hayot-residence-228,228,Hayot Residence,Global House,Toshkent viloyati,Chirchiq shahri,3,83.0,514600000.0,,6200000.0,,estimated_total_from_sqm,live,,,True,ok
2026-08-25T05:00:07+00:00,yangiuylar,https://yangiuylar.uz/novostroyka/hayot-residence-228,228,Hayot Residence,Global House,Toshkent viloyati,Chirchiq shahri,4,90.4,560480000.0,,6200000.0,,estimated_total_from_sqm,live,,,True,ok
2026-08-25T05:00:07+00:00,yangiuylar,https://yangiuylar.uz/novostroyka/new-house-chirchiq-178,178,New House Chirchiq,New House,Toshkent viloyati,Chirchiq shahri,1,38.0,254980000.0,,6710000.0,,estimated_total_from_sqm,live,,,True,ok
2026-08-25T05:00:07+00:00,yangiuylar,https://yangiuylar.uz/novostroyka/new-house-chirchiq-178,178,New House Chirchiq,New House,Toshkent viloyati,Chirchiq shahri,2,62.3,418033000.0,,6710000.0,,estimated_total_from_sqm,live,,,True,ok
2026-08-25T05:00:07+00:00,yangiuylar,https://yangiuylar.uz/novostroyka/nurafshon-palace-187,187,Nurafshon Palace,Erect,Toshkent viloyati,Nurafshon shahri,2,62.9,459170000.0,,7300000.0,,estimated_total_from_sqm,live,,,True,ok
2026-08-25T05:00:07+00:00,yangiuylar,https://yangiuylar.uz/novostroyka/nurafshon-palace-187,187,Nurafshon Palace,Erect,Toshkent viloyati,Nurafshon shahri,3,75.1,548230000.0,,7300000.0,,estimated_total_from_sqm,live,,,True,ok
2026-08-25T05:00:07+00:00,yangiuylar,https://yangiuylar.uz/novostroyka/sokin-maskan-312,312,Sokin Maskan,Sokin Maskan,Toshkent viloyati,Nurafshon shahri,1,45.43,199892000.0,,4400000.0,,estimated_total_from_sqm,live,,,True,ok
2026-08-25T05:00:07+00:00,yangiuylar,https://yangiuylar.uz/novostroyka/sokin-maskan-312,312,Sokin Maskan,Sokin Maskan,Toshkent viloyati,Nurafshon shahri,2,63.41,279004000.0,,4400000.0,,estimated_total_from_sqm,live,,,True,ok
2026-08-25T05:00:07+00:00,yangiuylar,https://yangiuylar.uz/novostroyka/sokin-maskan-312,312,Sokin Maskan,Sokin Maskan,Toshkent viloyati,Nurafshon shahri,3,83.68,368192000.0,,4400000.0,,estimated_total_from_sqm,live,,,True,ok
2026-08-25T05:00:07+00:00,yangiuylar,https://yangiuylar.uz/novostroyka/yangi-hayot-202,202,Yangi Hayot,Erect,Toshkent viloyati,Nurafshon shahri,2,50.26,361872000.0,,7200000.0,,estimated_total_from_sqm,live,,,True,ok
2026-08-25T05:00:07+00:00,yangiuylar,https://yangiuylar.uz/novostroyka/yangi-hayot-202,202,Yangi Hayot,Erect,Toshkent viloyati,Nurafshon shahri,3,59.96,431712000.0,,7200000.0,,estimated_total_from_sqm,live,,,True,ok
2026-08-25T05:00:07+00:00,yangiuylar,https://yangiuylar.uz/novostroyka/yangi-nurafshon-203,203,Yangi Nurafshon,Erect,Toshkent viloyati,Nurafshon shahri,2,50.26,356846000.0,,7100000.0,,estimated_total_from_sqm,live,,,True,ok
2026-08-25T05:00:07+00:00,yangiuylar,https://yangiuylar.uz/novostroyka/yangi-nurafshon-203,203,Yangi Nurafshon,Erect,Toshkent viloyati,Nurafshon shahri,3,59.96,425716000.0,,7100000.0,,estimated_total_from_sqm,live,,,True,ok
2026-08-25T05:00:07+00:00,yangiuylar,https://yangiuylar.uz/novostroyka/do'rmon-saroyi-152,152,Do'rmon Saroyi,Kushon Building,Toshkent viloyati,Qibray tumani,1,35.7,392700000.0,,11000000.0,,estimated_total_from_sqm,live,,,True,ok
2026-08-25T05:00:07+00:00,yangiuylar,https://yangiuylar.uz/novostroyka/do'rmon-saroyi-152,152,Do'rmon Saroyi,Kushon Building,Toshkent viloyati,Qibray tumani,2,66.0,726000000.0,,11000000.0,,estimated_total_from_sqm,live,,,True,ok
2026-08-25T05:00:07+00:00,yangiuylar,https://yangiuylar.uz/novostroyka/do'rmon-saroyi-152,152,Do'rmon Saroyi,Kushon Building,Toshkent viloyati,Qibray tumani,3,84.7,931700000.0,,11000000.0,,estimated_total_from_sqm,live,,,True,ok
2026-08-25T05:00:07+00:00,yangiuylar,https://yangiuylar.uz/novostroyka/parvoz-139,139,Parvoz,East Dream Engieering,Toshkent viloyati,Qibray tumani,1,30.0,231000000.0,,7700000.0,,estimated_total_from_sqm,live,,,True,ok
2026-08-25T05:00:07+00:00,yangiuylar,https://yangiuylar.uz/novostroyka/parvoz-139,139,Parvoz,East Dream Engieering,Toshkent viloyati,Qibray tumani,2,44.0,338800000.0,,7700000.0,,estimated_total_from_sqm,live,,,True,ok
2026-08-25T05:00:07+00:00,yangiuylar,https://yangiuylar.uz/novostroyka/qibray-city-238,238,Qibray City,Qibray City,Toshkent viloyati,Qibray tumani,1,44.4,310800000.0,,7000000.0,,estimated_total_from_sqm,live,,,True,ok
2026-08-25T05:00:07+00:00,yangiuylar,https://yangiuylar.uz/novostroyka/qibray-city-238,238,Qibray City,Qibray City,Toshkent viloyati,Qibray tumani,2,53.8,376600000.0,,7000000.0,,estimated_total_from_sqm,live,,,True,ok
2026-08-25T05:00:07+00:00,yangiuylar,https://yangiuylar.uz/novostroyka/sabzavot-city-270,270,Sabzavot City,Muhtasham Qurilish,Toshkent viloyati,Qibray tumani,1,32.6,356970000.0,,10950000.0,,estimated_total_from_sqm,live,,,True,ok
2026-08-25T05:00:07+00:00,yangiuylar,https://yangiuylar.uz/novostroyka/sabzavot-city-270,270,Sabzavot City,Muhtasham Qurilish,Toshkent viloyati,Qibray tumani,2,47.71,522424500.0,,10950000.0,,estimated_total_from_sqm,live,,,True,ok
2026-08-25T05:00:07+00:00,yangiuylar,https://yangiuylar.uz/novostroyka/sabzavot-city-270,270,Sabzavot City,Muhtasham Qurilish,Toshkent viloyati,Qibray tumani,3,75.24,823878000.0,,10950000.0,,estimated_total_from_sqm,live,,,True,ok
2026-08-25T05:00:07+00:00,yangiuylar,https://yangiuylar.uz/novostroyka/baland-residence-325,325,Baland Residence,Baland Residence,Toshkent viloyati,Toshkent tumani,2,50.5,,,,,estimated_total_from_sqm,live,,,True,ok
2026-08-25T05:00:07+00:00,yangiuylar,https://yangiuylar.uz/novostroyka/baland-residence-325,325,Baland Residence,Baland Residence,Toshkent viloyati,Toshkent tumani,4,96.1,,,,,estimated_total_from_sqm,live,,,True,ok
2026-08-25T05:00:07+00:00,yangiuylar,https://yangiuylar.uz/novostroyka/gardens-167,167,Gardens,Millennium House,Toshkent viloyati,Toshkent tumani,1,38.5,369600000.0,,9600000.0,,estimated_total_from_sqm,live,,,True,ok
2026-08-25T05:00:07+00:00,yangiuylar,https://yangiuylar.uz/novostroyka/gardens-167,167,Gardens,Millennium House,Toshkent viloyati,Toshkent tumani,2,45.0,432000000.0,,9600000.0,,estimated_total_from_sqm,live,,,True,ok
2026-08-25T05:00:07+00:00,yangiuylar,https://yangiuylar.uz/novostroyka/gardens-167,167,Gardens,Millennium House,Toshkent viloyati,Toshkent tumani,3,63.9,613440000.0,,9600000.0,,estimated_total_from_sqm,live,,,True,ok
2026-08-25T05:00:07+00:00,yangiuylar,https://yangiuylar.uz/novostroyka/golden-hill-apartments-170,170,Golden Hill Apartments,Golden Hill,Toshkent viloyati,Toshkent tumani,1,38.1,230505000.0,,6050000.0,,estimated_total_from_sqm,live,,,True,ok
2026-08-25T05:00:07+00:00,yangiuylar,https://yangiuylar.uz/novostroyka/golden-hill-apartments-170,170,Golden Hill Apartments,Golden Hill,Toshkent viloyati,Toshkent tumani,2,48.1,291005000.0,,6050000.0,,estimated_total_from_sqm,live,,,True,ok
2026-08-25T05:00:07+00:00,yangiuylar,https://yangiuylar.uz/novostroyka/golden-hill-apartments-170,170,Golden Hill Apartments,Golden Hill,Toshkent viloyati,Toshkent tumani,3,78.2,473110000.0,,6050000.0,,estimated_total_from_sqm,live,,,True,ok
2026-08-25T05:00:07+00:00,yangiuylar,https://yangiuylar.uz/novostroyka/islomobod-58,58,Islomobod,Islomobod,Toshkent viloyati,Toshkent tumani,1,43.5,535050000.0,,12300000.0,,estimated_total_from_sqm,live,,,True,ok
2026-08-25T05:00:07+00:00,yangiuylar,https://yangiuylar.uz/novostroyka/islomobod-58,58,Islomobod,Islomobod,Toshkent viloyati,Toshkent tumani,2,57.0,701100000.0,,12300000.0,,estimated_total_from_sqm,live,,,True,ok
2026-08-25T05:00:07+00:00,yangiuylar,https://yangiuylar.uz/novostroyka/keles-residence-326,326,Keles Residence,Keles Residence,Toshkent viloyati,Toshkent tumani,1,35.0,350000000.0,,10000000.0,,estimated_total_from_sqm,live,,,True,ok
2026-08-25T05:00:07+00:00,yangiuylar,https://yangiuylar.uz/novostroyka/keles-residence-326,326,Keles Residence,Keles Residence,Toshkent viloyati,Toshkent tumani,2,54.8,548000000.0,,10000000.0,,estimated_total_from_sqm,live,,,True,ok
2026-08-25T05:00:07+00:00,yangiuylar,https://yangiuylar.uz/novostroyka/sokin-hayot-156,156,Sokin Hayot,Mezana Development,Toshkent viloyati,Toshkent tumani,1,31.5,220500000.0,,7000000.0,,estimated_total_from_sqm,live,,,True,ok
2026-08-25T05:00:07+00:00,yangiuylar,https://yangiuylar.uz/novostroyka/sokin-hayot-156,156,Sokin Hayot,Mezana Development,Toshkent viloyati,Toshkent tumani,2,59.5,416500000.0,,7000000.0,,estimated_total_from_sqm,live,,,True,ok
2026-08-25T05:00:07+00:00,yangiuylar,https://yangiuylar.uz/novostroyka/sokin-hayot-156,156,Sokin Hayot,Mezana Development,Toshkent viloyati,Toshkent tumani,3,85.6,599200000.0,,7000000.0,,estimated_total_from_sqm,live,,,True,ok
2026-08-25T05:00:07+00:00,yangiuylar,https://yangiuylar.uz/novostroyka/kompakt-house-245,245,Kompakt House,Kompakt House,Toshkent viloyati,Yangiyo'l shahri,1,48.87,390960000.0,,8000000.0,,estimated_total_from_sqm,live,,,True,ok
2026-08-25T05:00:07+00:00,yangiuylar,https://yangiuylar.uz/novostroyka/kompakt-house-245,245,Kompakt House,Kompakt House,Toshkent viloyati,Yangiyo'l shahri,2,51.64,413120000.0,,8000000.0,,estimated_total_from_sqm,live,,,True,ok
2026-08-25T05:00:07+00:00,yangiuylar,https://yangiuylar.uz/novostroyka/kompakt-house-245,245,Kompakt House,Kompakt House,Toshkent viloyati,Yangiyo'l shahri,3,78.29,626320000.0,,8000000.0,,estimated_total_from_sqm,live,,,True,ok
2026-08-25T05:00:07+00:00,yangiuylar,https://yangiuylar.uz/novostroyka/zangiota-city-residence-210,210,Zangiota City Residence,Zangiota City Residence,Toshkent viloyati,Yangiyo'l shahri,1,35.08,277132000.0,,7900000.0,,estimated_total_from_sqm,live,,,True,ok
2026-08-25T05:00:07+00:00,yangiuylar,https://yangiuylar.uz/novostroyka/zangiota-city-residence-210,210,Zangiota City Residence,Zangiota City Residence,Toshkent viloyati,Yangiyo'l shahri,2,60.66,479214000.0,,7900000.0,,estimated_total_from_sqm,live,,,True,ok
2026-08-25T05:00:07+00:00,yangiuylar,https://yangiuylar.uz/novostroyka/zangiota-city-residence-210,210,Zangiota City Residence,Zangiota City Residence,Toshkent viloyati,Yangiyo'l shahri,3,78.13,617227000.0,,7900000.0,,estimated_total_from_sqm,live,,,True,ok
2026-08-25T05:00:07+00:00,yangiuylar,https://yangiuylar.uz/novostroyka/vertex-tawer-141,141,Vertex Tawer,Meras buildings,Toshkent viloyati,Yangiyo'l tumani,1,40.7,447700000.0,,11000000.0,,estimated_total_from_sqm,live,,,True,ok
2026-08-25T05:00:07+00:00,yangiuylar,https://yangiuylar.uz/novostroyka/vertex-tawer-141,141,Vertex Tawer,Meras buildings,Toshkent viloyati,Yangiyo'l tumani,2,66.9,735900000.0,,11000000.0,,estimated_total_from_sqm,live,,,True,ok
2026-08-25T05:00:07+00:00,yangiuylar,https://yangiuylar.uz/novostroyka/al-qasr-76,76,Al-Qasr,Euro House,Toshkent viloyati,Zangiota tumani,2,47.47,484194000.0,,10200000.0,,estimated_total_from_sqm,live,,,True,ok
2026-08-25T05:00:07+00:00,yangiuylar,https://yangiuylar.uz/novostroyka/al-qasr-76,76,Al-Qasr,Euro House,Toshkent viloyati,Zangiota tumani,3,89.82,916164000.0,,10200000.0,,estimated_total_from_sqm,live,,,True,ok
2026-08-25T05:00:07+00:00,yangiuylar,https://yangiuylar.uz/novostroyka/alfa-premium-313,313,Alfa Premium,Alfa Premium ,Toshkent viloyati,Zangiota tumani,1,44.0,572000000.0,,13000000.0,,estimated_total_from_sqm,live,,,True,ok
2026-08-25T05:00:07+00:00,yangiuylar,https://yangiuylar.uz/novostroyka/alfa-premium-313,313,Alfa Premium,Alfa Premium ,Toshkent viloyati,Zangiota tumani,2,53.55,696150000.0,,13000000.0,,estimated_total_from_sqm,live,,,True,ok
2026-08-25T05:00:07+00:00,yangiuylar,https://yangiuylar.uz/novostroyka/alfa-premium-313,313,Alfa Premium,Alfa Premium ,Toshkent viloyati,Zangiota tumani,3,77.6,1008800000.0,,13000000.0,,estimated_total_from_sqm,live,,,True,ok
2026-08-25T05:00:07+00:00,yangiuylar,https://yangiuylar.uz/novostroyka/fandm-tower-161,161,F&M Tower,F&M Tower,Toshkent viloyati,Zangiota tumani,1,37.2,502200000.0,,13500000.0,,estimated_total_from_sqm,live,,,True,ok
2026-08-25T05:00:07+00:00,yangiuylar,https://yangiuylar.uz/novostroyka/fandm-tower-161,161,F&M Tower,F&M Tower,Toshkent viloyati,Zangiota tumani,2,59.6,804600000.0,,13500000.0,,estimated_total_from_sqm,live,,,True,ok
2026-08-25T05:00:07+00:00,yangiuylar,https://yangiuylar.uz/novostroyka/fandm-tower-161,161,F&M Tower,F&M Tower,Toshkent viloyati,Zangiota tumani,3,78.1,1054350000.0,,13500000.0,,estimated_total_from_sqm,live,,,True,ok
2026-08-25T05:00:07+00:00,yangiuylar,https://yangiuylar.uz/novostroyka/fayz-59,59,Fayz,Fayz,Toshkent viloyati,Zangiota tumani,2,64.8,628560000.0,,9700000.0,,estimated_total_from_sqm,live,,,True,ok
2026-08-25T05:00:07+00:00,yangiuylar,https://yangiuylar.uz/novostroyka/fayz-59,59,Fayz,Fayz,Toshkent viloyati,Zangiota tumani,3,62.2,603340000.0,,9700000.0,,estimated_total_from_sqm,live,,,True,ok
2026-08-25T05:00:07+00:00,yangiuylar,https://yangiuylar.uz/novostroyka/sokin-makon-1-306,306,Sokin Makon 1,Land House,Toshkent viloyati,Zangiota tumani,1,36.6,329400000.0,,9000000.0,,estimated_total_from_sqm,live,,,True,ok
2026-08-25T05:00:07+00:00,yangiuylar,https://yangiuylar.uz/novostroyka/sokin-makon-1-306,306,Sokin Makon 1,Land House,Toshkent viloyati,Zangiota tumani,2,50.0,450000000.0,,9000000.0,,estimated_total_from_sqm,live,,,True,ok
2026-08-25T05:00:07+00:00,yangiuylar,https://yangiuylar.uz/novostroyka/sokin-makon-1-306,306,Sokin Makon 1,Land House,Toshkent viloyati,Zangiota tumani,3,70.0,630000000.0,,9000000.0,,estimated_total_from_sqm,live,,,True,ok
2026-08-25T05:00:07+00:00,yangiuylar,https://yangiuylar.uz/novostroyka/sokin-makon-2-233,233,Sokin Makon 2,Land House,Toshkent viloyati,Zangiota tumani,1,38.65,332390000.0,,8600000.0,,estimated_total_from_sqm,live,,,True,ok
2026-08-25T05:00:07+00:00,yangiuylar,https://yangiuylar.uz/novostroyka/sokin-makon-2-233,233,Sokin Makon 2,Land House,Toshkent viloyati,Zangiota tumani,2,50.3,432580000.0,,8600000.0,,estimated_total_from_sqm,live,,,True,ok
2026-08-25T05:00:07+00:00,yangiuylar,https://yangiuylar.uz/novostroyka/sokin-makon-2-233,233,Sokin Makon 2,Land House,Toshkent viloyati,Zangiota tumani,3,67.6,581360000.0,,8600000.0,,estimated_total_from_sqm,live,,,True,ok
2026-08-25T05:00:07+00:00,yangiuylar,https://yangiuylar.uz/novostroyka/yangi-avlod-259,259,Yangi Avlod,Euro House,Toshkent viloyati,Zangiota tumani,1,45.3,421290000.0,,9300000.0,,estimated_total_from_sqm,live,,,True,ok
2026-08-25T05:00:07+00:00,yangiuylar,https://yangiuylar.uz/novostroyka/yangi-avlod-259,259,Yangi Avlod,Euro House,Toshkent viloyati,Zangiota tumani,2,77.0,716100000.0,,9300000.0,,estimated_total_from_sqm,live,,,True,ok
2026-08-25T05:00:07+00:00,yangiuylar,https://yangiuylar.uz/novostroyka/yangi-avlod-259,259,Yangi Avlod,Euro House,Toshkent viloyati,Zangiota tumani,3,89.5,832350000.0,,9300000.0,,estimated_total_from_sqm,live,,,True,ok
2026-08-25T05:00:07+00:00,yangiuylar,https://yangiuylar.uz/novostroyka/yangi-eshonguzar-77,77,Yangi Eshonguzar,Genus Development,Toshkent viloyati,Zangiota tumani,1,34.4,223600000.0,,6500000.0,,estimated_total_from_sqm,live,,,True,ok
2026-08-25T05:00:07+00:00,yangiuylar,https://yangiuylar.uz/novostroyka/yangi-eshonguzar-77,77,Yangi Eshonguzar,Genus Development,Toshkent viloyati,Zangiota tumani,2,59.0,383500000.0,,6500000.0,,estimated_total_from_sqm,live,,,True,ok
2026-08-25T05:00:07+00:00,yangiuylar,https://yangiuylar.uz/novostroyka/yangi-eshonguzar-77,77,Yangi Eshonguzar,Genus Development,Toshkent viloyati,Zangiota tumani,3,87.5,568750000.0,,6500000.0,,estimated_total_from_sqm,live,,,True,ok
